   0.0000000000000000      ,   58.438900000000004     
   246778943697635.72      ,   31.361005856551046     
   493557887395271.44      ,   15.766636019855010     
   740336831092907.12      ,   9.7683659634364943     
   987115774790542.88      ,   7.0789220554484764     
   1233894718488178.5      ,   5.6746756485063674     
   1480673662185814.2      ,   4.8537853916756717     
   1727452605883449.8      ,   4.3322054445113096     
   1974231549581085.8      ,   3.9790809420726592     
   2221010493278721.5      ,   3.7276918284924885     
   2467789436976357.0      ,   3.5412036579693349     
   2714568380673993.0      ,   3.3979570442885882     
   2961347324371628.5      ,   3.2845522366682913     
   3208126268069264.5      ,   3.1923480003468256     
   3454905211766899.5      ,   3.1155767761945317     
   3701684155464535.5      ,   3.0502764070761845     
   3948463099162171.5      ,   2.9936577174907075     
   4195242042859807.5      ,   2.9437158964724186     
   4442020986557443.0      ,   2.8989838684636360     
   4688799930255079.0      ,   2.8583713043943186     
   4935578873952714.0      ,   2.8210568977431731     
   5182357817650351.0      ,   2.7864146812979405     
   5429136761347986.0      ,   2.7539626314418726     
   5675915705045621.0      ,   2.7233261849177666     
   5922694648743257.0      ,   2.6942119307371399     
   6169473592440893.0      ,   2.6663883691599781     
   6416252536138529.0      ,   2.6396716589675613     
   6663031479836163.0      ,   2.6139149379912974     
   6909810423533799.0      ,   2.5890002379785915     
   7156589367231436.0      ,   2.5648323064194836     
   7403368310929071.0      ,   2.5413338459833370     
   7650147254626707.0      ,   2.5184418187234807     
   7896926198324343.0      ,   2.4961045576132119     
   8143705142021978.0      ,   2.4742794955169991     
   8390484085719615.0      ,   2.4529313700922852     
   8637263029417251.0      ,   2.4320307981810823     
   8884041973114886.0      ,   2.4115531389263682     
   9130820916812522.0      ,   2.3914775838361759     
   9377599860510158.0      ,   2.3717864261905737     
   9624378804207792.0      ,   2.3524644728565591     
   9871157747905428.0      ,   2.3334985696738770     
   10117936691603062.      ,   2.3148772177671981     
   10364715635300702.      ,   2.2965902629085848     
   10611494578998336.      ,   2.2786286437501277     
   10858273522695972.      ,   2.2609841876285133     
   11105052466393608.      ,   2.2436494449030984     
   11351831410091242.      ,   2.2266175545700926     
   11598610353788878.      ,   2.2098821353060032     
   11845389297486514.      ,   2.1934371972154567     
   12092168241184150.      ,   2.1772770704546365     
   12338947184881786.      ,   2.1613963476199980     
   12585726128579420.      ,   2.1457898373698869     
   12832505072277058.      ,   2.1304525272131607     
   13079284015974692.      ,   2.1153795537765503     
   13326062959672326.      ,   2.1005661791689811     
   13572841903369964.      ,   2.0860077723105706     
   13819620847067598.      ,   2.0716997942974595     
   14066399790765236.      ,   2.0576377870399907     
   14313178734462872.      ,   2.0438173645480067     
   14559957678160508.      ,   2.0302342063488106     
   14806736621858142.      ,   2.0168840526152541     
   15053515565555778.      ,   2.0037627006570271     
   15300294509253414.      ,   1.9908660024905589     
   15547073452951048.      ,   1.9781898632543711     
   15793852396648686.      ,   1.9657302402791701     
   16040631340346322.      ,   1.9534831426570665     
   16287410284043956.      ,   1.9414446311832900     
   16534189227741592.      ,   1.9296108185677627     
   16780968171439230.      ,   1.9179778698337173     
   17027747115136864.      ,   1.9065420028369051     
   17274526058834502.      ,   1.8952994888525003     
   17521305002532136.      ,   1.8842466531879352     
   17768083946229772.      ,   1.8733798757891182     
   18014862889927408.      ,   1.8626955918150261     
   18261641833625044.      ,   1.8521902921618663     
   18508420777322676.      ,   1.8418605239230705     
   18755199721020316.      ,   1.8317028907755002     
   19001978664717952.      ,   1.8217140532855838     
   19248757608415584.      ,   1.8118907291318067     
   19495536552113224.      ,   1.8022296932421049     
   19742315495810856.      ,   1.7927277778464266     
   19989094439508492.      ,   1.7833818724460531     
   20235873383206124.      ,   1.7741889237022890     
   20482652326903768.      ,   1.7651459352478902     
   20729431270601404.      ,   1.7562499674251870     
   20976210214299032.      ,   1.7474981369552023     
   21222989157996672.      ,   1.7388876165423686     
   21469768101694304.      ,   1.7304156344195476     
   21716547045391944.      ,   1.7220794738381051     
   21963325989089580.      ,   1.7138764725078071     
   22210104932787216.      ,   1.7058040219911703     
   22456883876484848.      ,   1.6978595670568142     
   22703662820182484.      ,   1.6900406049961900     
   22950441763880124.      ,   1.6823446849078783     
   23197220707577756.      ,   1.6747694069534613     
   23443999651275396.      ,   1.6673124215887312     
   23690778594973028.      ,   1.6599714287738323     
   23937557538670660.      ,   1.6527441771656592     
   24184336482368300.      ,   1.6456284632956582     
   24431115426065936.      ,   1.6386221307359261     
   24677894369763572.      ,   1.6317230692563258     
   24924673313461208.      ,   1.6249292139750917     
   25171452257158840.      ,   1.6182385445052474     
   25418231200856472.      ,   1.6116490840989168     
   25665010144554116.      ,   1.6051588987914771     
   25911789088251748.      ,   1.5987660965472976     
   26158568031949384.      ,   1.5924688264086608     
   26405346975647024.      ,   1.5862652776493054     
   26652125919344652.      ,   1.5801536789338941     
   26898904863042292.      ,   1.5741322974845573     
   27145683806739928.      ,   1.5681994382555693     
   27392462750437564.      ,   1.5623534431170525     
   27639241694135196.      ,   1.5565926900485489     
   27886020637832840.      ,   1.5509155923431543     
   28132799581530472.      ,   1.5453205978228377     
   28379578525228104.      ,   1.5398061880654808     
   28626357468925744.      ,   1.5343708776440970     
   28873136412623376.      ,   1.5290132133786045     
   29119915356321016.      ,   1.5237317736004723     
   29366694300018652.      ,   1.5185251674304994     
   29613473243716284.      ,   1.5133920340699167     
   29860252187413920.      ,   1.5083310421049765     
   30107031131111556.      ,   1.5033408888251174     
   30353810074809196.      ,   1.4984202995547764     
   30600589018506828.      ,   1.4935680269988769     
   30847367962204468.      ,   1.4887828506019689     
   31094146905902096.      ,   1.4840635759210001     
   31340925849599732.      ,   1.4794090340116401     
   31587704793297372.      ,   1.4748180808280731     
   31834483736995008.      ,   1.4702895966361424     
   32081262680692644.      ,   1.4658224854397242     
   32328041624390276.      ,   1.4614156744201725     
   32574820568087912.      ,   1.4570681133886862     
   32821599511785544.      ,   1.4527787742514062     
   33068378455483184.      ,   1.4485466504870785     
   33315157399180820.      ,   1.4443707566370656     
   33561936342878460.      ,   1.4402501278075250     
   33808715286576096.      ,   1.4361838191835268     
   34055494230273728.      ,   1.4321709055549066     
   34302273173971364.      ,   1.4282104808536307     
   34549052117669004.      ,   1.4243016577024534     
   34795831061366640.      ,   1.4204435669746367     
   35042610005064272.      ,   1.4166353573645130     
   35289388948761908.      ,   1.4128761949686555     
   35536167892459544.      ,   1.4091652628774358     
   35782946836157176.      ,   1.4055017607767386     
   36029725779854816.      ,   1.4018849045596042     
   36276504723552456.      ,   1.3983139259475794     
   36523283667250088.      ,   1.3947880721215493     
   36770062610947720.      ,   1.3913066053618299     
   37016841554645352.      ,   1.3878688026973034     
   37263620498342992.      ,   1.3844739555633807     
   37510399442040632.      ,   1.3811213694685729     
   37757178385738264.      ,   1.3778103636694705     
   38003957329435904.      ,   1.3745402708539147     
   38250736273133536.      ,   1.3713104368321620     
   38497515216831168.      ,   1.3681202202358425     
   38744294160528800.      ,   1.3649689922245125     
   38991073104226448.      ,   1.3618561361996153     
   39237852047924080.      ,   1.3587810475256530     
   39484630991621712.      ,   1.3557431332583867     
   39731409935319344.      ,   1.3527418118798991     
   39978188879016984.      ,   1.3497765130403117     
   40224967822714624.      ,   1.3468466773060193     
   40471746766412248.      ,   1.3439517559142387     
   40718525710109896.      ,   1.3410912105337371     
   40965304653807536.      ,   1.3382645130315540     
   41212083597505160.      ,   1.3354711452455728     
   41458862541202808.      ,   1.3327105987627859     
   41705641484900432.      ,   1.3299823747031001     
   41952420428598064.      ,   1.3272859835085375     
   42199199372295704.      ,   1.3246209447376900     
   42445978315993344.      ,   1.3219867868652879     
   42692757259690976.      ,   1.3193830470867476     
   42939536203388608.      ,   1.3168092711275625     
   43186315147086256.      ,   1.3142650130574143     
   43433094090783888.      ,   1.3117498351088759     
   43679873034481520.      ,   1.3092633075005813     
   43926651978179160.      ,   1.3068050082647527     
   44173430921876792.      ,   1.3043745230789552     
   44420209865574432.      ,   1.3019714451019841     
   44666988809272064.      ,   1.2995953748137536     
   44913767752969696.      ,   1.2972459198591035     
   45160546696667336.      ,   1.2949226948954016     
   45407325640364968.      ,   1.2926253214438526     
   45654104584062600.      ,   1.2903534277444033     
   45900883527760248.      ,   1.2881066486141668     
   46147662471457880.      ,   1.2858846253092526     
   46394441415155512.      ,   1.2836870053899267     
   46641220358853152.      ,   1.2815134425890049     
   46887999302550792.      ,   1.2793635966834023     
   47134778246248424.      ,   1.2772371333687482     
   47381557189946056.      ,   1.2751337241369867     
   47628336133643696.      ,   1.2730530461568907     
   47875115077341320.      ,   1.2709947821574057     
   48121894021038960.      ,   1.2689586203137511     
   48368672964736600.      ,   1.2669442541362104     
   48615451908434232.      ,   1.2649513823615328     
   48862230852131872.      ,   1.2629797088468866     
   49109009795829504.      ,   1.2610289424662904     
   49355788739527144.      ,   1.2590987970094640     
   49602567683224784.      ,   1.2571889910830265     
   49849346626922416.      ,   1.2552992480139964     
   50096125570620048.      ,   1.2534292957555153     
   50342904514317680.      ,   1.2515788667947536     
   50589683458015320.      ,   1.2497476980629354     
   50836462401712944.      ,   1.2479355308474225     
   51083241345410592.      ,   1.2461421107058184     
   51330020289108232.      ,   1.2443671873820250     
   51576799232805856.      ,   1.2426105147242168     
   51823578176503496.      ,   1.2408718506046688     
   52070357120201144.      ,   1.2391509568414041     
   52317136063898768.      ,   1.2374475991216087     
   52563915007596408.      ,   1.2357615469267662     
   52810693951294048.      ,   1.2340925734594745     
   53057472894991680.      ,   1.2324404555718991     
   53304251838689304.      ,   1.2308049736958224     
   53551030782386944.      ,   1.2291859117742481     
   53797809726084584.      ,   1.2275830571945219     
   54044588669782216.      ,   1.2259962007229339     
   54291367613479856.      ,   1.2244251364407568     
   54538146557177496.      ,   1.2228696616816983     
   54784925500875128.      ,   1.2213295769707166     
   55031704444572768.      ,   1.2198046859641778     
   55278483388270392.      ,   1.2182947953913157     
   55525262331968040.      ,   1.2167997149969638     
   55772041275665680.      ,   1.2153192574855287     
   56018820219363296.      ,   1.2138532384661709     
   56265599163060944.      ,   1.2124014763991682     
   56512378106758576.      ,   1.2109637925434329     
   56759157050456208.      ,   1.2095400109051484     
   57005935994153848.      ,   1.2081299581875027     
   57252714937851488.      ,   1.2067334637414957     
   57499493881549120.      ,   1.2053503595177881     
   57746272825246752.      ,   1.2039804800195653     
   57993051768944392.      ,   1.2026236622564024     
   58239830712642032.      ,   1.2012797456990962     
   58486609656339664.      ,   1.1999485722354433     
   58733388600037304.      ,   1.1986299861269436     
   58980167543734928.      ,   1.1973238339664096     
   59226946487432568.      ,   1.1960299646364545     
   59473725431130208.      ,   1.1947482292688356     
   59720504374827840.      ,   1.1934784812046493     
   59967283318525480.      ,   1.1922205759553364     
   60214062262223112.      ,   1.1909743711644916     
   60460841205920744.      ,   1.1897397265704579     
   60707620149618392.      ,   1.1885165039696806     
   60954399093316024.      ,   1.1873045671808129     
   61201178037013656.      ,   1.1861037820095424     
   61447956980711296.      ,   1.1849140162141378     
   61694735924408936.      ,   1.1837351394716900     
   61941514868106552.      ,   1.1825670233450241     
   62188293811804192.      ,   1.1814095412502870     
   62435072755501840.      ,   1.1802625684251793     
   62681851699199464.      ,   1.1791259818978164     
   62928630642897104.      ,   1.1779996604562153     
   63175409586594744.      ,   1.1768834846183855     
   63422188530292376.      ,   1.1757773366030086     
   63668967473990016.      ,   1.1746811003006996     
   63915746417687648.      ,   1.1735946612458321     
   64162525361385288.      ,   1.1725179065889160     
   64409304305082928.      ,   1.1714507250695148     
   64656083248780552.      ,   1.1703930069896915     
   64902862192478192.      ,   1.1693446441879725     
   65149641136175824.      ,   1.1683055300138152     
   65396420079873464.      ,   1.1672755593025639     
   65643199023571088.      ,   1.1662546283509017     
   65889977967268736.      ,   1.1652426348927583     
   66136756910966368.      ,   1.1642394780756931     
   66383535854664000.      ,   1.1632450584377201     
   66630314798361640.      ,   1.1622592778845837     
   66877093742059288.      ,   1.1612820396674541     
   67123872685756920.      ,   1.1603132483610610     
   67370651629454552.      ,   1.1593528098422279     
   67617430573152192.      ,   1.1584006312688153     
   67864209516849808.      ,   1.1574566210590629     
   68110988460547456.      ,   1.1565206888713153     
   68357767404245088.      ,   1.1555927455841268     
   68604546347942728.      ,   1.1546727032767403     
   68851325291640360.      ,   1.1537604752099249     
   69098104235338008.      ,   1.1528559758071717     
   69344883179035632.      ,   1.1519591206362387     
   69591662122733280.      ,   1.1510698263910299     
   69838441066430912.      ,   1.1501880108738152     
   70085220010128544.      ,   1.1493135929777714     
   70331998953826184.      ,   1.1484464926698448     
   70578777897523816.      ,   1.1475866309739249     
   70825556841221448.      ,   1.1467339299543258     
   71072335784919088.      ,   1.1458883126995678     
   71319114728616720.      ,   1.1450497033064480     
   71565893672314352.      ,   1.1442180268644060     
   71812672616011984.      ,   1.1433932094401635     
   72059451559709632.      ,   1.1425751780626450     
   72306230503407264.      ,   1.1417638607081659     
   72553009447104912.      ,   1.1409591862858854     
   72799788390802544.      ,   1.1401610846235206     
   73046567334500176.      ,   1.1393694864533108     
   73293346278197808.      ,   1.1385843233982325     
   73540125221895440.      ,   1.1378055279584596     
   73786904165593072.      ,   1.1370330334980601     
   74033683109290704.      ,   1.1362667742319272     
   74280462052988352.      ,   1.1355066852129385     
   74527240996685984.      ,   1.1347527023193431     
   74774019940383616.      ,   1.1340047622423657     
   75020798884081264.      ,   1.1332628024740277     
   75267577827778880.      ,   1.1325267612951782     
   75514356771476528.      ,   1.1317965777637371     
   75761135715174160.      ,   1.1310721917031337     
   76007914658871808.      ,   1.1303535436909511     
   76254693602569440.      ,   1.1296405750477603     
   76501472546267072.      ,   1.1289332278261548     
   76748251489964704.      ,   1.1282314447999577     
   76995030433662336.      ,   1.1275351694536300     
   77241809377359968.      ,   1.1268443459718451     
   77488588321057600.      ,   1.1261589192292494     
   77735367264755264.      ,   1.1254788347803910     
   77982146208452896.      ,   1.1248040388498215     
   78228925152150528.      ,   1.1241344783223632     
   78475704095848160.      ,   1.1234701007335386     
   78722483039545792.      ,   1.1228108542601654     
   78969261983243424.      ,   1.1221566877111027     
   79216040926941056.      ,   1.1215075505181549     
   79462819870638688.      ,   1.1208633927271257     
   79709598814336336.      ,   1.1202241649890237     
   79956377758033968.      ,   1.1195898185514090     
   80203156701731600.      ,   1.1189603052498864     
   80449935645429248.      ,   1.1183355774997368     
   80696714589126880.      ,   1.1177155882876884     
   80943493532824496.      ,   1.1171002911638210     
   81190272476522144.      ,   1.1164896402336035     
   81437051420219792.      ,   1.1158835901500612     
   81683830363917424.      ,   1.1152820961060717     
   81930609307615072.      ,   1.1146851138267850     
   82177388251312688.      ,   1.1140925995621669     
   82424167195010320.      ,   1.1135045100796652     
   82670946138707952.      ,   1.1129208026569868     
   82917725082405616.      ,   1.1123414350750027     
   83164504026103248.      ,   1.1117663656107584     
   83411282969800864.      ,   1.1111955530305977     
   83658061913498512.      ,   1.1106289565833989     
   83904840857196128.      ,   1.1100665359939195     
   84151619800893776.      ,   1.1095082514562420     
   84398398744591408.      ,   1.1089540636273290     
   84645177688289056.      ,   1.1084039336206779     
   84891956631986688.      ,   1.1078578230000768     
   85138735575684336.      ,   1.1073156937734592     
   85385514519381952.      ,   1.1067775083868547     
   85632293463079600.      ,   1.1062432297184341     
   85879072406777216.      ,   1.1057128210726508     
   86125851350474864.      ,   1.1051862461744713     
   86372630294172512.      ,   1.1046634691636943     
   86619409237870144.      ,   1.1041444545893651     
   86866188181567776.      ,   1.1036291674042671     
   87112967125265392.      ,   1.1031175729595071     
   87359746068963040.      ,   1.1026096369991789     
   87606525012660672.      ,   1.1021053256551141     
   87853303956358320.      ,   1.1016046054417090     
   88100082900055952.      ,   1.1011074432508319     
   88346861843753584.      ,   1.1006138063468152     
   88593640787451216.      ,   1.1001236623615118     
   88840419731148864.      ,   1.0996369792894412     
   89087198674846496.      ,   1.0991537254829955     
   89333977618544128.      ,   1.0986738696477303     
   89580756562241760.      ,   1.0981973808377201     
   89827535505939392.      ,   1.0977242284509856     
   90074314449637040.      ,   1.0972543822249923     
   90321093393334672.      ,   1.0967878122322132     
   90567872337032320.      ,   1.0963244888757619     
   90814651280729936.      ,   1.0958643828850880     
   91061430224427584.      ,   1.0954074653117418     
   91308209168125200.      ,   1.0949537075251954     
   91554988111822848.      ,   1.0945030812087331     
   91801767055520496.      ,   1.0940555583553999     
   92048545999218112.      ,   1.0936111112640079     
   92295324942915760.      ,   1.0931697125352087     
   92542103886613392.      ,   1.0927313350676136     
   92788882830311024.      ,   1.0922959520539852     
   93035661774008640.      ,   1.0918635369774694     
   93282440717706304.      ,   1.0914340636078970     
   93529219661403936.      ,   1.0910075059981281     
   93775998605101584.      ,   1.0905838384804589     
   94022777548799216.      ,   1.0901630356630776     
   94269556492496848.      ,   1.0897450724265685     
   94516335436194464.      ,   1.0893299239204737     
   94763114379892112.      ,   1.0889175655599006     
   95009893323589744.      ,   1.0885079730221783     
   95256672267287392.      ,   1.0881011222435670     
   95503451210985040.      ,   1.0876969894160082     
   95750230154682640.      ,   1.0872955509839268     
   95997009098380288.      ,   1.0868967836410779     
   96243788042077920.      ,   1.0865006643274389     
   96490566985775568.      ,   1.0861071702261453     
   96737345929473200.      ,   1.0857162787604715     
   96984124873170864.      ,   1.0853279675908545     
   97230903816868464.      ,   1.0849422146119596     
   97477682760566112.      ,   1.0845589979497889     
   97724461704263744.      ,   1.0841782959588286     
   97971240647961376.      ,   1.0838000872192410     
   98218019591659008.      ,   1.0834243505340884     
   98464798535356640.      ,   1.0830510649266090     
   98711577479054288.      ,   1.0826802096375159     
   98958356422751920.      ,   1.0823117641223470     
   99205135366449568.      ,   1.0819457080488444     
   99451914310147184.      ,   1.0815820212943734     
   99698693253844832.      ,   1.0812206839433769     
   99945472197542464.      ,   1.0808616762848680     
   1.0019225114124010E+017 ,   1.0805049788099510     
   1.0043903008493774E+017 ,   1.0801505722093854     
   1.0068580902863536E+017 ,   1.0797984373711760     
   1.0093258797233301E+017 ,   1.0794485553782021     
   1.0117936691603064E+017 ,   1.0791009075058764     
   1.0142614585972829E+017 ,   1.0787554752198369     
   1.0167292480342589E+017 ,   1.0784122401736718     
   1.0191970374712354E+017 ,   1.0780711842066726     
   1.0216648269082118E+017 ,   1.0777322893416219     
   1.0241326163451883E+017 ,   1.0773955377826099     
   1.0266004057821646E+017 ,   1.0770609119128798     
   1.0290681952191411E+017 ,   1.0767283942927031     
   1.0315359846561171E+017 ,   1.0763979676572848     
   1.0340037740930934E+017 ,   1.0760696149146973     
   1.0364715635300699E+017 ,   1.0757433191438406     
   1.0389393529670464E+017 ,   1.0754190635924312     
   1.0414071424040229E+017 ,   1.0750968316750191     
   1.0438749318409990E+017 ,   1.0747766069710285     
   1.0463427212779754E+017 ,   1.0744583732228317     
   1.0488105107149517E+017 ,   1.0741421143338370     
   1.0512783001519282E+017 ,   1.0738278143666178     
   1.0537460895889045E+017 ,   1.0735154575410519     
   1.0562138790258810E+017 ,   1.0732050282324974     
   1.0586816684628573E+017 ,   1.0728965109699840     
   1.0611494578998336E+017 ,   1.0725898904344360     
   1.0636172473368099E+017 ,   1.0722851514569116     
   1.0660850367737861E+017 ,   1.0719822790168736     
   1.0685528262107626E+017 ,   1.0716812582404767     
   1.0710206156477389E+017 ,   1.0713820743988784     
   1.0734884050847155E+017 ,   1.0710847129065764     
   1.0759561945216917E+017 ,   1.0707891593197620     
   1.0784239839586682E+017 ,   1.0704953993347022     
   1.0808917733956443E+017 ,   1.0702034187861336     
   1.0833595628326208E+017 ,   1.0699132036456889     
   1.0858273522695971E+017 ,   1.0696247400203354     
   1.0882951417065736E+017 ,   1.0693380141508331     
   1.0907629311435499E+017 ,   1.0690530124102244     
   1.0932307205805261E+017 ,   1.0687697213023275     
   1.0956985100175026E+017 ,   1.0684881274602636     
   1.0981662994544789E+017 ,   1.0682082176449916     
   1.1006340888914554E+017 ,   1.0679299787438734     
   1.1031018783284317E+017 ,   1.0676533977692466     
   1.1055696677654078E+017 ,   1.0673784618570228     
   1.1080374572023843E+017 ,   1.0671051582653028     
   1.1105052466393608E+017 ,   1.0668334743730077     
   1.1129730360763371E+017 ,   1.0665633976785276     
   1.1154408255133136E+017 ,   1.0662949157983919     
   1.1179086149502898E+017 ,   1.0660280164659497     
   1.1203764043872659E+017 ,   1.0657626875300756     
   1.1228441938242424E+017 ,   1.0654989169538824     
   1.1253119832612189E+017 ,   1.0652366928134580     
   1.1277797726981954E+017 ,   1.0649760032966169     
   1.1302475621351715E+017 ,   1.0647168367016608     
   1.1327153515721480E+017 ,   1.0644591814361672     
   1.1351831410091242E+017 ,   1.0642030260157822     
   1.1376509304461006E+017 ,   1.0639483590630330     
   1.1401187198830770E+017 ,   1.0636951693061572     
   1.1425865093200534E+017 ,   1.0634434455779456     
   1.1450542987570298E+017 ,   1.0631931768145941     
   1.1475220881940062E+017 ,   1.0629443520545798     
   1.1499898776309824E+017 ,   1.0626969604375462     
   1.1524576670679586E+017 ,   1.0624509912031970     
   1.1549254565049350E+017 ,   1.0622064336902173     
   1.1573932459419114E+017 ,   1.0619632773351924     
   1.1598610353788878E+017 ,   1.0617215116715524     
   1.1623288248158643E+017 ,   1.0614811263285249     
   1.1647966142528406E+017 ,   1.0612421110300998     
   1.1672644036898168E+017 ,   1.0610044555940077     
   1.1697321931267933E+017 ,   1.0607681499307144     
   1.1721999825637696E+017 ,   1.0605331840424226     
   1.1746677720007461E+017 ,   1.0602995480220894     
   1.1771355614377224E+017 ,   1.0600672320524536     
   1.1796033508746986E+017 ,   1.0598362264050774     
   1.1820711403116750E+017 ,   1.0596065214393982     
   1.1845389297486514E+017 ,   1.0593781076017923     
   1.1870067191856278E+017 ,   1.0591509754246515     
   1.1894745086226042E+017 ,   1.0589251155254669     
   1.1919422980595805E+017 ,   1.0587005186059297     
   1.1944100874965568E+017 ,   1.0584771754510380     
   1.1968778769335333E+017 ,   1.0582550769282171     
   1.1993456663705096E+017 ,   1.0580342139864518     
   1.2018134558074861E+017 ,   1.0578145776554224     
   1.2042812452444622E+017 ,   1.0575961590446610     
   1.2067490346814386E+017 ,   1.0573789493427093     
   1.2092168241184149E+017 ,   1.0571629398162952     
   1.2116846135553914E+017 ,   1.0569481218095058     
   1.2141524029923678E+017 ,   1.0567344867429893     
   1.2166201924293440E+017 ,   1.0565220261131489     
   1.2190879818663205E+017 ,   1.0563107314913558     
   1.2215557713032968E+017 ,   1.0561005945231692     
   1.2240235607402731E+017 ,   1.0558916069275670     
   1.2264913501772493E+017 ,   1.0556837604961831     
   1.2289591396142259E+017 ,   1.0554770470925561     
   1.2314269290512022E+017 ,   1.0552714586513854     
   1.2338947184881787E+017 ,   1.0550669871777973     
   1.2363625079251550E+017 ,   1.0548636247466192     
   1.2388302973621310E+017 ,   1.0546613635016624     
   1.2412980867991075E+017 ,   1.0544601956550137     
   1.2437658762360838E+017 ,   1.0542601134863354     
   1.2462336656730603E+017 ,   1.0540611093421721     
   1.2487014551100368E+017 ,   1.0538631756352692     
   1.2511692445470133E+017 ,   1.0536663048438950     
   1.2536370339839893E+017 ,   1.0534704895111724     
   1.2561048234209658E+017 ,   1.0532757222444222     
   1.2585726128579421E+017 ,   1.0530819957145074     
   1.2610404022949186E+017 ,   1.0528893026551891     
   1.2635081917318949E+017 ,   1.0526976358624911     
   1.2659759811688712E+017 ,   1.0525069881940696     
   1.2684437706058475E+017 ,   1.0523173525685885     
   1.2709115600428238E+017 ,   1.0521287219651065     
   1.2733793494798003E+017 ,   1.0519410894224697     
   1.2758471389167766E+017 ,   1.0517544480387075     
   1.2783149283537530E+017 ,   1.0515687909704416     
   1.2807827177907293E+017 ,   1.0513841114322977     
   1.2832505072277058E+017 ,   1.0512004026963238     
   1.2857182966646821E+017 ,   1.0510176580914190     
   1.2881860861016586E+017 ,   1.0508358710027637     
   1.2906538755386347E+017 ,   1.0506550348712611     
   1.2931216649756110E+017 ,   1.0504751431929815     
   1.2955894544125875E+017 ,   1.0502961895186154     
   1.2980572438495638E+017 ,   1.0501181674529307     
   1.3005250332865403E+017 ,   1.0499410706542380     
   1.3029928227235165E+017 ,   1.0497648928338610     
   1.3054606121604930E+017 ,   1.0495896277556147     
   1.3079284015974693E+017 ,   1.0494152692352852     
   1.3103961910344458E+017 ,   1.0492418111401196     
   1.3128639804714218E+017 ,   1.0490692473883210     
   1.3153317699083982E+017 ,   1.0488975719485467     
   1.3177995593453747E+017 ,   1.0487267788394163     
   1.3202673487823514E+017 ,   1.0485568621290193     
   1.3227351382193274E+017 ,   1.0483878159344360     
   1.3252029276563037E+017 ,   1.0482196344212558     
   1.3276707170932800E+017 ,   1.0480523118031073     
   1.3301385065302563E+017 ,   1.0478858423411899     
   1.3326062959672328E+017 ,   1.0477202203438132     
   1.3350740854042091E+017 ,   1.0475554401659359     
   1.3375418748411858E+017 ,   1.0473914962087210     
   1.3400096642781621E+017 ,   1.0472283829190825     
   1.3424774537151384E+017 ,   1.0470660947892485     
   1.3449452431521144E+017 ,   1.0469046263563206     
   1.3474130325890910E+017 ,   1.0467439722018441     
   1.3498808220260674E+017 ,   1.0465841269513807     
   1.3523486114630438E+017 ,   1.0464250852740866     
   1.3548164009000202E+017 ,   1.0462668418822918     
   1.3572841903369962E+017 ,   1.0461093915310897     
   1.3597519797739728E+017 ,   1.0459527290179280     
   1.3622197692109491E+017 ,   1.0457968491822032     
   1.3646875586479254E+017 ,   1.0456417469048631     
   1.3671553480849018E+017 ,   1.0454874171080089     
   1.3696231375218784E+017 ,   1.0453338547545070     
   1.3720909269588546E+017 ,   1.0451810548475986     
   1.3745587163958309E+017 ,   1.0450290124305210     
   1.3770265058328072E+017 ,   1.0448777225861272     
   1.3794942952697835E+017 ,   1.0447271804365119     
   1.3819620847067602E+017 ,   1.0445773811426409     
   1.3844298741437362E+017 ,   1.0444283199039865     
   1.3868976635807126E+017 ,   1.0442799919581640     
   1.3893654530176890E+017 ,   1.0441323925805739     
   1.3918332424546656E+017 ,   1.0439855170840480     
   1.3943010318916416E+017 ,   1.0438393608184964     
   1.3967688213286182E+017 ,   1.0436939191705648     
   1.3992366107655946E+017 ,   1.0435491875632890     
   1.4017044002025709E+017 ,   1.0434051614557536     
   1.4041721896395474E+017 ,   1.0432618363427610     
   1.4066399790765237E+017 ,   1.0431192077544966     
   1.4091077685135000E+017 ,   1.0429772712561993     
   1.4115755579504763E+017 ,   1.0428360224478377     
   1.4140433473874526E+017 ,   1.0426954569637896     
   1.4165111368244290E+017 ,   1.0425555704725218     
   1.4189789262614053E+017 ,   1.0424163586762758     
   1.4214467156983818E+017 ,   1.0422778173107581     
   1.4239145051353581E+017 ,   1.0421399421448299     
   1.4263822945723344E+017 ,   1.0420027289802025     
   1.4288500840093110E+017 ,   1.0418661736511381     
   1.4313178734462870E+017 ,   1.0417302720241488     
   1.4337856628832634E+017 ,   1.0415950199977004     
   1.4362534523202397E+017 ,   1.0414604135019250     
   1.4387212417572162E+017 ,   1.0413264484983265     
   1.4411890311941926E+017 ,   1.0411931209794980     
   1.4436568206311686E+017 ,   1.0410604269688368     
   1.4461246100681453E+017 ,   1.0409283625202672     
   1.4485923995051216E+017 ,   1.0407969237179577     
   1.4510601889420982E+017 ,   1.0406661066760534     
   1.4535279783790746E+017 ,   1.0405359075384013     
   1.4559957678160509E+017 ,   1.0404063224782802     
   1.4584635572530272E+017 ,   1.0402773476981386     
   1.4609313466900035E+017 ,   1.0401489794293286     
   1.4633991361269798E+017 ,   1.0400212139318472     
   1.4658669255639562E+017 ,   1.0398940474940794     
   1.4683347150009325E+017 ,   1.0397674764325400     
   1.4708025044379088E+017 ,   1.0396414970916261     
   1.4732702938748851E+017 ,   1.0395161058433640     
   1.4757380833118614E+017 ,   1.0393912990871617     
   1.4782058727488378E+017 ,   1.0392670732495679     
   1.4806736621858141E+017 ,   1.0391434247840263     
   1.4831414516227907E+017 ,   1.0390203501706379     
   1.4856092410597670E+017 ,   1.0388978459159242     
   1.4880770304967437E+017 ,   1.0387759085525912     
   1.4905448199337197E+017 ,   1.0386545346392981     
   1.4930126093706963E+017 ,   1.0385337207604270     
   1.4954803988076723E+017 ,   1.0384134635258560     
   1.4979481882446486E+017 ,   1.0382937595707318     
   1.5004159776816253E+017 ,   1.0381746055552505     
   1.5028837671186016E+017 ,   1.0380559981644348     
   1.5053515565555776E+017 ,   1.0379379341079145     
   1.5078193459925539E+017 ,   1.0378204101197115     
   1.5102871354295306E+017 ,   1.0377034229580275     
   1.5127549248665069E+017 ,   1.0375869694050275     
   1.5152227143034832E+017 ,   1.0374710462666357     
   1.5176905037404598E+017 ,   1.0373556503723240     
   1.5201582931774362E+017 ,   1.0372407785749074     
   1.5226260826144125E+017 ,   1.0371264277503409     
   1.5250938720513888E+017 ,   1.0370125947975193     
   1.5275616614883651E+017 ,   1.0368992766380747     
   1.5300294509253414E+017 ,   1.0367864702161809     
   1.5324972403623178E+017 ,   1.0366741724983599     
   1.5349650297992941E+017 ,   1.0365623804732849     
   1.5374328192362704E+017 ,   1.0364510911515903     
   1.5399006086732467E+017 ,   1.0363403015656838     
   1.5423683981102234E+017 ,   1.0362300087695555     
   1.5448361875471994E+017 ,   1.0361202098385938     
   1.5473039769841757E+017 ,   1.0360109018694028     
   1.5497717664211520E+017 ,   1.0359020819796145     
   1.5522395558581286E+017 ,   1.0357937473077170     
   1.5547073452951053E+017 ,   1.0356858950128680     
   1.5571751347320813E+017 ,   1.0355785222747227     
   1.5596429241690579E+017 ,   1.0354716262932566     
   1.5621107136060342E+017 ,   1.0353652042885932     
   1.5645785030430106E+017 ,   1.0352592535008300     
   1.5670462924799866E+017 ,   1.0351537711898726     
   1.5695140819169632E+017 ,   1.0350487546352620     
   1.5719818713539392E+017 ,   1.0349442011360133     
   1.5744496607909158E+017 ,   1.0348401080104428     
   1.5769174502278922E+017 ,   1.0347364725960126     
   1.5793852396648685E+017 ,   1.0346332922491630     
   1.5818530291018448E+017 ,   1.0345305643451561     
   1.5843208185388211E+017 ,   1.0344282862779142     
   1.5867886079757978E+017 ,   1.0343264554598657     
   1.5892563974127738E+017 ,   1.0342250693217852     
   1.5917241868497507E+017 ,   1.0341241253126436     
   1.5941919762867267E+017 ,   1.0340236208994535     
   1.5966597657237030E+017 ,   1.0339235535671185     
   1.5991275551606794E+017 ,   1.0338239208182816     
   1.6015953445976557E+017 ,   1.0337247201731805     
   1.6040631340346320E+017 ,   1.0336259491694983     
   1.6065309234716086E+017 ,   1.0335276053622182     
   1.6089987129085850E+017 ,   1.0334296863234804     
   1.6114665023455613E+017 ,   1.0333321896424388     
   1.6139342917825376E+017 ,   1.0332351129251196     
   1.6164020812195136E+017 ,   1.0331384537942825     
   1.6188698706564899E+017 ,   1.0330422098892811     
   1.6213376600934666E+017 ,   1.0329463788659259     
   1.6238054495304429E+017 ,   1.0328509583963483     
   1.6262732389674195E+017 ,   1.0327559461688651     
   1.6287410284043958E+017 ,   1.0326613398878470     
   1.6312088178413722E+017 ,   1.0325671372735867     
   1.6336766072783485E+017 ,   1.0324733360621645     
   1.6361443967153248E+017 ,   1.0323799340053224     
   1.6386121861523014E+017 ,   1.0322869288703334     
   1.6410799755892771E+017 ,   1.0321943184398772     
   1.6435477650262538E+017 ,   1.0321021005119104     
   1.6460155544632301E+017 ,   1.0320102728995455     
   1.6484833439002064E+017 ,   1.0319188334309233     
   1.6509511333371827E+017 ,   1.0318277799490942     
   1.6534189227741590E+017 ,   1.0317371103118953     
   1.6558867122111357E+017 ,   1.0316468223918298     
   1.6583545016481123E+017 ,   1.0315569140759484     
   1.6608222910850883E+017 ,   1.0314673832657322     
   1.6632900805220650E+017 ,   1.0313782278769730     
   1.6657578699590410E+017 ,   1.0312894458396635     
   1.6682256593960173E+017 ,   1.0312010350978753     
   1.6706934488329936E+017 ,   1.0311129936096504     
   1.6731612382699702E+017 ,   1.0310253193468875     
   1.6756290277069466E+017 ,   1.0309380102952295     
   1.6780968171439226E+017 ,   1.0308510644539541     
   1.6805646065808992E+017 ,   1.0307644798358648     
   1.6830323960178755E+017 ,   1.0306782544671800     
   1.6855001854548522E+017 ,   1.0305923863874289     
   1.6879679748918282E+017 ,   1.0305068736493426     
   1.6904357643288045E+017 ,   1.0304217143187513     
   1.6929035537657811E+017 ,   1.0303369064744754     
   1.6953713432027571E+017 ,   1.0302524482082271     
   1.6978391326397338E+017 ,   1.0301683376245054     
   1.7003069220767101E+017 ,   1.0300845728404937     
   1.7027747115136867E+017 ,   1.0300011519859607     
   1.7052425009506627E+017 ,   1.0299180732031592     
   1.7077102903876390E+017 ,   1.0298353346467293     
   1.7101780798246157E+017 ,   1.0297529344835983     
   1.7126458692615920E+017 ,   1.0296708708928854     
   1.7151136586985680E+017 ,   1.0295891420658043     
   1.7175814481355443E+017 ,   1.0295077462055688     
   1.7200492375725206E+017 ,   1.0294266815272974     
   1.7225170270094973E+017 ,   1.0293459462579209     
   1.7249848164464736E+017 ,   1.0292655386360887     
   1.7274526058834502E+017 ,   1.0291854569120771     
   1.7299203953204266E+017 ,   1.0291056993476997     
   1.7323881847574029E+017 ,   1.0290262642162149     
   1.7348559741943792E+017 ,   1.0289471498022382     
   1.7373237636313555E+017 ,   1.0288683544016524     
   1.7397915530683322E+017 ,   1.0287898763215211     
   1.7422593425053078E+017 ,   1.0287117138799999     
   1.7447271319422845E+017 ,   1.0286338654062530     
   1.7471949213792608E+017 ,   1.0285563292403648     
   1.7496627108162371E+017 ,   1.0284791037332568     
   1.7521305002532134E+017 ,   1.0284021872466029     
   1.7545982896901898E+017 ,   1.0283255781527474     
   1.7570660791271664E+017 ,   1.0282492748346206     
   1.7595338685641424E+017 ,   1.0281732756856596     
   1.7620016580011190E+017 ,   1.0280975791097260     
   1.7644694474380954E+017 ,   1.0280221835210237     
   1.7669372368750717E+017 ,   1.0279470873440246     
   1.7694050263120480E+017 ,   1.0278722890133829     
   1.7718728157490243E+017 ,   1.0277977869738635     
   1.7743406051860010E+017 ,   1.0277235796802602     
   1.7768083946229773E+017 ,   1.0276496655973202     
   1.7792761840599533E+017 ,   1.0275760431996692     
   1.7817439734969299E+017 ,   1.0275027109717341     
   1.7842117629339062E+017 ,   1.0274296674076697     
   1.7866795523708826E+017 ,   1.0273569110112830     
   1.7891473418078586E+017 ,   1.0272844402959620     
   1.7916151312448352E+017 ,   1.0272122537846016     
   1.7940829206818115E+017 ,   1.0271403500095306     
   1.7965507101187878E+017 ,   1.0270687275124422     
   1.7990184995557645E+017 ,   1.0269973848443212     
   1.8014862889927408E+017 ,   1.0269263205653758     
   1.8039540784297174E+017 ,   1.0268555332449658     
   1.8064218678666934E+017 ,   1.0267850214615333     
   1.8088896573036698E+017 ,   1.0267147838025388     
   1.8113574467406464E+017 ,   1.0266448188643864     
   1.8138252361776221E+017 ,   1.0265751252523627     
   1.8162930256145987E+017 ,   1.0265057015805650     
   1.8187608150515750E+017 ,   1.0264365464718406     
   1.8212286044885517E+017 ,   1.0263676585577164     
   1.8236963939255277E+017 ,   1.0262990364783366     
   1.8261641833625040E+017 ,   1.0262306788823967     
   1.8286319727994806E+017 ,   1.0261625844270823     
   1.8310997622364570E+017 ,   1.0260947517780028     
   1.8335675516734336E+017 ,   1.0260271796091305     
   1.8360353411104099E+017 ,   1.0259598666027372     
   1.8385031305473859E+017 ,   1.0258928114493333     
   1.8409709199843622E+017 ,   1.0258260128476078     
   1.8434387094213386E+017 ,   1.0257594695043639     
   1.8459064988583152E+017 ,   1.0256931801344638     
   1.8483742882952915E+017 ,   1.0256271434607649     
   1.8508420777322678E+017 ,   1.0255613582140635     
   1.8533098671692442E+017 ,   1.0254958231330358     
   1.8557776566062205E+017 ,   1.0254305369641765     
   1.8582454460431971E+017 ,   1.0253654984617475     
   1.8607132354801728E+017 ,   1.0253007063877151     
   1.8631810249171498E+017 ,   1.0252361595116954     
   1.8656488143541261E+017 ,   1.0251718566108998     
   1.8681166037911021E+017 ,   1.0251077964700765     
   1.8705843932280787E+017 ,   1.0250439778814573     
   1.8730521826650550E+017 ,   1.0249803996447027     
   1.8755199721020317E+017 ,   1.0249170605668463     
   1.8779877615390077E+017 ,   1.0248539594622419     
   1.8804555509759843E+017 ,   1.0247910951525121     
   1.8829233404129606E+017 ,   1.0247284664664904     
   1.8853911298499370E+017 ,   1.0246660722401744     
   1.8878589192869130E+017 ,   1.0246039113166703     
   1.8903267087238893E+017 ,   1.0245419825461417     
   1.8927944981608659E+017 ,   1.0244802847857608     
   1.8952622875978422E+017 ,   1.0244188168996529     
   1.8977300770348182E+017 ,   1.0243575777588527     
   1.9001978664717949E+017 ,   1.0242965662412487     
   1.9026656559087715E+017 ,   1.0242357812315361     
   1.9051334453457478E+017 ,   1.0241752216211677     
   1.9076012347827242E+017 ,   1.0241148863083054     
   1.9100690242197008E+017 ,   1.0240547741977715     
   1.9125368136566771E+017 ,   1.0239948842010020     
   1.9150046030936528E+017 ,   1.0239352152359960     
   1.9174723925306294E+017 ,   1.0238757662272739     
   1.9199401819676058E+017 ,   1.0238165361058258     
   1.9224079714045824E+017 ,   1.0237575238090662     
   1.9248757608415584E+017 ,   1.0236987282807930     
   1.9273435502785347E+017 ,   1.0236401484711337     
   1.9298113397155114E+017 ,   1.0235817833365084     
   1.9322791291524874E+017 ,   1.0235236318395791     
   1.9347469185894640E+017 ,   1.0234656929492087     
   1.9372147080264403E+017 ,   1.0234079656404140     
   1.9396824974634173E+017 ,   1.0233504488943270     
   1.9421502869003930E+017 ,   1.0232931416981454     
   1.9446180763373693E+017 ,   1.0232360430450955     
   1.9470858657743459E+017 ,   1.0231791519343849     
   1.9495536552113222E+017 ,   1.0231224673711621     
   1.9520214446482986E+017 ,   1.0230659883664770     
   1.9544892340852749E+017 ,   1.0230097139372336     
   1.9569570235222512E+017 ,   1.0229536431061550     
   1.9594248129592275E+017 ,   1.0228977749017396     
   1.9618926023962035E+017 ,   1.0228421083582191     
   1.9643603918331802E+017 ,   1.0227866425155201     
   1.9668281812701565E+017 ,   1.0227313764192256     
   1.9692959707071328E+017 ,   1.0226763091205315     
   1.9717637601441094E+017 ,   1.0226214396762121     
   1.9742315495810858E+017 ,   1.0225667671485763     
   1.9766993390180624E+017 ,   1.0225122906054331     
   1.9791671284550384E+017 ,   1.0224580091200499     
   1.9816349178920150E+017 ,   1.0224039217711181     
   1.9841027073289914E+017 ,   1.0223500276427120     
   1.9865704967659670E+017 ,   1.0222963258242528     
   1.9890382862029437E+017 ,   1.0222428154104728     
   1.9915060756399200E+017 ,   1.0221894955013759     
   1.9939738650768966E+017 ,   1.0221363652022035     
   1.9964416545138726E+017 ,   1.0220834236233969     
   1.9989094439508493E+017 ,   1.0220306698805615     
   2.0013772333878256E+017 ,   1.0219781030944317     
   2.0038450228248019E+017 ,   1.0219257223908362     
   2.0063128122617786E+017 ,   1.0218735269006609     
   2.0087806016987549E+017 ,   1.0218215157598156     
   2.0112483911357315E+017 ,   1.0217696881091993     
   2.0137161805727072E+017 ,   1.0217180430946657     
   2.0161839700096835E+017 ,   1.0216665798669891     
   2.0186517594466602E+017 ,   1.0216152975818316     
   2.0211195488836365E+017 ,   1.0215641953997077     
   2.0235873383206128E+017 ,   1.0215132724859544     
   2.0260551277575891E+017 ,   1.0214625280106946     
   2.0285229171945658E+017 ,   1.0214119611488066     
   2.0309907066315421E+017 ,   1.0213615710798922     
   2.0334584960685178E+017 ,   1.0213113569882417     
   2.0359262855054947E+017 ,   1.0212613180628067     
   2.0383940749424707E+017 ,   1.0212114534971644     
   2.0408618643794474E+017 ,   1.0211617624894855     
   2.0433296538164237E+017 ,   1.0211122442425093     
   2.0457974432534000E+017 ,   1.0210628979635055     
   2.0482652326903766E+017 ,   1.0210137228642471     
   2.0507330221273526E+017 ,   1.0209647181609804     
   2.0532008115643293E+017 ,   1.0209158830743952     
   2.0556686010013056E+017 ,   1.0208672168295903     
   2.0581363904382822E+017 ,   1.0208187186560500     
   2.0606041798752579E+017 ,   1.0207703877876104     
   2.0630719693122342E+017 ,   1.0207222234624334     
   2.0655397587492109E+017 ,   1.0206742249229726     
   2.0680075481861869E+017 ,   1.0206263914159508     
   2.0704753376231635E+017 ,   1.0205787221923270     
   2.0729431270601398E+017 ,   1.0205312165072697     
   2.0754109164971165E+017 ,   1.0204838736201280     
   2.0778787059340928E+017 ,   1.0204366927944051     
   2.0803464953710691E+017 ,   1.0203896732977296     
   2.0828142848080458E+017 ,   1.0203428144018267     
   2.0852820742450221E+017 ,   1.0202961153824948     
   2.0877498636819981E+017 ,   1.0202495755195737     
   2.0902176531189744E+017 ,   1.0202031940969207     
   2.0926854425559507E+017 ,   1.0201569704023847     
   2.0951532319929274E+017 ,   1.0201109037277767     
   2.0976210214299034E+017 ,   1.0200649933688450     
   2.1000888108668800E+017 ,   1.0200192386252516     
   2.1025566003038563E+017 ,   1.0199736388005418     
   2.1050243897408323E+017 ,   1.0199281932021218     
   2.1074921791778090E+017 ,   1.0198829011412329     
   2.1099599686147853E+017 ,   1.0198377619329246     
   2.1124277580517619E+017 ,   1.0197927748960305     
   2.1148955474887379E+017 ,   1.0197479393531457     
   2.1173633369257146E+017 ,   1.0197032546305984     
   2.1198311263626909E+017 ,   1.0196587200584262     
   2.1222989157996672E+017 ,   1.0196143349703548     
   2.1247667052366435E+017 ,   1.0195700987037704     
   2.1272344946736198E+017 ,   1.0195260105996962     
   2.1297022841105965E+017 ,   1.0194820700027714     
   2.1321700735475722E+017 ,   1.0194382762612244     
   2.1346378629845485E+017 ,   1.0193946287268509     
   2.1371056524215251E+017 ,   1.0193511267549915     
   2.1395734418585014E+017 ,   1.0193077697045063     
   2.1420412312954778E+017 ,   1.0192645569377539     
   2.1445090207324544E+017 ,   1.0192214878205683     
   2.1469768101694310E+017 ,   1.0191785617222364     
   2.1494445996064074E+017 ,   1.0191357780154746     
   2.1519123890433834E+017 ,   1.0190931360764077     
   2.1543801784803600E+017 ,   1.0190506352845483     
   2.1568479679173363E+017 ,   1.0190082750227711     
   2.1593157573543123E+017 ,   1.0189660546772947     
   2.1617835467912886E+017 ,   1.0189239736376579     
   2.1642513362282650E+017 ,   1.0188820312966993     
   2.1667191256652416E+017 ,   1.0188402270505372     
   2.1691869151022176E+017 ,   1.0187985602985452     
   2.1716547045391942E+017 ,   1.0187570304433353     
   2.1741224939761706E+017 ,   1.0187156368907342     
   2.1765902834131472E+017 ,   1.0186743790497634     
   2.1790580728501232E+017 ,   1.0186332563326193     
   2.1815258622870998E+017 ,   1.0185922681546540     
   2.1839936517240765E+017 ,   1.0185514139343526     
   2.1864614411610522E+017 ,   1.0185106930933139     
   2.1889292305980288E+017 ,   1.0184701050562324     
   2.1913970200350051E+017 ,   1.0184296492508771     
   2.1938648094719814E+017 ,   1.0183893251080718     
   2.1963325989089578E+017 ,   1.0183491320616751     
   2.1988003883459341E+017 ,   1.0183090695485639     
   2.2012681777829107E+017 ,   1.0182691370086114     
   2.2037359672198870E+017 ,   1.0182293338846693     
   2.2062037566568634E+017 ,   1.0181896596225495     
   2.2086715460938394E+017 ,   1.0181501136710034     
   2.2111393355308157E+017 ,   1.0181106954817054     
   2.2136071249677923E+017 ,   1.0180714045092341     
   2.2160749144047686E+017 ,   1.0180322402110527     
   2.2185427038417453E+017 ,   1.0179932020474922     
   2.2210104932787216E+017 ,   1.0179542894817339     
   2.2234782827156976E+017 ,   1.0179155019797881     
   2.2259460721526742E+017 ,   1.0178768390104813     
   2.2284138615896506E+017 ,   1.0178383000454334     
   2.2308816510266272E+017 ,   1.0177998845590455     
   2.2333494404636029E+017 ,   1.0177615920284779     
   2.2358172299005795E+017 ,   1.0177234219336355     
   2.2382850193375558E+017 ,   1.0176853737571487     
   2.2407528087745318E+017 ,   1.0176474469843597     
   2.2432205982115085E+017 ,   1.0176096411033013     
   2.2456883876484848E+017 ,   1.0175719556046843     
   2.2481561770854614E+017 ,   1.0175343899818763     
   2.2506239665224378E+017 ,   1.0174969437308903     
   2.2530917559594141E+017 ,   1.0174596163503646     
   2.2555595453963907E+017 ,   1.0174224073415468     
   2.2580273348333667E+017 ,   1.0173853162082800     
   2.2604951242703430E+017 ,   1.0173483424569836     
   2.2629629137073194E+017 ,   1.0173114855966408     
   2.2654307031442960E+017 ,   1.0172747451387791     
   2.2678984925812723E+017 ,   1.0172381205974579     
   2.2703662820182483E+017 ,   1.0172016114892504     
   2.2728340714552250E+017 ,   1.0171652173332286     
   2.2753018608922013E+017 ,   1.0171289376509498     
   2.2777696503291776E+017 ,   1.0170927719664393     
   2.2802374397661539E+017 ,   1.0170567198061757     
   2.2827052292031302E+017 ,   1.0170207806990763     
   2.2851730186401069E+017 ,   1.0169849541764815     
   2.2876408080770829E+017 ,   1.0169492397721411     
   2.2901085975140595E+017 ,   1.0169136370221978     
   2.2925763869510358E+017 ,   1.0168781454651739     
   2.2950441763880125E+017 ,   1.0168427646419576     
   2.2975119658249885E+017 ,   1.0168074940957847     
   2.2999797552619648E+017 ,   1.0167723333722303     
   2.3024475446989414E+017 ,   1.0167372820191880     
   2.3049153341359171E+017 ,   1.0167023395868617     
   2.3073831235728938E+017 ,   1.0166675056277472     
   2.3098509130098701E+017 ,   1.0166327796966210     
   2.3123187024468464E+017 ,   1.0165981613505251     
   2.3147864918838227E+017 ,   1.0165636501487525     
   2.3172542813207994E+017 ,   1.0165292456528368     
   2.3197220707577757E+017 ,   1.0164949474265357     
   2.3221898601947523E+017 ,   1.0164607550358165     
   2.3246576496317286E+017 ,   1.0164266680488476     
   2.3271254390687050E+017 ,   1.0163926860359809     
   2.3295932285056813E+017 ,   1.0163588085697399     
   2.3320610179426573E+017 ,   1.0163250352248074     
   2.3345288073796336E+017 ,   1.0162913655780108     
   2.3369965968166102E+017 ,   1.0162577992083113     
   2.3394643862535866E+017 ,   1.0162243356967895     
   2.3419321756905626E+017 ,   1.0161909746266342     
   2.3443999651275392E+017 ,   1.0161577155831276     
   2.3468677545645155E+017 ,   1.0161245581536347     
   2.3493355440014922E+017 ,   1.0160915019275898     
   2.3518033334384682E+017 ,   1.0160585464964851     
   2.3542711228754448E+017 ,   1.0160256914538570     
   2.3567389123124214E+017 ,   1.0159929363952760     
   2.3592067017493971E+017 ,   1.0159602809183323     
   2.3616744911863738E+017 ,   1.0159277246226242     
   2.3641422806233501E+017 ,   1.0158952671097488     
   2.3666100700603267E+017 ,   1.0158629079832859     
   2.3690778594973027E+017 ,   1.0158306468487901     
   2.3715456489342790E+017 ,   1.0157984833137761     
   2.3740134383712557E+017 ,   1.0157664169877094     
   2.3764812278082320E+017 ,   1.0157344474819938     
   2.3789490172452083E+017 ,   1.0157025744099581     
   2.3814168066821843E+017 ,   1.0156707973868502     
   2.3838845961191610E+017 ,   1.0156391160298177     
   2.3863523855561373E+017 ,   1.0156075299579046     
   2.3888201749931136E+017 ,   1.0155760387920354     
   2.3912879644300902E+017 ,   1.0155446421550045     
   2.3937557538670666E+017 ,   1.0155133396714671     
   2.3962235433040429E+017 ,   1.0154821309679269     
   2.3986913327410192E+017 ,   1.0154510156727248     
   2.4011591221779955E+017 ,   1.0154199934160304     
   2.4036269116149722E+017 ,   1.0153890638298282     
   2.4060947010519478E+017 ,   1.0153582265479095     
   2.4085624904889245E+017 ,   1.0153274812058599     
   2.4110302799259008E+017 ,   1.0152968274410512     
   2.4134980693628771E+017 ,   1.0152662648926281     
   2.4159658587998534E+017 ,   1.0152357932015001     
   2.4184336482368298E+017 ,   1.0152054120103311     
   2.4209014376738064E+017 ,   1.0151751209635265     
   2.4233692271107827E+017 ,   1.0151449197072273     
   2.4258370165477594E+017 ,   1.0151148078892971     
   2.4283048059847357E+017 ,   1.0150847851593110     
   2.4307725954217117E+017 ,   1.0150548511685518     
   2.4332403848586880E+017 ,   1.0150250055699910     
   2.4357081742956643E+017 ,   1.0149952480182876     
   2.4381759637326410E+017 ,   1.0149655781697717     
   2.4406437531696173E+017 ,   1.0149359956824406     
   2.4431115426065936E+017 ,   1.0149065002159441     
   2.4455793320435699E+017 ,   1.0148770914315788     
   2.4480471214805462E+017 ,   1.0148477689922752     
   2.4505149109175226E+017 ,   1.0148185325625918     
   2.4529827003544986E+017 ,   1.0147893818087033     
   2.4554504897914755E+017 ,   1.0147603163983927     
   2.4579182792284518E+017 ,   1.0147313360010404     
   2.4603860686654278E+017 ,   1.0147024402876164     
   2.4628538581024045E+017 ,   1.0146736289306721     
   2.4653216475393808E+017 ,   1.0146449016043293     
   2.4677894369763574E+017 ,   1.0146162579842712     
   2.4702572264133334E+017 ,   1.0145876977477344     
   2.4727250158503101E+017 ,   1.0145592205735015     
   2.4751928052872864E+017 ,   1.0145308261418886     
   2.4776605947242621E+017 ,   1.0145025141347397     
   2.4801283841612387E+017 ,   1.0144742842354173     
   2.4825961735982150E+017 ,   1.0144461361287920     
   2.4850639630351917E+017 ,   1.0144180695012373     
   2.4875317524721677E+017 ,   1.0143900840406179     
   2.4899995419091440E+017 ,   1.0143621794362816     
   2.4924673313461206E+017 ,   1.0143343553790527     
   2.4949351207830973E+017 ,   1.0143066115612236     
   2.4974029102200736E+017 ,   1.0142789476765450     
   2.4998706996570499E+017 ,   1.0142513634202168     
   2.5023384890940266E+017 ,   1.0142238584888834     
   2.5048062785310022E+017 ,   1.0141964325806221     
   2.5072740679679786E+017 ,   1.0141690853949374     
   2.5097418574049552E+017 ,   1.0141418166327514     
   2.5122096468419315E+017 ,   1.0141146259963962     
   2.5146774362789078E+017 ,   1.0140875131896079     
   2.5171452257158842E+017 ,   1.0140604779175142     
   2.5196130151528605E+017 ,   1.0140335198866317     
   2.5220808045898371E+017 ,   1.0140066388048552     
   2.5245485940268131E+017 ,   1.0139798343814508     
   2.5270163834637898E+017 ,   1.0139531063270477     
   2.5294841729007661E+017 ,   1.0139264543536306     
   2.5319519623377424E+017 ,   1.0138998781745336     
   2.5344197517747187E+017 ,   1.0138733775044300     
   2.5368875412116950E+017 ,   1.0138469520593278     
   2.5393553306486717E+017 ,   1.0138206015565605     
   2.5418231200856477E+017 ,   1.0137943257147790     
   2.5442909095226243E+017 ,   1.0137681242539467     
   2.5467586989596006E+017 ,   1.0137419968953305     
   2.5492264883965770E+017 ,   1.0137159433614933     
   2.5516942778335533E+017 ,   1.0136899633762875     
   2.5541620672705293E+017 ,   1.0136640566648489     
   2.5566298567075059E+017 ,   1.0136382229535870     
   2.5590976461444819E+017 ,   1.0136124619701798     
   2.5615654355814586E+017 ,   1.0135867734435684     
   2.5640332250184352E+017 ,   1.0135611571039453     
   2.5665010144554115E+017 ,   1.0135356126827513     
   2.5689688038923878E+017 ,   1.0135101399126671     
   2.5714365933293642E+017 ,   1.0134847385276085     
   2.5739043827663408E+017 ,   1.0134594082627166     
   2.5763721722033171E+017 ,   1.0134341488543528     
   2.5788399616402928E+017 ,   1.0134089600400922     
   2.5813077510772694E+017 ,   1.0133838415587160     
   2.5837755405142458E+017 ,   1.0133587931502051     
   2.5862433299512221E+017 ,   1.0133338145557360     
   2.5887111193881984E+017 ,   1.0133089055176703     
   2.5911789088251750E+017 ,   1.0132840657795492     
   2.5936466982621514E+017 ,   1.0132592950860904     
   2.5961144876991277E+017 ,   1.0132345931831772     
   2.5985822771361040E+017 ,   1.0132099598178548     
   2.6010500665730806E+017 ,   1.0131853947383238     
   2.6035178560100573E+017 ,   1.0131608976939332     
   2.6059856454470330E+017 ,   1.0131364684351727     
   2.6084534348840093E+017 ,   1.0131121067136710     
   2.6109212243209859E+017 ,   1.0130878122821851     
   2.6133890137579619E+017 ,   1.0130635848945964     
   2.6158568031949386E+017 ,   1.0130394243059027     
   2.6183245926319149E+017 ,   1.0130153302722156     
   2.6207923820688915E+017 ,   1.0129913025507511     
   2.6232601715058675E+017 ,   1.0129673408998257     
   2.6257279609428435E+017 ,   1.0129434450788486     
   2.6281957503798205E+017 ,   1.0129196148483179     
   2.6306635398167965E+017 ,   1.0128958499698140     
   2.6331313292537731E+017 ,   1.0128721502059916     
   2.6355991186907494E+017 ,   1.0128485153205780     
   2.6380669081277258E+017 ,   1.0128249450783635     
   2.6405346975647027E+017 ,   1.0128014392451998     
   2.6430024870016784E+017 ,   1.0127779975879878     
   2.6454702764386547E+017 ,   1.0127546198746797     
   2.6479380658756310E+017 ,   1.0127313058742675     
   2.6504058553126074E+017 ,   1.0127080553567815     
   2.6528736447495837E+017 ,   1.0126848680932801     
   2.6553414341865600E+017 ,   1.0126617438558503     
   2.6578092236235370E+017 ,   1.0126386824175964     
   2.6602770130605126E+017 ,   1.0126156835526381     
   2.6627448024974896E+017 ,   1.0125927470361047     
   2.6652125919344656E+017 ,   1.0125698726441275     
   2.6676803813714422E+017 ,   1.0125470601538376     
   2.6701481708084182E+017 ,   1.0125243093433596     
   2.6726159602453946E+017 ,   1.0125016199918031     
   2.6750837496823715E+017 ,   1.0124789918792627     
   2.6775515391193472E+017 ,   1.0124564247868100     
   2.6800193285563242E+017 ,   1.0124339184964872     
   2.6824871179933005E+017 ,   1.0124114727913049     
   2.6849549074302768E+017 ,   1.0123890874552353     
   2.6874226968672531E+017 ,   1.0123667622732067     
   2.6898904863042288E+017 ,   1.0123444970310993     
   2.6923582757412058E+017 ,   1.0123222915157402     
   2.6948260651781821E+017 ,   1.0123001455148979     
   2.6972938546151578E+017 ,   1.0122780588172784     
   2.6997616440521347E+017 ,   1.0122560312125182     
   2.7022294334891110E+017 ,   1.0122340624911810     
   2.7046972229260877E+017 ,   1.0122121524447538     
   2.7071650123630640E+017 ,   1.0121903008656392     
   2.7096328018000403E+017 ,   1.0121685075471529     
   2.7121005912370166E+017 ,   1.0121467722835176     
   2.7145683806739923E+017 ,   1.0121250948698597     
   2.7170361701109693E+017 ,   1.0121034751022031     
   2.7195039595479456E+017 ,   1.0120819127774650     
   2.7219717489849219E+017 ,   1.0120604076934516     
   2.7244395384218982E+017 ,   1.0120389596488533     
   2.7269073278588746E+017 ,   1.0120175684432398     
   2.7293751172958509E+017 ,   1.0119962338770561     
   2.7318429067328272E+017 ,   1.0119749557516160     
   2.7343106961698035E+017 ,   1.0119537338691014     
   2.7367784856067802E+017 ,   1.0119325680325544     
   2.7392462750437568E+017 ,   1.0119114580458728     
   2.7417140644807328E+017 ,   1.0118904037138086     
   2.7441818539177091E+017 ,   1.0118694048419614     
   2.7466496433546854E+017 ,   1.0118484612367735     
   2.7491174327916618E+017 ,   1.0118275727055275     
   2.7515852222286381E+017 ,   1.0118067390563401     
   2.7540530116656144E+017 ,   1.0117859600981587     
   2.7565208011025907E+017 ,   1.0117652356407574     
   2.7589885905395670E+017 ,   1.0117445654947324     
   2.7614563799765434E+017 ,   1.0117239494714960     
   2.7639241694135203E+017 ,   1.0117033873832764     
   2.7663919588504960E+017 ,   1.0116828790431098     
   2.7688597482874723E+017 ,   1.0116624242648375     
   2.7713275377244490E+017 ,   1.0116420228631038     
   2.7737953271614253E+017 ,   1.0116216746533462     
   2.7762631165984022E+017 ,   1.0116013794517995     
   2.7787309060353779E+017 ,   1.0115811370754837     
   2.7811986954723549E+017 ,   1.0115609473422063     
   2.7836664849093312E+017 ,   1.0115408100705532     
   2.7861342743463069E+017 ,   1.0115207250798881     
   2.7886020637832832E+017 ,   1.0115006921903478     
   2.7910698532202595E+017 ,   1.0114807112228386     
   2.7935376426572365E+017 ,   1.0114607819990293     
   2.7960054320942122E+017 ,   1.0114409043413521     
   2.7984732215311891E+017 ,   1.0114210780729957     
   2.8009410109681654E+017 ,   1.0114013030179012     
   2.8034088004051418E+017 ,   1.0113815790007612     
   2.8058765898421181E+017 ,   1.0113619058470109     
   2.8083443792790947E+017 ,   1.0113422833828312     
   2.8108121687160710E+017 ,   1.0113227114351371     
   2.8132799581530474E+017 ,   1.0113031898315816     
   2.8157477475900230E+017 ,   1.0112837184005459     
   2.8182155370270000E+017 ,   1.0112642969711390     
   2.8206833264639763E+017 ,   1.0112449253731937     
   2.8231511159009526E+017 ,   1.0112256034372620     
   2.8256189053379290E+017 ,   1.0112063309946104     
   2.8280866947749053E+017 ,   1.0111871078772212     
   2.8305544842118816E+017 ,   1.0111679339177837     
   2.8330222736488579E+017 ,   1.0111488089496903     
   2.8354900630858342E+017 ,   1.0111297328070390     
   2.8379578525228106E+017 ,   1.0111107053246233     
   2.8404256419597869E+017 ,   1.0110917263379329     
   2.8428934313967635E+017 ,   1.0110727956831476     
   2.8453612208337398E+017 ,   1.0110539131971346     
   2.8478290102707162E+017 ,   1.0110350787174476     
   2.8502967997076925E+017 ,   1.0110162920823176     
   2.8527645891446688E+017 ,   1.0109975531306572     
   2.8552323785816451E+017 ,   1.0109788617020496     
   2.8577001680186221E+017 ,   1.0109602176367505     
   2.8601679574555978E+017 ,   1.0109416207756823     
   2.8626357468925741E+017 ,   1.0109230709604315     
   2.8651035363295504E+017 ,   1.0109045680332458     
   2.8675713257665267E+017 ,   1.0108861118370303     
   2.8700391152035030E+017 ,   1.0108677022153425     
   2.8725069046404794E+017 ,   1.0108493390123932     
   2.8749746940774560E+017 ,   1.0108310220730397     
   2.8774424835144323E+017 ,   1.0108127512427836     
   2.8799102729514086E+017 ,   1.0107945263677685     
   2.8823780623883853E+017 ,   1.0107763472947757     
   2.8848458518253619E+017 ,   1.0107582138712214     
   2.8873136412623373E+017 ,   1.0107401259451525     
   2.8897814306993139E+017 ,   1.0107220833652475     
   2.8922492201362906E+017 ,   1.0107040859808076     
   2.8947170095732672E+017 ,   1.0106861336417574     
   2.8971847990102432E+017 ,   1.0106682261986413     
   2.8996525884472198E+017 ,   1.0106503635026201     
   2.9021203778841965E+017 ,   1.0106325454054665     
   2.9045881673211718E+017 ,   1.0106147717595655     
   2.9070559567581491E+017 ,   1.0105970424179089     
   2.9095237461951251E+017 ,   1.0105793572340918     
   2.9119915356321018E+017 ,   1.0105617160623113     
   2.9144593250690771E+017 ,   1.0105441187573632     
   2.9169271145060544E+017 ,   1.0105265651746373     
   2.9193949039430304E+017 ,   1.0105090551701199     
   2.9218626933800070E+017 ,   1.0104915886003816     
   2.9243304828169830E+017 ,   1.0104741653225839     
   2.9267982722539597E+017 ,   1.0104567851944701     
   2.9292660616909357E+017 ,   1.0104394480743659     
   2.9317338511279123E+017 ,   1.0104221538211733     
   2.9342016405648883E+017 ,   1.0104049022943729     
   2.9366694300018650E+017 ,   1.0103876933540146     
   2.9391372194388416E+017 ,   1.0103705268607199     
   2.9416050088758176E+017 ,   1.0103534026756769     
   2.9440727983127942E+017 ,   1.0103363206606384     
   2.9465405877497702E+017 ,   1.0103192806779187     
   2.9490083771867469E+017 ,   1.0103022825903907     
   2.9514761666237229E+017 ,   1.0102853262614835     
   2.9539439560606995E+017 ,   1.0102684115551803     
   2.9564117454976755E+017 ,   1.0102515383360129     
   2.9588795349346522E+017 ,   1.0102347064690642     
   2.9613473243716282E+017 ,   1.0102179158199607     
   2.9638151138086048E+017 ,   1.0102011662548722     
   2.9662829032455814E+017 ,   1.0101844576405083     
   2.9687506926825574E+017 ,   1.0101677898441186     
   2.9712184821195341E+017 ,   1.0101511627334834     
   2.9736862715565101E+017 ,   1.0101345761769180     
   2.9761540609934874E+017 ,   1.0101180300432688     
   2.9786218504304627E+017 ,   1.0101015242019074     
   2.9810896398674394E+017 ,   1.0100850585227317     
   2.9835574293044160E+017 ,   1.0100686328761599     
   2.9860252187413926E+017 ,   1.0100522471331321     
   2.9884930081783680E+017 ,   1.0100359011651050     
   2.9909607976153446E+017 ,   1.0100195948440494     
   2.9934285870523213E+017 ,   1.0100033280424494     
   2.9958963764892973E+017 ,   1.0099871006332992     
   2.9983641659262739E+017 ,   1.0099709124900991     
   3.0008319553632506E+017 ,   1.0099547634868566     
   3.0032997448002272E+017 ,   1.0099386534980794     
   3.0057675342372032E+017 ,   1.0099225823987774     
   3.0082353236741798E+017 ,   1.0099065500644577     
   3.0107031131111552E+017 ,   1.0098905563711231     
   3.0131709025481325E+017 ,   1.0098746011952691     
   3.0156386919851078E+017 ,   1.0098586844138817     
   3.0181064814220851E+017 ,   1.0098428059044369     
   3.0205742708590611E+017 ,   1.0098269655448959     
   3.0230420602960371E+017 ,   1.0098111632137032     
   3.0255098497330138E+017 ,   1.0097953987897863     
   3.0279776391699904E+017 ,   1.0097796721525509     
   3.0304454286069664E+017 ,   1.0097639831818803     
   3.0329132180439424E+017 ,   1.0097483317581324     
   3.0353810074809197E+017 ,   1.0097327177621376     
   3.0378487969178957E+017 ,   1.0097171410751964     
   3.0403165863548723E+017 ,   1.0097016015790778     
   3.0427843757918483E+017 ,   1.0096860991560161     
   3.0452521652288250E+017 ,   1.0096706336887118     
   3.0477199546658010E+017 ,   1.0096552050603216     
   3.0501877441027776E+017 ,   1.0096398131544675     
   3.0526555335397536E+017 ,   1.0096244578552256     
   3.0551233229767302E+017 ,   1.0096091390471262     
   3.0575911124137062E+017 ,   1.0095938566151559     
   3.0600589018506829E+017 ,   1.0095786104447479     
   3.0625266912876589E+017 ,   1.0095634004217879     
   3.0649944807246355E+017 ,   1.0095482264326059     
   3.0674622701616115E+017 ,   1.0095330883639773     
   3.0699300595985882E+017 ,   1.0095179861031189     
   3.0723978490355648E+017 ,   1.0095029195376899     
   3.0748656384725408E+017 ,   1.0094878885557856     
   3.0773334279095174E+017 ,   1.0094728930459393     
   3.0798012173464934E+017 ,   1.0094579328971176     
   3.0822690067834701E+017 ,   1.0094430079987193     
   3.0847367962204467E+017 ,   1.0094281182405738     
   3.0872045856574227E+017 ,   1.0094132635129387     
   3.0896723750943987E+017 ,   1.0093984437064973     
   3.0921401645313754E+017 ,   1.0093836587123586     
   3.0946079539683514E+017 ,   1.0093689084220507     
   3.0970757434053280E+017 ,   1.0093541927275265     
   3.0995435328423040E+017 ,   1.0093395115211541     
   3.1020113222792806E+017 ,   1.0093248646957185     
   3.1044791117162573E+017 ,   1.0093102521444202     
   3.1069469011532333E+017 ,   1.0092956737608718     
   3.1094146905902106E+017 ,   1.0092811294390962     
   3.1118824800271866E+017 ,   1.0092666190735256     
   3.1143502694641626E+017 ,   1.0092521425589989     
   3.1168180589011392E+017 ,   1.0092376997907608     
   3.1192858483381158E+017 ,   1.0092232906644580     
   3.1217536377750918E+017 ,   1.0092089150761396     
   3.1242214272120685E+017 ,   1.0091945729222536     
   3.1266892166490445E+017 ,   1.0091802640996452     
   3.1291570060860211E+017 ,   1.0091659885055568     
   3.1316247955229965E+017 ,   1.0091517460376240     
   3.1340925849599731E+017 ,   1.0091375365938740     
   3.1365603743969498E+017 ,   1.0091233600727265     
   3.1390281638339264E+017 ,   1.0091092163729876     
   3.1414959532709024E+017 ,   1.0090951053938508     
   3.1439637427078784E+017 ,   1.0090810270348960     
   3.1464315321448557E+017 ,   1.0090669811960851     
   3.1488993215818317E+017 ,   1.0090529677777615     
   3.1513671110188083E+017 ,   1.0090389866806495     
   3.1538349004557843E+017 ,   1.0090250378058516     
   3.1563026898927610E+017 ,   1.0090111210548451     
   3.1587704793297370E+017 ,   1.0089972363294841     
   3.1612382687667136E+017 ,   1.0089833835319935     
   3.1637060582036896E+017 ,   1.0089695625649711     
   3.1661738476406662E+017 ,   1.0089557733313839     
   3.1686416370776422E+017 ,   1.0089420157345674     
   3.1711094265146189E+017 ,   1.0089282896782212     
   3.1735772159515955E+017 ,   1.0089145950664129     
   3.1760450053885722E+017 ,   1.0089009318035709     
   3.1785127948255475E+017 ,   1.0088872997944844     
   3.1809805842625248E+017 ,   1.0088736989443037     
   3.1834483736995014E+017 ,   1.0088601291585364     
   3.1859161631364768E+017 ,   1.0088465903430481     
   3.1883839525734534E+017 ,   1.0088330824040568     
   3.1908517420104294E+017 ,   1.0088196052481355     
   3.1933195314474061E+017 ,   1.0088061587822084     
   3.1957873208843821E+017 ,   1.0087927429135495     
   3.1982551103213587E+017 ,   1.0087793575497819     
   3.2007228997583347E+017 ,   1.0087660025988752     
   3.2031906891953114E+017 ,   1.0087526779691443     
   3.2056584786322880E+017 ,   1.0087393835692486     
   3.2081262680692640E+017 ,   1.0087261193081891     
   3.2105940575062406E+017 ,   1.0087128850953075     
   3.2130618469432173E+017 ,   1.0086996808402862     
   3.2155296363801933E+017 ,   1.0086865064531438     
   3.2179974258171699E+017 ,   1.0086733618442345     
   3.2204652152541466E+017 ,   1.0086602469242500     
   3.2229330046911226E+017 ,   1.0086471616042127     
   3.2254007941280992E+017 ,   1.0086341057954777     
   3.2278685835650752E+017 ,   1.0086210794097297     
   3.2303363730020518E+017 ,   1.0086080823589836     
   3.2328041624390272E+017 ,   1.0085951145555809     
   3.2352719518760038E+017 ,   1.0085821759121885     
   3.2377397413129798E+017 ,   1.0085692663417978     
   3.2402075307499571E+017 ,   1.0085563857577242     
   3.2426753201869331E+017 ,   1.0085435340736038     
   3.2451431096239091E+017 ,   1.0085307112033930     
   3.2476108990608858E+017 ,   1.0085179170613665     
   3.2500786884978618E+017 ,   1.0085051515621180     
   3.2525464779348390E+017 ,   1.0084924146205543     
   3.2550142673718150E+017 ,   1.0084797061518997     
   3.2574820568087917E+017 ,   1.0084670260716890     
   3.2599498462457677E+017 ,   1.0084543742957712     
   3.2624176356827443E+017 ,   1.0084417507403041     
   3.2648854251197203E+017 ,   1.0084291553217541     
   3.2673532145566970E+017 ,   1.0084165879568965     
   3.2698210039936730E+017 ,   1.0084040485628125     
   3.2722887934306496E+017 ,   1.0083915370568879     
   3.2747565828676262E+017 ,   1.0083790533568124     
   3.2772243723046029E+017 ,   1.0083665973805787     
   3.2796921617415789E+017 ,   1.0083541690464779     
   3.2821599511785542E+017 ,   1.0083417682731040     
   3.2846277406155309E+017 ,   1.0083293949793468     
   3.2870955300525075E+017 ,   1.0083170490843947     
   3.2895633194894842E+017 ,   1.0083047305077311     
   3.2920311089264602E+017 ,   1.0082924391691330     
   3.2944988983634368E+017 ,   1.0082801749886734     
   3.2969666878004128E+017 ,   1.0082679378867134     
   3.2994344772373901E+017 ,   1.0082557277839070     
   3.3019022666743654E+017 ,   1.0082435446011966     
   3.3043700561113421E+017 ,   1.0082313882598137     
   3.3068378455483181E+017 ,   1.0082192586812764     
   3.3093056349852947E+017 ,   1.0082071557873855     
   3.3117734244222714E+017 ,   1.0081950795002315     
   3.3142412138592480E+017 ,   1.0081830297421825     
   3.3167090032962246E+017 ,   1.0081710064358922     
   3.3191767927332000E+017 ,   1.0081590095042929     
   3.3216445821701766E+017 ,   1.0081470388705978     
   3.3241123716071533E+017 ,   1.0081350944582963     
   3.3265801610441299E+017 ,   1.0081231761911575     
   3.3290479504811059E+017 ,   1.0081112839932236     
   3.3315157399180819E+017 ,   1.0080994177888127     
   3.3339835293550592E+017 ,   1.0080875775025164     
   3.3364513187920346E+017 ,   1.0080757630591988     
   3.3389191082290106E+017 ,   1.0080639743839936     
   3.3413868976659872E+017 ,   1.0080522114023063     
   3.3438546871029638E+017 ,   1.0080404740398086     
   3.3463224765399405E+017 ,   1.0080287622224435     
   3.3487902659769165E+017 ,   1.0080170758764169     
   3.3512580554138931E+017 ,   1.0080054149282021     
   3.3537258448508698E+017 ,   1.0079937793045350     
   3.3561936342878451E+017 ,   1.0079821689324160     
   3.3586614237248224E+017 ,   1.0079705837391064     
   3.3611292131617984E+017 ,   1.0079590236521283     
   3.3635970025987750E+017 ,   1.0079474885992639     
   3.3660647920357510E+017 ,   1.0079359785085540     
   3.3685325814727277E+017 ,   1.0079244933082963     
   3.3710003709097043E+017 ,   1.0079130329270440     
   3.3734681603466803E+017 ,   1.0079015972936081     
   3.3759359497836563E+017 ,   1.0078901863370513     
   3.3784037392206323E+017 ,   1.0078787999866905     
   3.3808715286576090E+017 ,   1.0078674381720942     
   3.3833393180945862E+017 ,   1.0078561008230822     
   3.3858071075315622E+017 ,   1.0078447878697234     
   3.3882748969685382E+017 ,   1.0078334992423359     
   3.3907426864055142E+017 ,   1.0078222348714858     
   3.3932104758424902E+017 ,   1.0078109946879856     
   3.3956782652794675E+017 ,   1.0077997786228925     
   3.3981460547164435E+017 ,   1.0077885866075105     
   3.4006138441534202E+017 ,   1.0077774185733845     
   3.4030816335903962E+017 ,   1.0077662744523048     
   3.4055494230273734E+017 ,   1.0077551541762995     
   3.4080172124643494E+017 ,   1.0077440576776409     
   3.4104850019013254E+017 ,   1.0077329848888377     
   3.4129527913383014E+017 ,   1.0077219357426390     
   3.4154205807752781E+017 ,   1.0077109101720310     
   3.4178883702122547E+017 ,   1.0076999081102356     
   3.4203561596492314E+017 ,   1.0076889294907108     
   3.4228239490862080E+017 ,   1.0076779742471482     
   3.4252917385231840E+017 ,   1.0076670423134744     
   3.4277595279601594E+017 ,   1.0076561336238459     
   3.4302273173971360E+017 ,   1.0076452481126534     
   3.4326951068341126E+017 ,   1.0076343857145165     
   3.4351628962710886E+017 ,   1.0076235463642851     
   3.4376306857080653E+017 ,   1.0076127299970368     
   3.4400984751450413E+017 ,   1.0076019365480775     
   3.4425662645820186E+017 ,   1.0075911659529406     
   3.4450340540189946E+017 ,   1.0075804181473837     
   3.4475018434559706E+017 ,   1.0075696930673890     
   3.4499696328929472E+017 ,   1.0075589906491640     
   3.4524374223299232E+017 ,   1.0075483108291381     
   3.4549052117669005E+017 ,   1.0075376535439629     
   3.4573730012038765E+017 ,   1.0075270187305114     
   3.4598407906408531E+017 ,   1.0075164063258764     
   3.4623085800778291E+017 ,   1.0075058162673693     
   3.4647763695148058E+017 ,   1.0074952484925210     
   3.4672441589517818E+017 ,   1.0074847029390788     
   3.4697119483887584E+017 ,   1.0074741795450066     
   3.4721797378257344E+017 ,   1.0074636782484852     
   3.4746475272627110E+017 ,   1.0074531989879081     
   3.4771153166996877E+017 ,   1.0074427417018834     
   3.4795831061366643E+017 ,   1.0074323063292328     
   3.4820508955736397E+017 ,   1.0074218928089889     
   3.4845186850106157E+017 ,   1.0074115010803963     
   3.4869864744475923E+017 ,   1.0074011310829094     
   3.4894542638845690E+017 ,   1.0073907827561919     
   3.4919220533215456E+017 ,   1.0073804560401167     
   3.4943898427585216E+017 ,   1.0073701508747637     
   3.4968576321954982E+017 ,   1.0073598672004194     
   3.4993254216324742E+017 ,   1.0073496049575783     
   3.5017932110694509E+017 ,   1.0073393640869364     
   3.5042610005064269E+017 ,   1.0073291445293975     
   3.5067287899434035E+017 ,   1.0073189462260670     
   3.5091965793803795E+017 ,   1.0073087691182527     
   3.5116643688173568E+017 ,   1.0072986131474650     
   3.5141321582543328E+017 ,   1.0072884782554150     
   3.5165999476913094E+017 ,   1.0072783643840135     
   3.5190677371282848E+017 ,   1.0072682714753713     
   3.5215355265652614E+017 ,   1.0072581994717968     
   3.5240033160022381E+017 ,   1.0072481483157976     
   3.5264711054392147E+017 ,   1.0072381179500760     
   3.5289388948761907E+017 ,   1.0072281083175312     
   3.5314066843131667E+017 ,   1.0072181193612588     
   3.5338744737501434E+017 ,   1.0072081510245474     
   3.5363422631871194E+017 ,   1.0071982032508793     
   3.5388100526240960E+017 ,   1.0071882759839312     
   3.5412778420610720E+017 ,   1.0071783691675693     
   3.5437456314980486E+017 ,   1.0071684827458538     
   3.5462134209350246E+017 ,   1.0071586166630331     
   3.5486812103720019E+017 ,   1.0071487708635474     
   3.5511489998089779E+017 ,   1.0071389452920239     
   3.5536167892459546E+017 ,   1.0071291398932793     
   3.5560845786829306E+017 ,   1.0071193546123172     
   3.5585523681199066E+017 ,   1.0071095893943287     
   3.5610201575568838E+017 ,   1.0070998441846895     
   3.5634879469938598E+017 ,   1.0070901189289609     
   3.5659557364308365E+017 ,   1.0070804135728886     
   3.5684235258678125E+017 ,   1.0070707280624032     
   3.5708913153047898E+017 ,   1.0070610623436160     
   3.5733591047417651E+017 ,   1.0070514163628226     
   3.5758268941787411E+017 ,   1.0070417900664983     
   3.5782946836157171E+017 ,   1.0070321834012999     
   3.5807624730526938E+017 ,   1.0070225963140642     
   3.5832302624896704E+017 ,   1.0070130287518075     
   3.5856980519266470E+017 ,   1.0070034806617245     
   3.5881658413636230E+017 ,   1.0069939519911870     
   3.5906336308005990E+017 ,   1.0069844426877443     
   3.5931014202375757E+017 ,   1.0069749526991230     
   3.5955692096745523E+017 ,   1.0069654819732234     
   3.5980369991115290E+017 ,   1.0069560304581229     
   3.6005047885485050E+017 ,   1.0069465981020718     
   3.6029725779854816E+017 ,   1.0069371848534945     
   3.6054403674224576E+017 ,   1.0069277906609881     
   3.6079081568594349E+017 ,   1.0069184154733222     
   3.6103759462964102E+017 ,   1.0069090592394372     
   3.6128437357333869E+017 ,   1.0068997219084443     
   3.6153115251703629E+017 ,   1.0068904034296260     
   3.6177793146073395E+017 ,   1.0068811037524337     
   3.6202471040443162E+017 ,   1.0068718228264868     
   3.6227148934812928E+017 ,   1.0068625606015722     
   3.6251826829182688E+017 ,   1.0068533170276475     
   3.6276504723552442E+017 ,   1.0068440920548338     
   3.6301182617922208E+017 ,   1.0068348856334188     
   3.6325860512291974E+017 ,   1.0068256977138577     
   3.6350538406661741E+017 ,   1.0068165282467665     
   3.6375216301031501E+017 ,   1.0068073771829302     
   3.6399894195401267E+017 ,   1.0067982444732944     
   3.6424572089771034E+017 ,   1.0067891300689669     
   3.6449249984140800E+017 ,   1.0067800339212192     
   3.6473927878510554E+017 ,   1.0067709559814841     
   3.6498605772880320E+017 ,   1.0067618962013545     
   3.6523283667250080E+017 ,   1.0067528545325841     
   3.6547961561619853E+017 ,   1.0067438309270866     
   3.6572639455989613E+017 ,   1.0067348253369346     
   3.6597317350359379E+017 ,   1.0067258377143571     
   3.6621995244729139E+017 ,   1.0067168680117440     
   3.6646673139098899E+017 ,   1.0067079161816401     
   3.6671351033468672E+017 ,   1.0066989821767474     
   3.6696028927838432E+017 ,   1.0066900659499236     
   3.6720706822208198E+017 ,   1.0066811674541813     
   3.6745384716577958E+017 ,   1.0066722866426889     
   3.6770062610947718E+017 ,   1.0066634234687679     
   3.6794740505317491E+017 ,   1.0066545778858935     
   3.6819418399687245E+017 ,   1.0066457498476926     
   3.6844096294057005E+017 ,   1.0066369393079466     
   3.6868774188426771E+017 ,   1.0066281462205877     
   3.6893452082796538E+017 ,   1.0066193705396971     
   3.6918129977166304E+017 ,   1.0066106122195091     
   3.6942807871536064E+017 ,   1.0066018712144065     
   3.6967485765905830E+017 ,   1.0065931474789220     
   3.6992163660275597E+017 ,   1.0065844409677362     
   3.7016841554645357E+017 ,   1.0065757516356786     
   3.7041519449015123E+017 ,   1.0065670794377257     
   3.7066197343384883E+017 ,   1.0065584243290013     
   3.7090875237754650E+017 ,   1.0065497862647756     
   3.7115553132124410E+017 ,   1.0065411652004641     
   3.7140231026494182E+017 ,   1.0065325610916271     
   3.7164908920863942E+017 ,   1.0065239738939715     
   3.7189586815233702E+017 ,   1.0065154035633468     
   3.7214264709603456E+017 ,   1.0065068500557461     
   3.7238942603973222E+017 ,   1.0064983133273058     
   3.7263620498342995E+017 ,   1.0064897933343042     
   3.7288298392712755E+017 ,   1.0064812900331632     
   3.7312976287082522E+017 ,   1.0064728033804435     
   3.7337654181452282E+017 ,   1.0064643333328478     
   3.7362332075822042E+017 ,   1.0064558798472203     
   3.7387009970191808E+017 ,   1.0064474428805423     
   3.7411687864561574E+017 ,   1.0064390223899360     
   3.7436365758931334E+017 ,   1.0064306183326626     
   3.7461043653301101E+017 ,   1.0064222306661195     
   3.7485721547670867E+017 ,   1.0064138593478431     
   3.7510399442040634E+017 ,   1.0064055043355069     
   3.7535077336410394E+017 ,   1.0063971655869199     
   3.7559755230780154E+017 ,   1.0063888430600276     
   3.7584433125149914E+017 ,   1.0063805367129108     
   3.7609111019519686E+017 ,   1.0063722465037859     
   3.7633788913889446E+017 ,   1.0063639723910034     
   3.7658466808259213E+017 ,   1.0063557143330453     
   3.7683144702628979E+017 ,   1.0063474722885311     
   3.7707822596998739E+017 ,   1.0063392462162108     
   3.7732500491368506E+017 ,   1.0063310360749664     
   3.7757178385738259E+017 ,   1.0063228418238130     
   3.7781856280108026E+017 ,   1.0063146634218956     
   3.7806534174477786E+017 ,   1.0063065008284917     
   3.7831212068847552E+017 ,   1.0062983540030073     
   3.7855889963217318E+017 ,   1.0062902229049797     
   3.7880567857587085E+017 ,   1.0062821074940751     
   3.7905245751956845E+017 ,   1.0062740077300882     
   3.7929923646326605E+017 ,   1.0062659235729419     
   3.7954601540696365E+017 ,   1.0062578549826877     
   3.7979279435066138E+017 ,   1.0062498019195047     
   3.8003957329435898E+017 ,   1.0062417643436965     
   3.8028635223805664E+017 ,   1.0062337422156959     
   3.8053313118175430E+017 ,   1.0062257354960613     
   3.8077991012545197E+017 ,   1.0062177441454745     
   3.8102668906914957E+017 ,   1.0062097681247433     
   3.8127346801284717E+017 ,   1.0062018073948016     
   3.8152024695654483E+017 ,   1.0061938619167052     
   3.8176702590024243E+017 ,   1.0061859316516337     
   3.8201380484394016E+017 ,   1.0061780165608909     
   3.8226058378763776E+017 ,   1.0061701166059023     
   3.8250736273133542E+017 ,   1.0061622317482157     
   3.8275414167503290E+017 ,   1.0061543619494999     
   3.8300092061873056E+017 ,   1.0061465071715472     
   3.8324769956242822E+017 ,   1.0061386673762680     
   3.8349447850612589E+017 ,   1.0061308425256947     
   3.8374125744982355E+017 ,   1.0061230325819783     
   3.8398803639352115E+017 ,   1.0061152375073905     
   3.8423481533721882E+017 ,   1.0061074572643200     
   3.8448159428091648E+017 ,   1.0060996918152771     
   3.8472837322461408E+017 ,   1.0060919411228870     
   3.8497515216831168E+017 ,   1.0060842051498948     
   3.8522193111200934E+017 ,   1.0060764838591607     
   3.8546871005570694E+017 ,   1.0060687772136643     
   3.8571548899940467E+017 ,   1.0060610851764975     
   3.8596226794310227E+017 ,   1.0060534077108727     
   3.8620904688679994E+017 ,   1.0060457447801139     
   3.8645582583049747E+017 ,   1.0060380963476629     
   3.8670260477419507E+017 ,   1.0060304623770733     
   3.8694938371789280E+017 ,   1.0060228428320155     
   3.8719616266159046E+017 ,   1.0060152376762723     
   3.8744294160528806E+017 ,   1.0060076468737393     
   3.8768972054898566E+017 ,   1.0060000703884253     
   3.8793649949268346E+017 ,   1.0059925081844527     
   3.8818327843638093E+017 ,   1.0059849602260538     
   3.8843005738007859E+017 ,   1.0059774264775743     
   3.8867683632377619E+017 ,   1.0059699069034702     
   3.8892361526747386E+017 ,   1.0059624014683084     
   3.8917039421117152E+017 ,   1.0059549101367660     
   3.8941717315486918E+017 ,   1.0059474328736295     
   3.8966395209856678E+017 ,   1.0059399696437969     
   3.8991073104226445E+017 ,   1.0059325204122733     
   3.9015750998596205E+017 ,   1.0059250851441728     
   3.9040428892965971E+017 ,   1.0059176638047191     
   3.9065106787335738E+017 ,   1.0059102563592419     
   3.9089784681705498E+017 ,   1.0059028627731801     
   3.9114462576075264E+017 ,   1.0058954830120783     
   3.9139140470445024E+017 ,   1.0058881170415894     
   3.9163818364814797E+017 ,   1.0058807648274715     
   3.9188496259184550E+017 ,   1.0058734263355877     
   3.9213174153554310E+017 ,   1.0058661015319093     
   3.9237852047924070E+017 ,   1.0058587903825098     
   3.9262529942293843E+017 ,   1.0058514928535696     
   3.9287207836663603E+017 ,   1.0058442089113724     
   3.9311885731033370E+017 ,   1.0058369385223067     
   3.9336563625403130E+017 ,   1.0058296816528627     
   3.9361241519772890E+017 ,   1.0058224382696361     
   3.9385919414142656E+017 ,   1.0058152083393241     
   3.9410597308512422E+017 ,   1.0058079918287270     
   3.9435275202882189E+017 ,   1.0058007887047469     
   3.9459953097251949E+017 ,   1.0057935989343871     
   3.9484630991621715E+017 ,   1.0057864224847535     
   3.9509308885991482E+017 ,   1.0057792593230510     
   3.9533986780361248E+017 ,   1.0057721094165870     
   3.9558664674731002E+017 ,   1.0057649727327684     
   3.9583342569100768E+017 ,   1.0057578492391011     
   3.9608020463470528E+017 ,   1.0057507389031917     
   3.9632698357840301E+017 ,   1.0057436416927459     
   3.9657376252210061E+017 ,   1.0057365575755670     
   3.9682054146579827E+017 ,   1.0057294865195576     
   3.9706732040949587E+017 ,   1.0057224284927184     
   3.9731409935319341E+017 ,   1.0057153834631472     
   3.9756087829689114E+017 ,   1.0057083513990390     
   3.9780765724058874E+017 ,   1.0057013322686874     
   3.9805443618428640E+017 ,   1.0056943260404800     
   3.9830121512798400E+017 ,   1.0056873326829028     
   3.9854799407168173E+017 ,   1.0056803521645366     
   3.9879477301537933E+017 ,   1.0056733844540586     
   3.9904155195907699E+017 ,   1.0056664295202395     
   3.9928833090277453E+017 ,   1.0056594873319482     
   3.9953510984647219E+017 ,   1.0056525578581443     
   3.9978188879016986E+017 ,   1.0056456410678831     
   4.0002866773386752E+017 ,   1.0056387369303139     
   4.0027544667756512E+017 ,   1.0056318454146804     
   4.0052222562126278E+017 ,   1.0056249664903181     
   4.0076900456496038E+017 ,   1.0056181001266555     
   4.0101578350865805E+017 ,   1.0056112462932139     
   4.0126256245235571E+017 ,   1.0056044049596067     
   4.0150934139605331E+017 ,   1.0055975760955385     
   4.0175612033975098E+017 ,   1.0055907596708067     
   4.0200289928344851E+017 ,   1.0055839556552992     
   4.0224967822714630E+017 ,   1.0055771640189937     
   4.0249645717084390E+017 ,   1.0055703847319601     
   4.0274323611454144E+017 ,   1.0055636177643577     
   4.0299001505823904E+017 ,   1.0055568630864347     
   4.0323679400193670E+017 ,   1.0055501206685304     
   4.0348357294563437E+017 ,   1.0055433904810722     
   4.0373035188933203E+017 ,   1.0055366724945780     
   4.0397713083302963E+017 ,   1.0055299666796511     
   4.0422390977672730E+017 ,   1.0055232730069863     
   4.0447068872042496E+017 ,   1.0055165914473647     
   4.0471746766412256E+017 ,   1.0055099219716552     
   4.0496424660782022E+017 ,   1.0055032645508137     
   4.0521102555151782E+017 ,   1.0054966191558845     
   4.0545780449521549E+017 ,   1.0054899857579966     
   4.0570458343891315E+017 ,   1.0054833643283672     
   4.0595136238261082E+017 ,   1.0054767548382970     
   4.0619814132630842E+017 ,   1.0054701572591762     
   4.0644492027000602E+017 ,   1.0054635715624762     
   4.0669169921370355E+017 ,   1.0054569977197572     
   4.0693847815740134E+017 ,   1.0054504357026617     
   4.0718525710109894E+017 ,   1.0054438854829184     
   4.0743203604479654E+017 ,   1.0054373470323390     
   4.0767881498849414E+017 ,   1.0054308203228193     
   4.0792559393219181E+017 ,   1.0054243053263401     
   4.0817237287588947E+017 ,   1.0054178020149631     
   4.0841915181958707E+017 ,   1.0054113103608355     
   4.0866593076328474E+017 ,   1.0054048303361856     
   4.0891270970698234E+017 ,   1.0053983619133249     
   4.0915948865068000E+017 ,   1.0053919050646458     
   4.0940626759437766E+017 ,   1.0053854597626246     
   4.0965304653807533E+017 ,   1.0053790259798181     
   4.0989982548177293E+017 ,   1.0053726036888633     
   4.1014660442547053E+017 ,   1.0053661928624811     
   4.1039338336916813E+017 ,   1.0053597934734699     
   4.1064016231286586E+017 ,   1.0053534054947098     
   4.1088694125656346E+017 ,   1.0053470288991619     
   4.1113372020026112E+017 ,   1.0053406636598652     
   4.1138049914395872E+017 ,   1.0053343097499405     
   4.1162727808765645E+017 ,   1.0053279671425865     
   4.1187405703135398E+017 ,   1.0053216358110808     
   4.1212083597505158E+017 ,   1.0053153157287802     
   4.1236761491874925E+017 ,   1.0053090068691206     
   4.1261439386244685E+017 ,   1.0053027092056146     
   4.1286117280614458E+017 ,   1.0052964227118533     
   4.1310795174984218E+017 ,   1.0052901473615057     
   4.1335473069353984E+017 ,   1.0052838831283186     
   4.1360150963723738E+017 ,   1.0052776299861148     
   4.1384828858093504E+017 ,   1.0052713879087940     
   4.1409506752463270E+017 ,   1.0052651568703337     
   4.1434184646833037E+017 ,   1.0052589368447860     
   4.1458862541202797E+017 ,   1.0052527278062799     
   4.1483540435572563E+017 ,   1.0052465297290198     
   4.1508218329942330E+017 ,   1.0052403425872871     
   4.1532896224312096E+017 ,   1.0052341663554352     
   4.1557574118681856E+017 ,   1.0052280010078953     
   4.1582252013051616E+017 ,   1.0052218465191729     
   4.1606929907421382E+017 ,   1.0052157028638458     
   4.1631607801791149E+017 ,   1.0052095700165695     
   4.1656285696160915E+017 ,   1.0052034479520688     
   4.1680963590530675E+017 ,   1.0051973366451474     
   4.1705641484900442E+017 ,   1.0051912360706785     
   4.1730319379270189E+017 ,   1.0051851462036085     
   4.1754997273639962E+017 ,   1.0051790670189602     
   4.1779675168009722E+017 ,   1.0051729984918241     
   4.1804353062379488E+017 ,   1.0051669405973676     
   4.1829030956749254E+017 ,   1.0051608933108271     
   4.1853708851119014E+017 ,   1.0051548566075126     
   4.1878386745488787E+017 ,   1.0051488304628051     
   4.1903064639858547E+017 ,   1.0051428148521560     
   4.1927742534228307E+017 ,   1.0051368097510904     
   4.1952420428598067E+017 ,   1.0051308151352010     
   4.1977098322967834E+017 ,   1.0051248309801539     
   4.2001776217337600E+017 ,   1.0051188572616845     
   4.2026454111707366E+017 ,   1.0051128939555978     
   4.2051132006077126E+017 ,   1.0051069410377691     
   4.2075809900446893E+017 ,   1.0051009984841441     
   4.2100487794816646E+017 ,   1.0050950662707372     
   4.2125165689186419E+017 ,   1.0050891443736312     
   4.2149843583556179E+017 ,   1.0050832327689803     
   4.2174521477925939E+017 ,   1.0050773314330035     
   4.2199199372295706E+017 ,   1.0050714403419927     
   4.2223877266665478E+017 ,   1.0050655594723055     
   4.2248555161035238E+017 ,   1.0050596888003669     
   4.2273233055404992E+017 ,   1.0050538283026718     
   4.2297910949774758E+017 ,   1.0050479779557804     
   4.2322588844144518E+017 ,   1.0050421377363226     
   4.2347266738514291E+017 ,   1.0050363076209925     
   4.2371944632884051E+017 ,   1.0050304875865534     
   4.2396622527253818E+017 ,   1.0050246776098342     
   4.2421300421623578E+017 ,   1.0050188776677307     
   4.2445978315993344E+017 ,   1.0050130877372043     
   4.2470656210363104E+017 ,   1.0050073077952815     
   4.2495334104732870E+017 ,   1.0050015378190571     
   4.2520011999102630E+017 ,   1.0049957777856888     
   4.2544689893472397E+017 ,   1.0049900276724011     
   4.2569367787842163E+017 ,   1.0049842874564827     
   4.2594045682211930E+017 ,   1.0049785571152865     
   4.2618723576581696E+017 ,   1.0049728366262323     
   4.2643401470951443E+017 ,   1.0049671259668012     
   4.2668079365321210E+017 ,   1.0049614251145416     
   4.2692757259690970E+017 ,   1.0049557340470627     
   4.2717435154060742E+017 ,   1.0049500527420399     
   4.2742113048430502E+017 ,   1.0049443811772116     
   4.2766790942800269E+017 ,   1.0049387193303780     
   4.2791468837170029E+017 ,   1.0049330671794034     
   4.2816146731539789E+017 ,   1.0049274247022157     
   4.2840824625909555E+017 ,   1.0049217918768043     
   4.2865502520279322E+017 ,   1.0049161686812205     
   4.2890180414649088E+017 ,   1.0049105550935795     
   4.2914858309018848E+017 ,   1.0049049510920576     
   4.2939536203388621E+017 ,   1.0048993566548923     
   4.2964214097758381E+017 ,   1.0048937717603841     
   4.2988891992128147E+017 ,   1.0048881963868928     
   4.3013569886497901E+017 ,   1.0048826305128424     
   4.3038247780867667E+017 ,   1.0048770741167146     
   4.3062925675237434E+017 ,   1.0048715271770541     
   4.3087603569607200E+017 ,   1.0048659896724654     
   4.3112281463976960E+017 ,   1.0048604615816124     
   4.3136959358346726E+017 ,   1.0048549428832207     
   4.3161637252716486E+017 ,   1.0048494335560754     
   4.3186315147086246E+017 ,   1.0048439335790200     
   4.3210993041456013E+017 ,   1.0048384429309594     
   4.3235670935825773E+017 ,   1.0048329615908569     
   4.3260348830195539E+017 ,   1.0048274895377349     
   4.3285026724565299E+017 ,   1.0048220267506751     
   4.3309704618935072E+017 ,   1.0048165732088177     
   4.3334382513304832E+017 ,   1.0048111288913604     
   4.3359060407674598E+017 ,   1.0048056937775613     
   4.3383738302044352E+017 ,   1.0048002678467360     
   4.3408416196414125E+017 ,   1.0047948510782565     
   4.3433094090783885E+017 ,   1.0047894434515545     
   4.3457771985153651E+017 ,   1.0047840449461185     
   4.3482449879523411E+017 ,   1.0047786555414933     
   4.3507127773893178E+017 ,   1.0047732752172820     
   4.3531805668262944E+017 ,   1.0047679039531459     
   4.3556483562632704E+017 ,   1.0047625417288006     
   4.3581161457002464E+017 ,   1.0047571885240196     
   4.3605839351372230E+017 ,   1.0047518443186327     
   4.3630517245741997E+017 ,   1.0047465090925263     
   4.3655195140111763E+017 ,   1.0047411828256423     
   4.3679873034481530E+017 ,   1.0047358654979777     
   4.3704550928851283E+017 ,   1.0047305570895868     
   4.3729228823221043E+017 ,   1.0047252575805785     
   4.3753906717590803E+017 ,   1.0047199669511169     
   4.3778584611960576E+017 ,   1.0047146851814215     
   4.3803262506330336E+017 ,   1.0047094122517664     
   4.3827940400700102E+017 ,   1.0047041481424812     
   4.3852618295069862E+017 ,   1.0046988928339493     
   4.3877296189439629E+017 ,   1.0046936463066087     
   4.3901974083809395E+017 ,   1.0046884085409511     
   4.3926651978179155E+017 ,   1.0046831795175231     
   4.3951329872548922E+017 ,   1.0046779592169248     
   4.3976007766918682E+017 ,   1.0046727476198103     
   4.4000685661288454E+017 ,   1.0046675447068867     
   4.4025363555658214E+017 ,   1.0046623504589134     
   4.4050041450027981E+017 ,   1.0046571648567049     
   4.4074719344397741E+017 ,   1.0046519878811284     
   4.4099397238767494E+017 ,   1.0046468195131024     
   4.4124075133137267E+017 ,   1.0046416597335985     
   4.4148753027507034E+017 ,   1.0046365085236422     
   4.4173430921876787E+017 ,   1.0046313658643100     
   4.4198108816246554E+017 ,   1.0046262317367300     
   4.4222786710616314E+017 ,   1.0046211061220838     
   4.4247464604986086E+017 ,   1.0046159890016031     
   4.4272142499355846E+017 ,   1.0046108803565723     
   4.4296820393725606E+017 ,   1.0046057801683264     
   4.4321498288095373E+017 ,   1.0046006884182523     
   4.4346176182465133E+017 ,   1.0045956050877878     
   4.4370854076834906E+017 ,   1.0045905301584213     
   4.4395531971204666E+017 ,   1.0045854636116920     
   4.4420209865574432E+017 ,   1.0045804054291905     
   4.4444887759944192E+017 ,   1.0045753555925570     
   4.4469565654313952E+017 ,   1.0045703140834810     
   4.4494243548683718E+017 ,   1.0045652808837044     
   4.4518921443053485E+017 ,   1.0045602559750166     
   4.4543599337423245E+017 ,   1.0045552393392587     
   4.4568277231793011E+017 ,   1.0045502309583203     
   4.4592955126162778E+017 ,   1.0045452308141409     
   4.4617633020532544E+017 ,   1.0045402388887086     
   4.4642310914902298E+017 ,   1.0045352551640618     
   4.4666988809272058E+017 ,   1.0045302796222861     
   4.4691666703641824E+017 ,   1.0045253122455178     
   4.4716344598011590E+017 ,   1.0045203530159399     
   4.4741022492381357E+017 ,   1.0045154019157847     
   4.4765700386751117E+017 ,   1.0045104589273346     
   4.4790378281120883E+017 ,   1.0045055240329164     
   4.4815056175490637E+017 ,   1.0045005972149084     
   4.4839734069860410E+017 ,   1.0044956784557353     
   4.4864411964230170E+017 ,   1.0044907677378685     
   4.4889089858599936E+017 ,   1.0044858650438289     
   4.4913767752969696E+017 ,   1.0044809703561832     
   4.4938445647339462E+017 ,   1.0044760836575457     
   4.4963123541709229E+017 ,   1.0044712049305786     
   4.4987801436078995E+017 ,   1.0044663341579898     
   4.5012479330448755E+017 ,   1.0044614713225346     
   4.5037157224818515E+017 ,   1.0044566164070154     
   4.5061835119188282E+017 ,   1.0044517693942789     
   4.5086513013558048E+017 ,   1.0044469302672221     
   4.5111190907927814E+017 ,   1.0044420990087839     
   4.5135868802297574E+017 ,   1.0044372756019513     
   4.5160546696667334E+017 ,   1.0044324600297574     
   4.5185224591037088E+017 ,   1.0044276522752804     
   4.5209902485406861E+017 ,   1.0044228523216434     
   4.5234580379776621E+017 ,   1.0044180601520174     
   4.5259258274146387E+017 ,   1.0044132757496154     
   4.5283936168516147E+017 ,   1.0044084990976974     
   4.5308614062885920E+017 ,   1.0044037301795687     
   4.5333291957255680E+017 ,   1.0043989689785777     
   4.5357969851625446E+017 ,   1.0043942154781196     
   4.5382647745995206E+017 ,   1.0043894696616331     
   4.5407325640364966E+017 ,   1.0043847315126011     
   4.5432003534734739E+017 ,   1.0043800010145503     
   4.5456681429104499E+017 ,   1.0043752781510531     
   4.5481359323474266E+017 ,   1.0043705629057249     
   4.5506037217844026E+017 ,   1.0043658552622248     
   4.5530715112213792E+017 ,   1.0043611552042560     
   4.5555393006583552E+017 ,   1.0043564627155648     
   4.5580070900953318E+017 ,   1.0043517777799416     
   4.5604748795323078E+017 ,   1.0043471003812194     
   4.5629426689692838E+017 ,   1.0043424305032749     
   4.5654104584062605E+017 ,   1.0043377681300276     
   4.5678782478432378E+017 ,   1.0043331132454387     
   4.5703460372802138E+017 ,   1.0043284658335148     
   4.5728138267171891E+017 ,   1.0043238258783025     
   4.5752816161541658E+017 ,   1.0043191933638924     
   4.5777494055911424E+017 ,   1.0043145682744161     
   4.5802171950281190E+017 ,   1.0043099505940494     
   4.5826849844650950E+017 ,   1.0043053403070079     
   4.5851527739020717E+017 ,   1.0043007373975503     
   4.5876205633390477E+017 ,   1.0042961418499774     
   4.5900883527760250E+017 ,   1.0042915536486308     
   4.5925561422130003E+017 ,   1.0042869727778945     
   4.5950239316499770E+017 ,   1.0042823992221921     
   4.5974917210869530E+017 ,   1.0042778329659914     
   4.5999595105239296E+017 ,   1.0042732739937987     
   4.6024272999609062E+017 ,   1.0042687222901625     
   4.6048950893978829E+017 ,   1.0042641778396724     
   4.6073628788348595E+017 ,   1.0042596406269571     
   4.6098306682718342E+017 ,   1.0042551106366882     
   4.6122984577088109E+017 ,   1.0042505878535768     
   4.6147662471457875E+017 ,   1.0042460722623729     
   4.6172340365827642E+017 ,   1.0042415638478690     
   4.6197018260197402E+017 ,   1.0042370625948964     
   4.6221696154567168E+017 ,   1.0042325684883273     
   4.6246374048936928E+017 ,   1.0042280815130731     
   4.6271051943306694E+017 ,   1.0042236016540840     
   4.6295729837676454E+017 ,   1.0042191288963511     
   4.6320407732046221E+017 ,   1.0042146632249058     
   4.6345085626415987E+017 ,   1.0042102046248156     
   4.6369763520785754E+017 ,   1.0042057530811914     
   4.6394441415155514E+017 ,   1.0042013085791799     
   4.6419119309525280E+017 ,   1.0041968711039686     
   4.6443797203895046E+017 ,   1.0041924406407823     
   4.6468475098264800E+017 ,   1.0041880171748863     
   4.6493152992634573E+017 ,   1.0041836006915836     
   4.6517830887004333E+017 ,   1.0041791911762148     
   4.6542508781374099E+017 ,   1.0041747886141612     
   4.6567186675743859E+017 ,   1.0041703929908405     
   4.6591864570113626E+017 ,   1.0041660042917087     
   4.6616542464483392E+017 ,   1.0041616225022600     
   4.6641220358853146E+017 ,   1.0041572476080272     
   4.6665898253222906E+017 ,   1.0041528795945791     
   4.6690576147592672E+017 ,   1.0041485184475245     
   4.6715254041962438E+017 ,   1.0041441641525084     
   4.6739931936332205E+017 ,   1.0041398166952125     
   4.6764609830701971E+017 ,   1.0041354760613581     
   4.6789287725071731E+017 ,   1.0041311422367010     
   4.6813965619441491E+017 ,   1.0041268152070355     
   4.6838643513811251E+017 ,   1.0041224949581928     
   4.6863321408181024E+017 ,   1.0041181814760414     
   4.6887999302550784E+017 ,   1.0041138747464857     
   4.6912677196920550E+017 ,   1.0041095747554658     
   4.6937355091290310E+017 ,   1.0041052814889606     
   4.6962032985660083E+017 ,   1.0041009949329842     
   4.6986710880029843E+017 ,   1.0040967150735869     
   4.7011388774399603E+017 ,   1.0040924418968549     
   4.7036066668769363E+017 ,   1.0040881753889108     
   4.7060744563139130E+017 ,   1.0040839155359136     
   4.7085422457508896E+017 ,   1.0040796623240569     
   4.7110100351878662E+017 ,   1.0040754157395722     
   4.7134778246248429E+017 ,   1.0040711757687233     
   4.7159456140618182E+017 ,   1.0040669423978126     
   4.7184134034987942E+017 ,   1.0040627156131758     
   4.7208811929357709E+017 ,   1.0040584954011855     
   4.7233489823727475E+017 ,   1.0040542817482483     
   4.7258167718097235E+017 ,   1.0040500746408061     
   4.7282845612467002E+017 ,   1.0040458740653357     
   4.7307523506836762E+017 ,   1.0040416800083498     
   4.7332201401206534E+017 ,   1.0040374924563935     
   4.7356879295576294E+017 ,   1.0040333113960493     
   4.7381557189946054E+017 ,   1.0040291368139322     
   4.7406235084315821E+017 ,   1.0040249686966920     
   4.7430912978685581E+017 ,   1.0040208070310139     
   4.7455590873055354E+017 ,   1.0040166518036155     
   4.7480268767425114E+017 ,   1.0040125030012499     
   4.7504946661794880E+017 ,   1.0040083606107040     
   4.7529624556164640E+017 ,   1.0040042246187983     
   4.7554302450534394E+017 ,   1.0040000950123866     
   4.7578980344904166E+017 ,   1.0039959717783573     
   4.7603658239273933E+017 ,   1.0039918549036320     
   4.7628336133643686E+017 ,   1.0039877443751657     
   4.7653014028013453E+017 ,   1.0039836401799458     
   4.7677691922383219E+017 ,   1.0039795423049958     
   4.7702369816752986E+017 ,   1.0039754507373693     
   4.7727047711122746E+017 ,   1.0039713654641542     
   4.7751725605492506E+017 ,   1.0039672864724720     
   4.7776403499862272E+017 ,   1.0039632137494763     
   4.7801081394232038E+017 ,   1.0039591472823530     
   4.7825759288601805E+017 ,   1.0039550870583216     
   4.7850437182971565E+017 ,   1.0039510330646333     
   4.7875115077341331E+017 ,   1.0039469852885725     
   4.7899792971711091E+017 ,   1.0039429437174570     
   4.7924470866080858E+017 ,   1.0039389083386336     
   4.7949148760450618E+017 ,   1.0039348791394844     
   4.7973826654820384E+017 ,   1.0039308561074218     
   4.7998504549190144E+017 ,   1.0039268392298915     
   4.8023182443559910E+017 ,   1.0039228284943698     
   4.8047860337929677E+017 ,   1.0039188238883652     
   4.8072538232299443E+017 ,   1.0039148253994183     
   4.8097216126669197E+017 ,   1.0039108330151016     
   4.8121894021038957E+017 ,   1.0039068467230170     
   4.8146571915408730E+017 ,   1.0039028665108001     
   4.8171249809778490E+017 ,   1.0038988923661176     
   4.8195927704148256E+017 ,   1.0038949242766655     
   4.8220605598518016E+017 ,   1.0038909622301728     
   4.8245283492887782E+017 ,   1.0038870062143992     
   4.8269961387257542E+017 ,   1.0038830562171346     
   4.8294639281627309E+017 ,   1.0038791122261999     
   4.8319317175997069E+017 ,   1.0038751742294469     
   4.8343995070366835E+017 ,   1.0038712422147591     
   4.8368672964736595E+017 ,   1.0038673161700487     
   4.8393350859106368E+017 ,   1.0038633960832593     
   4.8418028753476128E+017 ,   1.0038594819423645     
   4.8442706647845894E+017 ,   1.0038555737353692     
   4.8467384542215654E+017 ,   1.0038516714503072     
   4.8492062436585414E+017 ,   1.0038477750752426     
   4.8516740330955187E+017 ,   1.0038438845982707     
   4.8541418225324947E+017 ,   1.0038400000075149     
   4.8566096119694714E+017 ,   1.0038361212911298     
   4.8590774014064474E+017 ,   1.0038322484372988     
   4.8615451908434234E+017 ,   1.0038283814342366     
   4.8640129802803994E+017 ,   1.0038245202701845     
   4.8664807697173760E+017 ,   1.0038206649334167     
   4.8689485591543520E+017 ,   1.0038168154122340     
   4.8714163485913286E+017 ,   1.0038129716949675     
   4.8738841380283053E+017 ,   1.0038091337699786     
   4.8763519274652819E+017 ,   1.0038053016256556     
   4.8788197169022579E+017 ,   1.0038014752504176     
   4.8812875063392346E+017 ,   1.0037976546327119     
   4.8837552957762106E+017 ,   1.0037938397610149     
   4.8862230852131872E+017 ,   1.0037900306238312     
   4.8886908746501638E+017 ,   1.0037862272096956     
   4.8911586640871398E+017 ,   1.0037824295071691     
   4.8936264535241165E+017 ,   1.0037786375048434     
   4.8960942429610925E+017 ,   1.0037748511913371     
   4.8985620323980698E+017 ,   1.0037710705552982     
   4.9010298218350451E+017 ,   1.0037672955854027     
   4.9034976112720218E+017 ,   1.0037635262703546     
   4.9059654007089971E+017 ,   1.0037597625988852     
   4.9084331901459738E+017 ,   1.0037560045597553     
   4.9109009795829510E+017 ,   1.0037522521417528     
   4.9133687690199270E+017 ,   1.0037485053336939     
   4.9158365584569037E+017 ,   1.0037447641244208     
   4.9183043478938790E+017 ,   1.0037410285028068     
   4.9207721373308557E+017 ,   1.0037372984577484     
   4.9232399267678323E+017 ,   1.0037335739781736     
   4.9257077162048090E+017 ,   1.0037298550530362     
   4.9281755056417850E+017 ,   1.0037261416713166     
   4.9306432950787616E+017 ,   1.0037224338220234     
   4.9331110845157382E+017 ,   1.0037187314941922     
   4.9355788739527149E+017 ,   1.0037150346768859     
