   0.0000000000000000      ,   300.42160000000001     
   246778943697635.72      ,   63.398730735250687     
   493557887395271.44      ,   27.745107258913325     
   740336831092907.12      ,   15.659983163448722     
   987115774790542.88      ,   10.505744136292426     
   1233894718488178.5      ,   7.9011651811421881     
   1480673662185814.2      ,   6.4157794651203686     
   1727452605883449.8      ,   5.4906544393308430     
   1974231549581085.8      ,   4.8747815814204607     
   2221010493278721.5      ,   4.4428001110500093     
   2467789436976357.0      ,   4.1267192267042390     
   2714568380673993.0      ,   3.8871703413142127     
   2961347324371628.5      ,   3.7001176409473993     
   3208126268069264.5      ,   3.5502311189203741     
   3454905211766899.5      ,   3.4273690404266208     
   3701684155464535.5      ,   3.3246107166269683     
   3948463099162171.5      ,   3.2371064116379040     
   4195242042859807.5      ,   3.1613788261878053     
   4442020986557443.0      ,   3.0948845377259531     
   4688799930255079.0      ,   3.0357305096865366     
   4935578873952714.0      ,   2.9824860469911938     
   5182357817650351.0      ,   2.9340551578216689     
   5429136761347986.0      ,   2.8895881103074990     
   5675915705045621.0      ,   2.8484189987959798     
   5922694648743257.0      ,   2.8100209249396455     
   6169473592440893.0      ,   2.7739733314167991     
   6416252536138529.0      ,   2.7399378629796627     
   6663031479836163.0      ,   2.7076403044654769     
   6909810423533799.0      ,   2.6768569115512331     
   7156589367231436.0      ,   2.6474039585636255     
   7403368310929071.0      ,   2.6191296707902034     
   7650147254626707.0      ,   2.5919079438339963     
   7896926198324343.0      ,   2.5656334159378229     
   8143705142021978.0      ,   2.5402175742701401     
   8390484085719615.0      ,   2.5155856582148490     
   8637263029417251.0      ,   2.4916741819011219     
   8884041973114886.0      ,   2.4684289413817622     
   9130820916812522.0      ,   2.4458034036800336     
   9377599860510158.0      ,   2.4237573985907859     
   9624378804207792.0      ,   2.4022560518868459     
   9871157747905428.0      ,   2.3812689120300088     
   10117936691603062.      ,   2.3607692327471486     
   10364715635300702.      ,   2.3407333817192866     
   10611494578998336.      ,   2.3211403517360836     
   10858273522695972.      ,   2.3019713554237429     
   11105052466393608.      ,   2.2832094883812517     
   11351831410091242.      ,   2.2648394484973591     
   11598610353788878.      ,   2.2468473015481067     
   11845389297486514.      ,   2.2292202850280609     
   12092168241184150.      ,   2.2119466436509447     
   12338947184881786.      ,   2.1950154911466520     
   12585726128579420.      ,   2.1784166939426579     
   12832505072277058.      ,   2.1621407730962252     
   13079284015974692.      ,   2.1461788214764885     
   13326062959672326.      ,   2.1305224337115511     
   13572841903369964.      ,   2.1151636468380115     
   13819620847067598.      ,   2.1000948899369569     
   14066399790765236.      ,   2.0853089413257613     
   14313178734462872.      ,   2.0707988921105964     
   14559957678160508.      ,   2.0565581150994516     
   14806736621858142.      ,   2.0425802382371918     
   15053515565555778.      ,   2.0288591218586802     
   15300294509253414.      ,   2.0153888391680450     
   15547073452951048.      ,   2.0021636594458019     
   15793852396648686.      ,   1.9891780335638458     
   16040631340346322.      ,   1.9764265814539961     
   16287410284043956.      ,   1.9639040812309074     
   16534189227741592.      ,   1.9516054597165158     
   16780968171439230.      ,   1.9395257841522715     
   17027747115136864.      ,   1.9276602549183017     
   17274526058834502.      ,   1.9160041991065024     
   17521305002532136.      ,   1.9045530648180156     
   17768083946229772.      ,   1.8933024160754792     
   18014862889927408.      ,   1.8822479282572422     
   18261641833625044.      ,   1.8713853839750176     
   18508420777322676.      ,   1.8607106693285511     
   18755199721020316.      ,   1.8502197704811092     
   19001978664717952.      ,   1.8399087705083386     
   19248757608415584.      ,   1.8297738464803912     
   19495536552113224.      ,   1.8198112667434958     
   19742315495810856.      ,   1.8100173883724628     
   19989094439508492.      ,   1.8003886547701264     
   20235873383206124.      ,   1.7909215933935305     
   20482652326903768.      ,   1.7816128135899212     
   20729431270601404.      ,   1.7724590045283355     
   20976210214299032.      ,   1.7634569332148886     
   21222989157996672.      ,   1.7546034425818422     
   21469768101694304.      ,   1.7458954496421535     
   21716547045391944.      ,   1.7373299437026166     
   21963325989089580.      ,   1.7289039846298833     
   22210104932787216.      ,   1.7206147011645931     
   22456883876484848.      ,   1.7124592892797117     
   22703662820182484.      ,   1.7044350105798185     
   22950441763880124.      ,   1.6965391907386813     
   23197220707577756.      ,   1.6887692179729128     
   23443999651275396.      ,   1.6811225415498945     
   23690778594973028.      ,   1.6735966703284866     
   23937557538670660.      ,   1.6661891713312758     
   24184336482368300.      ,   1.6588976683473626     
   24431115426065936.      ,   1.6517198405648230     
   24677894369763572.      ,   1.6446534212321426     
   24924673313461208.      ,   1.6376961963480148     
   25171452257158840.      ,   1.6308460033789878     
   25418231200856472.      ,   1.6241007300044996     
   25665010144554116.      ,   1.6174583128888933     
   25911789088251748.      ,   1.6109167364800523     
   26158568031949384.      ,   1.6044740318342878     
   26405346975647024.      ,   1.5981282754671615     
   26652125919344652.      ,   1.5918775882299248     
   26898904863042292.      ,   1.5857201342112328     
   27145683806739928.      ,   1.5796541196638521     
   27392462750437564.      ,   1.5736777919559966     
   27639241694135196.      ,   1.5677894385470066     
   27886020637832840.      ,   1.5619873859870133     
   28132799581530472.      ,   1.5562699989402469     
   28379578525228104.      ,   1.5506356792316620     
   28626357468925744.      ,   1.5450828649164936     
   28873136412623376.      ,   1.5396100293724047     
   29119915356321016.      ,   1.5342156804138347     
   29366694300018652.      ,   1.5288983594281826     
   29613473243716284.      ,   1.5236566405334317     
   29860252187413920.      ,   1.5184891297568202     
   30107031131111556.      ,   1.5133944642341808     
   30353810074809196.      ,   1.5083713114295259     
   30600589018506828.      ,   1.5034183683744884     
   30847367962204468.      ,   1.4985343609272181     
   31094146905902096.      ,   1.4937180430503125     
   31340925849599732.      ,   1.4889681961073857     
   31587704793297372.      ,   1.4842836281778706     
   31834483736995008.      ,   1.4796631733896402     
   32081262680692644.      ,   1.4751056912690526     
   32328041624390276.      ,   1.4706100661080121     
   32574820568087912.      ,   1.4661752063476547     
   32821599511785544.      ,   1.4618000439782561     
   33068378455483184.      ,   1.4574835339549777     
   33315157399180820.      ,   1.4532246536290583     
   33561936342878460.      ,   1.4490224021940730     
   33808715286576096.      ,   1.4448758001468882     
   34055494230273728.      ,   1.4407838887629312     
   34302273173971364.      ,   1.4367457295854136     
   34549052117669004.      ,   1.4327604039281616     
   34795831061366640.      ,   1.4288270123916786     
   35042610005064272.      ,   1.4249446743921113     
   35289388948761908.      ,   1.4211125277027774     
   35536167892459544.      ,   1.4173297280079131     
   35782946836157176.      ,   1.4135954484683289     
   36029725779854816.      ,   1.4099088792986390     
   36276504723552456.      ,   1.4062692273557664     
   36523283667250088.      ,   1.4026757157384111     
   36770062610947720.      ,   1.3991275833971801     
   37016841554645352.      ,   1.3956240847551031     
   37263620498342992.      ,   1.3921644893382299     
   37510399442040632.      ,   1.3887480814160480     
   37757178385738264.      ,   1.3853741596514380     
   38003957329435904.      ,   1.3820420367599162     
   38250736273133536.      ,   1.3787510391778945     
   38497515216831168.      ,   1.3755005067397137     
   38744294160528800.      ,   1.3722897923632069     
   38991073104226448.      ,   1.3691182617435513     
   39237852047924080.      ,   1.3659852930551812     
   39484630991621712.      ,   1.3628902766615343     
   39731409935319344.      ,   1.3598326148324140     
   39978188879016984.      ,   1.3568117214687532     
   40224967822714624.      ,   1.3538270218345720     
   40471746766412248.      ,   1.3508779522959329     
   40718525710109896.      ,   1.3479639600666868     
   40965304653807536.      ,   1.3450845029608316     
   41212083597505160.      ,   1.3422390491512890     
   41458862541202808.      ,   1.3394270769349248     
   41705641484900432.      ,   1.3366480745036355     
   41952420428598064.      ,   1.3339015397213292     
   42199199372295704.      ,   1.3311869799066431     
   42445978315993344.      ,   1.3285039116212292     
   42692757259690976.      ,   1.3258518604634546     
   42939536203388608.      ,   1.3232303608673714     
   43186315147086256.      ,   1.3206389559067950     
   43433094090783888.      ,   1.3180771971043679     
   43679873034481520.      ,   1.3155446442454528     
   43926651978179160.      ,   1.3130408651967254     
   44173430921876792.      ,   1.3105654357293461     
   44420209865574432.      ,   1.3081179393465705     
   44666988809272064.      ,   1.3056979671156796     
   44913767752969696.      ,   1.3033051175041175     
   45160546696667336.      ,   1.3009389962197064     
   45407325640364968.      ,   1.2985992160548421     
   45654104584062600.      ,   1.2962853967345471     
   45900883527760248.      ,   1.2939971647682842     
   46147662471457880.      ,   1.2917341533054230     
   46394441415155512.      ,   1.2894960019942583     
   46641220358853152.      ,   1.2872823568444887     
   46887999302550792.      ,   1.2850928700930546     
   47134778246248424.      ,   1.2829272000732492     
   47381557189946056.      ,   1.2807850110870100     
   47628336133643696.      ,   1.2786659732803038     
   47875115077341320.      ,   1.2765697625215284     
   48121894021038960.      ,   1.2744960602828412     
   48368672964736600.      ,   1.2724445535243385     
   48615451908434232.      ,   1.2704149345810116     
   48862230852131872.      ,   1.2684069010524002     
   49109009795829504.      ,   1.2664201556948764     
   49355788739527144.      ,   1.2644544063164873     
   49602567683224784.      ,   1.2625093656742805     
   49849346626922416.      ,   1.2605847513740600     
   50096125570620048.      ,   1.2586802857724952     
   50342904514317680.      ,   1.2567956958815321     
   50589683458015320.      ,   1.2549307132750356     
   50836462401712944.      ,   1.2530850739976078     
   51083241345410592.      ,   1.2512585184755312     
   51330020289108232.      ,   1.2494507914297708     
   51576799232805856.      ,   1.2476616417909876     
   51823578176503496.      ,   1.2458908226165140     
   52070357120201144.      ,   1.2441380910092243     
   52317136063898768.      ,   1.2424032080382776     
   52563915007596408.      ,   1.2406859386616573     
   52810693951294048.      ,   1.2389860516504769     
   53057472894991680.      ,   1.2373033195150078     
   53304251838689304.      ,   1.2356375184323705     
   53551030782386944.      ,   1.2339884281758609     
   53797809726084584.      ,   1.2323558320458676     
   54044588669782216.      ,   1.2307395168023298     
   54291367613479856.      ,   1.2291392725987105     
   54538146557177496.      ,   1.2275548929174322     
   54784925500875128.      ,   1.2259861745067555     
   55031704444572768.      ,   1.2244329173190434     
   55278483388270392.      ,   1.2228949244503975     
   55525262331968040.      ,   1.2213720020816137     
   55772041275665680.      ,   1.2198639594204364     
   56018820219363296.      ,   1.2183706086450741     
   56265599163060944.      ,   1.2168917648489430     
   56512378106758576.      ,   1.2154272459866169     
   56759157050456208.      ,   1.2139768728209381     
   57005935994153848.      ,   1.2125404688712784     
   57252714937851488.      ,   1.2111178603629087     
   57499493881549120.      ,   1.2097088761774550     
   57746272825246752.      ,   1.2083133478044177     
   57993051768944392.      ,   1.2069311092937176     
   58239830712642032.      ,   1.2055619972092564     
   58486609656339664.      ,   1.2042058505834594     
   58733388600037304.      ,   1.2028625108727755     
   58980167543734928.      ,   1.2015318219141211     
   59226946487432568.      ,   1.2002136298822286     
   59473725431130208.      ,   1.1989077832478967     
   59720504374827840.      ,   1.1976141327371055     
   59967283318525480.      ,   1.1963325312909865     
   60214062262223112.      ,   1.1950628340266187     
   60460841205920744.      ,   1.1938048981986384     
   60707620149618392.      ,   1.1925585831616383     
   60954399093316024.      ,   1.1913237503333385     
   61201178037013656.      ,   1.1901002631585154     
   61447956980711296.      ,   1.1888879870736639     
   61694735924408936.      ,   1.1876867894723806     
   61941514868106552.      ,   1.1864965396714489     
   62188293811804192.      ,   1.1853171088776115     
   62435072755501840.      ,   1.1841483701550117     
   62681851699199464.      ,   1.1829901983932944     
   62928630642897104.      ,   1.1818424702763366     
   63175409586594744.      ,   1.1807050642516184     
   63422188530292376.      ,   1.1795778605001881     
   63668967473990016.      ,   1.1784607409072376     
   63915746417687648.      ,   1.1773535890332538     
   64162525361385288.      ,   1.1762562900857412     
   64409304305082928.      ,   1.1751687308915053     
   64656083248780552.      ,   1.1740907998694734     
   64902862192478192.      ,   1.1730223870040541     
   65149641136175824.      ,   1.1719633838190155     
   65396420079873464.      ,   1.1709136833518690     
   65643199023571088.      ,   1.1698731801287545     
   65889977967268736.      ,   1.1688417701398082     
   66136756910966368.      ,   1.1678193508150088     
   66383535854664000.      ,   1.1668058210004877     
   66630314798361640.      ,   1.1658010809352897     
   66877093742059288.      ,   1.1648050322285881     
   67123872685756920.      ,   1.1638175778373210     
   67370651629454552.      ,   1.1628386220442670     
   67617430573152192.      ,   1.1618680704365263     
   67864209516849808.      ,   1.1609058298844137     
   68110988460547456.      ,   1.1599518085207488     
   68357767404245088.      ,   1.1590059157205355     
   68604546347942728.      ,   1.1580680620810229     
   68851325291640360.      ,   1.1571381594021377     
   69098104235338008.      ,   1.1562161206672856     
   69344883179035632.      ,   1.1553018600245046     
   69591662122733280.      ,   1.1543952927679693     
   69838441066430912.      ,   1.1534963353198409     
   70085220010128544.      ,   1.1526049052124454     
   70331998953826184.      ,   1.1517209210707884     
   70578777897523816.      ,   1.1508443025953778     
   70825556841221448.      ,   1.1499749705453772     
   71072335784919088.      ,   1.1491128467220502     
   71319114728616720.      ,   1.1482578539525155     
   71565893672314352.      ,   1.1474099160737976     
   71812672616011984.      ,   1.1465689579171583     
   72059451559709632.      ,   1.1457349052927175     
   72306230503407264.      ,   1.1449076849743500     
   72553009447104912.      ,   1.1440872246848477     
   72799788390802544.      ,   1.1432734530813569     
   73046567334500176.      ,   1.1424662997410666     
   73293346278197808.      ,   1.1416656951471555     
   73540125221895440.      ,   1.1408715706749901     
   73786904165593072.      ,   1.1400838585785635     
   74033683109290704.      ,   1.1393024919771764     
   74280462052988352.      ,   1.1385274048423504     
   74527240996685984.      ,   1.1377585319849739     
   74774019940383616.      ,   1.1369958090426708     
   75020798884081264.      ,   1.1362391724673921     
   75267577827778880.      ,   1.1354885595132216     
   75514356771476528.      ,   1.1347439082243942     
   75761135715174160.      ,   1.1340051574235239     
   76007914658871808.      ,   1.1332722467000349     
   76254693602569440.      ,   1.1325451163987856     
   76501472546267072.      ,   1.1318237076089008     
   76748251489964704.      ,   1.1311079621527858     
   76995030433662336.      ,   1.1303978225753311     
   77241809377359968.      ,   1.1296932321333029     
   77488588321057600.      ,   1.1289941347849122     
   77735367264755264.      ,   1.1283004751795633     
   77982146208452896.      ,   1.1276121986477765     
   78228925152150528.      ,   1.1269292511912758     
   78475704095848160.      ,   1.1262515794732508     
   78722483039545792.      ,   1.1255791308087786     
   78969261983243424.      ,   1.1249118531554054     
   79216040926941056.      ,   1.1242496951038914     
   79462819870638688.      ,   1.1235926058691015     
   79709598814336336.      ,   1.1229405352810560     
   79956377758033968.      ,   1.1222934337761252     
   80203156701731600.      ,   1.1216512523883713     
   80449935645429248.      ,   1.1210139427410339     
   80696714589126880.      ,   1.1203814570381567     
   80943493532824496.      ,   1.1197537480563473     
   81190272476522144.      ,   1.1191307691366799     
   81437051420219792.      ,   1.1185124741767252     
   81683830363917424.      ,   1.1178988176227107     
   81930609307615072.      ,   1.1172897544618117     
   82177388251312688.      ,   1.1166852402145648     
   82424167195010320.      ,   1.1160852309274079     
   82670946138707952.      ,   1.1154896831653345     
   82917725082405616.      ,   1.1148985540046750     
   83164504026103248.      ,   1.1143118010259894     
   83411282969800864.      ,   1.1137293823070742     
   83658061913498512.      ,   1.1131512564160797     
   83904840857196128.      ,   1.1125773824047482     
   84151619800893776.      ,   1.1120077198017404     
   84398398744591408.      ,   1.1114422286060897     
   84645177688289056.      ,   1.1108808692807455     
   84891956631986688.      ,   1.1103236027462244     
   85138735575684336.      ,   1.1097703903743625     
   85385514519381952.      ,   1.1092211939821628     
   85632293463079600.      ,   1.1086759758257443     
   85879072406777216.      ,   1.1081346985943830     
   86125851350474864.      ,   1.1075973254046438     
   86372630294172512.      ,   1.1070638197946128     
   86619409237870144.      ,   1.1065341457182090     
   86866188181567776.      ,   1.1060082675395939     
   87112967125265392.      ,   1.1054861500276592     
   87359746068963040.      ,   1.1049677583506097     
   87606525012660672.      ,   1.1044530580706198     
   87853303956358320.      ,   1.1039420151385828     
   88100082900055952.      ,   1.1034345958889300     
   88346861843753584.      ,   1.1029307670345394     
   88593640787451216.      ,   1.1024304956617179     
   88840419731148864.      ,   1.1019337492252566     
   89087198674846496.      ,   1.1014404955435726     
   89333977618544128.      ,   1.1009507027939123     
   89580756562241760.      ,   1.1004643395076343     
   89827535505939392.      ,   1.0999813745655656     
   90074314449637040.      ,   1.0995017771934201     
   90321093393334672.      ,   1.0990255169572987     
   90567872337032320.      ,   1.0985525637592417     
   90814651280729936.      ,   1.0980828878328641     
   91061430224427584.      ,   1.0976164597390434     
   91308209168125200.      ,   1.0971532503616794     
   91554988111822848.      ,   1.0966932309035167     
   91801767055520496.      ,   1.0962363728820252     
   92048545999218112.      ,   1.0957826481253472     
   92295324942915760.      ,   1.0953320287683019     
   92542103886613392.      ,   1.0948844872484489     
   92788882830311024.      ,   1.0944399963022113     
   93035661774008640.      ,   1.0939985289610574     
   93282440717706304.      ,   1.0935600585477301     
   93529219661403936.      ,   1.0931245586725480     
   93775998605101584.      ,   1.0926920032297420     
   94022777548799216.      ,   1.0922623663938626     
   94269556492496848.      ,   1.0918356226162247     
   94516335436194464.      ,   1.0914117466214159     
   94763114379892112.      ,   1.0909907134038501     
   95009893323589744.      ,   1.0905724982243707     
   95256672267287392.      ,   1.0901570766069069     
   95503451210985040.      ,   1.0897444243351733     
   95750230154682640.      ,   1.0893345174494227     
   95997009098380288.      ,   1.0889273322432396     
   96243788042077920.      ,   1.0885228452603863     
   96490566985775568.      ,   1.0881210332916884     
   96737345929473200.      ,   1.0877218733719698     
   96984124873170864.      ,   1.0873253427770264     
   97230903816868464.      ,   1.0869314190206492     
   97477682760566112.      ,   1.0865400798516842     
   97724461704263744.      ,   1.0861513032511372     
   97971240647961376.      ,   1.0857650674293182     
   98218019591659008.      ,   1.0853813508230272     
   98464798535356640.      ,   1.0850001320927816     
   98711577479054288.      ,   1.0846213901200754     
   98958356422751920.      ,   1.0842451040046881     
   99205135366449568.      ,   1.0838712530620211     
   99451914310147184.      ,   1.0834998168204775     
   99698693253844832.      ,   1.0831307750188763     
   99945472197542464.      ,   1.0827641076039074     
   1.0019225114124010E+017 ,   1.0823997947276089     
   1.0043903008493774E+017 ,   1.0820378167448981     
   1.0068580902863536E+017 ,   1.0816781542111229     
   1.0093258797233301E+017 ,   1.0813207878796509     
   1.0117936691603064E+017 ,   1.0809656986994947     
   1.0142614585972829E+017 ,   1.0806128678129656     
   1.0167292480342589E+017 ,   1.0802622765533669     
   1.0191970374712354E+017 ,   1.0799139064427075     
   1.0216648269082118E+017 ,   1.0795677391894547     
   1.0241326163451883E+017 ,   1.0792237566863221     
   1.0266004057821646E+017 ,   1.0788819410080763     
   1.0290681952191411E+017 ,   1.0785422744093800     
   1.0315359846561171E+017 ,   1.0782047393226681     
   1.0340037740930934E+017 ,   1.0778693183560428     
   1.0364715635300699E+017 ,   1.0775359942912082     
   1.0389393529670464E+017 ,   1.0772047500814246     
   1.0414071424040229E+017 ,   1.0768755688494949     
   1.0438749318409990E+017 ,   1.0765484338857765     
   1.0463427212779754E+017 ,   1.0762233286462211     
   1.0488105107149517E+017 ,   1.0759002367504389     
   1.0512783001519282E+017 ,   1.0755791419797935     
   1.0537460895889045E+017 ,   1.0752600282755158     
   1.0562138790258810E+017 ,   1.0749428797368457     
   1.0586816684628573E+017 ,   1.0746276806192034     
   1.0611494578998336E+017 ,   1.0743144153323778     
   1.0636172473368099E+017 ,   1.0740030684387436     
   1.0660850367737861E+017 ,   1.0736936246515008     
   1.0685528262107626E+017 ,   1.0733860688329364     
   1.0710206156477389E+017 ,   1.0730803859927112     
   1.0734884050847155E+017 ,   1.0727765612861699     
   1.0759561945216917E+017 ,   1.0724745800126694     
   1.0784239839586682E+017 ,   1.0721744276139320     
   1.0808917733956443E+017 ,   1.0718760896724222     
   1.0833595628326208E+017 ,   1.0715795519097393     
   1.0858273522695971E+017 ,   1.0712848001850377     
   1.0882951417065736E+017 ,   1.0709918204934632     
   1.0907629311435499E+017 ,   1.0707005989646088     
   1.0932307205805261E+017 ,   1.0704111218609975     
   1.0956985100175026E+017 ,   1.0701233755765762     
   1.0981662994544789E+017 ,   1.0698373466352342     
   1.1006340888914554E+017 ,   1.0695530216893432     
   1.1031018783284317E+017 ,   1.0692703875183063     
   1.1055696677654078E+017 ,   1.0689894310271397     
   1.1080374572023843E+017 ,   1.0687101392450611     
   1.1105052466393608E+017 ,   1.0684324993241014     
   1.1129730360763371E+017 ,   1.0681564985377328     
   1.1154408255133136E+017 ,   1.0678821242795180     
   1.1179086149502898E+017 ,   1.0676093640617712     
   1.1203764043872659E+017 ,   1.0673382055142393     
   1.1228441938242424E+017 ,   1.0670686363827997     
   1.1253119832612189E+017 ,   1.0668006445281768     
   1.1277797726981954E+017 ,   1.0665342179246691     
   1.1302475621351715E+017 ,   1.0662693446588978     
   1.1327153515721480E+017 ,   1.0660060129285698     
   1.1351831410091242E+017 ,   1.0657442110412569     
   1.1376509304461006E+017 ,   1.0654839274131864     
   1.1401187198830770E+017 ,   1.0652251505680528     
   1.1425865093200534E+017 ,   1.0649678691358422     
   1.1450542987570298E+017 ,   1.0647120718516692     
   1.1475220881940062E+017 ,   1.0644577475546317     
   1.1499898776309824E+017 ,   1.0642048851866788     
   1.1524576670679586E+017 ,   1.0639534737914920     
   1.1549254565049350E+017 ,   1.0637035025133814     
   1.1573932459419114E+017 ,   1.0634549605961972     
   1.1598610353788878E+017 ,   1.0632078373822500     
   1.1623288248158643E+017 ,   1.0629621223112495     
   1.1647966142528406E+017 ,   1.0627178049192545     
   1.1672644036898168E+017 ,   1.0624748748376354     
   1.1697321931267933E+017 ,   1.0622333217920490     
   1.1721999825637696E+017 ,   1.0619931356014305     
   1.1746677720007461E+017 ,   1.0617543061769894     
   1.1771355614377224E+017 ,   1.0615168235212267     
   1.1796033508746986E+017 ,   1.0612806777269588     
   1.1820711403116750E+017 ,   1.0610458589763536     
   1.1845389297486514E+017 ,   1.0608123575399844     
   1.1870067191856278E+017 ,   1.0605801637758836     
   1.1894745086226042E+017 ,   1.0603492681286213     
   1.1919422980595805E+017 ,   1.0601196611283843     
   1.1944100874965568E+017 ,   1.0598913333900755     
   1.1968778769335333E+017 ,   1.0596642756124137     
   1.1993456663705096E+017 ,   1.0594384785770568     
   1.2018134558074861E+017 ,   1.0592139331477235     
   1.2042812452444622E+017 ,   1.0589906302693350     
   1.2067490346814386E+017 ,   1.0587685609671607     
   1.2092168241184149E+017 ,   1.0585477163459784     
   1.2116846135553914E+017 ,   1.0583280875892427     
   1.2141524029923678E+017 ,   1.0581096659582638     
   1.2166201924293440E+017 ,   1.0578924427913949     
   1.2190879818663205E+017 ,   1.0576764095032323     
   1.2215557713032968E+017 ,   1.0574615575838224     
   1.2240235607402731E+017 ,   1.0572478785978781     
   1.2264913501772493E+017 ,   1.0570353641840080     
   1.2289591396142259E+017 ,   1.0568240060539478     
   1.2314269290512022E+017 ,   1.0566137959918123     
   1.2338947184881787E+017 ,   1.0564047258533427     
   1.2363625079251550E+017 ,   1.0561967875651728     
   1.2388302973621310E+017 ,   1.0559899731240994     
   1.2412980867991075E+017 ,   1.0557842745963626     
   1.2437658762360838E+017 ,   1.0555796841169358     
   1.2462336656730603E+017 ,   1.0553761938888200     
   1.2487014551100368E+017 ,   1.0551737961823524     
   1.2511692445470133E+017 ,   1.0549724833345167     
   1.2536370339839893E+017 ,   1.0547722477482668     
   1.2561048234209658E+017 ,   1.0545730818918555     
   1.2585726128579421E+017 ,   1.0543749782981702     
   1.2610404022949186E+017 ,   1.0541779295640819     
   1.2635081917318949E+017 ,   1.0539819283497942     
   1.2659759811688712E+017 ,   1.0537869673782043     
   1.2684437706058475E+017 ,   1.0535930394342730     
   1.2709115600428238E+017 ,   1.0534001373643953     
   1.2733793494798003E+017 ,   1.0532082540757866     
   1.2758471389167766E+017 ,   1.0530173825358704     
   1.2783149283537530E+017 ,   1.0528275157716747     
   1.2807827177907293E+017 ,   1.0526386468692364     
   1.2832505072277058E+017 ,   1.0524507689730078     
   1.2857182966646821E+017 ,   1.0522638752852806     
   1.2881860861016586E+017 ,   1.0520779590656033     
   1.2906538755386347E+017 ,   1.0518930136302134     
   1.2931216649756110E+017 ,   1.0517090323514755     
   1.2955894544125875E+017 ,   1.0515260086573230     
   1.2980572438495638E+017 ,   1.0513439360307102     
   1.3005250332865403E+017 ,   1.0511628080090643     
   1.3029928227235165E+017 ,   1.0509826181837512     
   1.3054606121604930E+017 ,   1.0508033601995419     
   1.3079284015974693E+017 ,   1.0506250277540852     
   1.3103961910344458E+017 ,   1.0504476145973929     
   1.3128639804714218E+017 ,   1.0502711145313208     
   1.3153317699083982E+017 ,   1.0500955214090626     
   1.3177995593453747E+017 ,   1.0499208291346485     
   1.3202673487823514E+017 ,   1.0497470316624453     
   1.3227351382193274E+017 ,   1.0495741229966695     
   1.3252029276563037E+017 ,   1.0494020971908995     
   1.3276707170932800E+017 ,   1.0492309483475941     
   1.3301385065302563E+017 ,   1.0490606706176191     
   1.3326062959672328E+017 ,   1.0488912581997798     
   1.3350740854042091E+017 ,   1.0487227053403525     
   1.3375418748411858E+017 ,   1.0485550063326281     
   1.3400096642781621E+017 ,   1.0483881555164591     
   1.3424774537151384E+017 ,   1.0482221472778070     
   1.3449452431521144E+017 ,   1.0480569760483038     
   1.3474130325890910E+017 ,   1.0478926363048053     
   1.3498808220260674E+017 ,   1.0477291225689649     
   1.3523486114630438E+017 ,   1.0475664294067999     
   1.3548164009000202E+017 ,   1.0474045514282673     
   1.3572841903369962E+017 ,   1.0472434832868447     
   1.3597519797739728E+017 ,   1.0470832196791133     
   1.3622197692109491E+017 ,   1.0469237553443509     
   1.3646875586479254E+017 ,   1.0467650850641199     
   1.3671553480849018E+017 ,   1.0466072036618712     
   1.3696231375218784E+017 ,   1.0464501060025420     
   1.3720909269588546E+017 ,   1.0462937869921669     
   1.3745587163958309E+017 ,   1.0461382415774865     
   1.3770265058328072E+017 ,   1.0459834647455633     
   1.3794942952697835E+017 ,   1.0458294515234017     
   1.3819620847067602E+017 ,   1.0456761969775714     
   1.3844298741437362E+017 ,   1.0455236962138352     
   1.3868976635807126E+017 ,   1.0453719443767810     
   1.3893654530176890E+017 ,   1.0452209366494596     
   1.3918332424546656E+017 ,   1.0450706682530195     
   1.3943010318916416E+017 ,   1.0449211344463556     
   1.3967688213286182E+017 ,   1.0447723305257544     
   1.3992366107655946E+017 ,   1.0446242518245457     
   1.4017044002025709E+017 ,   1.0444768937127575     
   1.4041721896395474E+017 ,   1.0443302515967736     
   1.4066399790765237E+017 ,   1.0441843209189996     
   1.4091077685135000E+017 ,   1.0440390971575253     
   1.4115755579504763E+017 ,   1.0438945758257945     
   1.4140433473874526E+017 ,   1.0437507524722804     
   1.4165111368244290E+017 ,   1.0436076226801603     
   1.4189789262614053E+017 ,   1.0434651820669953     
   1.4214467156983818E+017 ,   1.0433234262844158     
   1.4239145051353581E+017 ,   1.0431823510178067     
   1.4263822945723344E+017 ,   1.0430419519859970     
   1.4288500840093110E+017 ,   1.0429022249409545     
   1.4313178734462870E+017 ,   1.0427631656674823     
   1.4337856628832634E+017 ,   1.0426247699829163     
   1.4362534523202397E+017 ,   1.0424870337368315     
   1.4387212417572162E+017 ,   1.0423499528107458     
   1.4411890311941926E+017 ,   1.0422135231178309     
   1.4436568206311686E+017 ,   1.0420777406026223     
   1.4461246100681453E+017 ,   1.0419426012407353     
   1.4485923995051216E+017 ,   1.0418081010385853     
   1.4510601889420982E+017 ,   1.0416742360331059     
   1.4535279783790746E+017 ,   1.0415410022914748     
   1.4559957678160509E+017 ,   1.0414083959108402     
   1.4584635572530272E+017 ,   1.0412764130180510     
   1.4609313466900035E+017 ,   1.0411450497693875     
   1.4633991361269798E+017 ,   1.0410143023502989     
   1.4658669255639562E+017 ,   1.0408841669751427     
   1.4683347150009325E+017 ,   1.0407546398869207     
   1.4708025044379088E+017 ,   1.0406257173570264     
   1.4732702938748851E+017 ,   1.0404973956849906     
   1.4757380833118614E+017 ,   1.0403696711982282     
   1.4782058727488378E+017 ,   1.0402425402517921     
   1.4806736621858141E+017 ,   1.0401159992281248     
   1.4831414516227907E+017 ,   1.0399900445368166     
   1.4856092410597670E+017 ,   1.0398646726143632     
   1.4880770304967437E+017 ,   1.0397398799239288     
   1.4905448199337197E+017 ,   1.0396156629551070     
   1.4930126093706963E+017 ,   1.0394920182236898     
   1.4954803988076723E+017 ,   1.0393689422714343     
   1.4979481882446486E+017 ,   1.0392464316658359     
   1.5004159776816253E+017 ,   1.0391244829998980     
   1.5028837671186016E+017 ,   1.0390030928919114     
   1.5053515565555776E+017 ,   1.0388822579852310     
   1.5078193459925539E+017 ,   1.0387619749480528     
   1.5102871354295306E+017 ,   1.0386422404732012     
   1.5127549248665069E+017 ,   1.0385230512779107     
   1.5152227143034832E+017 ,   1.0384044041036118     
   1.5176905037404598E+017 ,   1.0382862957157222     
   1.5201582931774362E+017 ,   1.0381687229034364     
   1.5226260826144125E+017 ,   1.0380516824795192     
   1.5250938720513888E+017 ,   1.0379351712801002     
   1.5275616614883651E+017 ,   1.0378191861644714     
   1.5300294509253414E+017 ,   1.0377037240148876     
   1.5324972403623178E+017 ,   1.0375887817363649     
   1.5349650297992941E+017 ,   1.0374743562564861     
   1.5374328192362704E+017 ,   1.0373604445252063     
   1.5399006086732467E+017 ,   1.0372470435146572     
   1.5423683981102234E+017 ,   1.0371341502189590     
   1.5448361875471994E+017 ,   1.0370217616540309     
   1.5473039769841757E+017 ,   1.0369098748574024     
   1.5497717664211520E+017 ,   1.0367984868880280     
   1.5522395558581286E+017 ,   1.0366875948261056     
   1.5547073452951053E+017 ,   1.0365771957728935     
   1.5571751347320813E+017 ,   1.0364672868505307     
   1.5596429241690579E+017 ,   1.0363578652018597     
   1.5621107136060342E+017 ,   1.0362489279902465     
   1.5645785030430106E+017 ,   1.0361404723994103     
   1.5670462924799866E+017 ,   1.0360324956332498     
   1.5695140819169632E+017 ,   1.0359249949156688     
   1.5719818713539392E+017 ,   1.0358179674904098     
   1.5744496607909158E+017 ,   1.0357114106208867     
   1.5769174502278922E+017 ,   1.0356053215900134     
   1.5793852396648685E+017 ,   1.0354996977000452     
   1.5818530291018448E+017 ,   1.0353945362724142     
   1.5843208185388211E+017 ,   1.0352898346475632     
   1.5867886079757978E+017 ,   1.0351855901847933     
   1.5892563974127738E+017 ,   1.0350818002620983     
   1.5917241868497507E+017 ,   1.0349784622760136     
   1.5941919762867267E+017 ,   1.0348755736414583     
   1.5966597657237030E+017 ,   1.0347731317915805     
   1.5991275551606794E+017 ,   1.0346711341776063     
   1.6015953445976557E+017 ,   1.0345695782686903     
   1.6040631340346320E+017 ,   1.0344684615517634     
   1.6065309234716086E+017 ,   1.0343677815313861     
   1.6089987129085850E+017 ,   1.0342675357296021     
   1.6114665023455613E+017 ,   1.0341677216857936     
   1.6139342917825376E+017 ,   1.0340683369565364     
   1.6164020812195136E+017 ,   1.0339693791154585     
   1.6188698706564899E+017 ,   1.0338708457530983     
   1.6213376600934666E+017 ,   1.0337727344767662     
   1.6238054495304429E+017 ,   1.0336750429104034     
   1.6262732389674195E+017 ,   1.0335777686944490     
   1.6287410284043958E+017 ,   1.0334809094857009     
   1.6312088178413722E+017 ,   1.0333844629571836     
   1.6336766072783485E+017 ,   1.0332884267980131     
   1.6361443967153248E+017 ,   1.0331927987132661     
   1.6386121861523014E+017 ,   1.0330975764238501     
   1.6410799755892771E+017 ,   1.0330027576663716     
   1.6435477650262538E+017 ,   1.0329083401930101     
   1.6460155544632301E+017 ,   1.0328143217713910     
   1.6484833439002064E+017 ,   1.0327207001844587     
   1.6509511333371827E+017 ,   1.0326274732303520     
   1.6534189227741590E+017 ,   1.0325346387222805     
   1.6558867122111357E+017 ,   1.0324421944884061     
   1.6583545016481123E+017 ,   1.0323501383717149     
   1.6608222910850883E+017 ,   1.0322584682299027     
   1.6632900805220650E+017 ,   1.0321671819352547     
   1.6657578699590410E+017 ,   1.0320762773745271     
   1.6682256593960173E+017 ,   1.0319857524488298     
   1.6706934488329936E+017 ,   1.0318956050735135     
   1.6731612382699702E+017 ,   1.0318058331780517     
   1.6756290277069466E+017 ,   1.0317164347059302     
   1.6780968171439226E+017 ,   1.0316274076145326     
   1.6805646065808992E+017 ,   1.0315387498750297     
   1.6830323960178755E+017 ,   1.0314504594722698     
   1.6855001854548522E+017 ,   1.0313625344046689     
   1.6879679748918282E+017 ,   1.0312749726841008     
   1.6904357643288045E+017 ,   1.0311877723357927     
   1.6929035537657811E+017 ,   1.0311009313982173     
   1.6953713432027571E+017 ,   1.0310144479229870     
   1.6978391326397338E+017 ,   1.0309283199747501     
   1.7003069220767101E+017 ,   1.0308425456310881     
   1.7027747115136867E+017 ,   1.0307571229824120     
   1.7052425009506627E+017 ,   1.0306720501318605     
   1.7077102903876390E+017 ,   1.0305873251952016     
   1.7101780798246157E+017 ,   1.0305029463007296     
   1.7126458692615920E+017 ,   1.0304189115891700     
   1.7151136586985680E+017 ,   1.0303352192135784     
   1.7175814481355443E+017 ,   1.0302518673392456     
   1.7200492375725206E+017 ,   1.0301688541436003     
   1.7225170270094973E+017 ,   1.0300861778161132     
   1.7249848164464736E+017 ,   1.0300038365582060     
   1.7274526058834502E+017 ,   1.0299218285831542     
   1.7299203953204266E+017 ,   1.0298401521159957     
   1.7323881847574029E+017 ,   1.0297588053934390     
   1.7348559741943792E+017 ,   1.0296777866637721     
   1.7373237636313555E+017 ,   1.0295970941867725     
   1.7397915530683322E+017 ,   1.0295167262336185     
   1.7422593425053078E+017 ,   1.0294366810867979     
   1.7447271319422845E+017 ,   1.0293569570400234     
   1.7471949213792608E+017 ,   1.0292775523981443     
   1.7496627108162371E+017 ,   1.0291984654770598     
   1.7521305002532134E+017 ,   1.0291196946036343     
   1.7545982896901898E+017 ,   1.0290412381156120     
   1.7570660791271664E+017 ,   1.0289630943615338     
   1.7595338685641424E+017 ,   1.0288852617006532     
   1.7620016580011190E+017 ,   1.0288077385028540     
   1.7644694474380954E+017 ,   1.0287305231485695     
   1.7669372368750717E+017 ,   1.0286536140287010     
   1.7694050263120480E+017 ,   1.0285770095445372     
   1.7718728157490243E+017 ,   1.0285007081076740     
   1.7743406051860010E+017 ,   1.0284247081399371     
   1.7768083946229773E+017 ,   1.0283490080733040     
   1.7792761840599533E+017 ,   1.0282736063498246     
   1.7817439734969299E+017 ,   1.0281985014215462     
   1.7842117629339062E+017 ,   1.0281236917504344     
   1.7866795523708826E+017 ,   1.0280491758083046     
   1.7891473418078586E+017 ,   1.0279749520767378     
   1.7916151312448352E+017 ,   1.0279010190470141     
   1.7940829206818115E+017 ,   1.0278273752200349     
   1.7965507101187878E+017 ,   1.0277540191062529     
   1.7990184995557645E+017 ,   1.0276809492255976     
   1.8014862889927408E+017 ,   1.0276081641074040     
   1.8039540784297174E+017 ,   1.0275356622903431     
   1.8064218678666934E+017 ,   1.0274634423223512     
   1.8088896573036698E+017 ,   1.0273915027605582     
   1.8113574467406464E+017 ,   1.0273198421712222     
   1.8138252361776221E+017 ,   1.0272484591296565     
   1.8162930256145987E+017 ,   1.0271773522201657     
   1.8187608150515750E+017 ,   1.0271065200359757     
   1.8212286044885517E+017 ,   1.0270359611791682     
   1.8236963939255277E+017 ,   1.0269656742606146     
   1.8261641833625040E+017 ,   1.0268956578999087     
   1.8286319727994806E+017 ,   1.0268259107253053     
   1.8310997622364570E+017 ,   1.0267564313736515     
   1.8335675516734336E+017 ,   1.0266872184903251     
   1.8360353411104099E+017 ,   1.0266182707291713     
   1.8385031305473859E+017 ,   1.0265495867524383     
   1.8409709199843622E+017 ,   1.0264811652307184     
   1.8434387094213386E+017 ,   1.0264130048428821     
   1.8459064988583152E+017 ,   1.0263451042760183     
   1.8483742882952915E+017 ,   1.0262774622253756     
   1.8508420777322678E+017 ,   1.0262100773942995     
   1.8533098671692442E+017 ,   1.0261429484941740     
   1.8557776566062205E+017 ,   1.0260760742443626     
   1.8582454460431971E+017 ,   1.0260094533721493     
   1.8607132354801728E+017 ,   1.0259430846126787     
   1.8631810249171498E+017 ,   1.0258769667089016     
   1.8656488143541261E+017 ,   1.0258110984115170     
   1.8681166037911021E+017 ,   1.0257454784789131     
   1.8705843932280787E+017 ,   1.0256801056771125     
   1.8730521826650550E+017 ,   1.0256149787797171     
   1.8755199721020317E+017 ,   1.0255500965678523     
   1.8779877615390077E+017 ,   1.0254854578301120     
   1.8804555509759843E+017 ,   1.0254210613625052     
   1.8829233404129606E+017 ,   1.0253569059683996     
   1.8853911298499370E+017 ,   1.0252929904584716     
   1.8878589192869130E+017 ,   1.0252293136506507     
   1.8903267087238893E+017 ,   1.0251658743700691     
   1.8927944981608659E+017 ,   1.0251026714490059     
   1.8952622875978422E+017 ,   1.0250397037268402     
   1.8977300770348182E+017 ,   1.0249769700499964     
   1.9001978664717949E+017 ,   1.0249144692718952     
   1.9026656559087715E+017 ,   1.0248522002529015     
   1.9051334453457478E+017 ,   1.0247901618602759     
   1.9076012347827242E+017 ,   1.0247283529681261     
   1.9100690242197008E+017 ,   1.0246667724573546     
   1.9125368136566771E+017 ,   1.0246054192156124     
   1.9150046030936528E+017 ,   1.0245442921372503     
   1.9174723925306294E+017 ,   1.0244833901232699     
   1.9199401819676058E+017 ,   1.0244227120812770     
   1.9224079714045824E+017 ,   1.0243622569254365     
   1.9248757608415584E+017 ,   1.0243020235764189     
   1.9273435502785347E+017 ,   1.0242420109613624     
   1.9298113397155114E+017 ,   1.0241822180138229     
   1.9322791291524874E+017 ,   1.0241226436737263     
   1.9347469185894640E+017 ,   1.0240632868873254     
   1.9372147080264403E+017 ,   1.0240041466071588     
   1.9396824974634173E+017 ,   1.0239452217919973     
   1.9421502869003930E+017 ,   1.0238865114068108     
   1.9446180763373693E+017 ,   1.0238280144227139     
   1.9470858657743459E+017 ,   1.0237697298169304     
   1.9495536552113222E+017 ,   1.0237116565727469     
   1.9520214446482986E+017 ,   1.0236537936794703     
   1.9544892340852749E+017 ,   1.0235961401323850     
   1.9569570235222512E+017 ,   1.0235386949327132     
   1.9594248129592275E+017 ,   1.0234814570875692     
   1.9618926023962035E+017 ,   1.0234244256099234     
   1.9643603918331802E+017 ,   1.0233675995185554     
   1.9668281812701565E+017 ,   1.0233109778380174     
   1.9692959707071328E+017 ,   1.0232545595985947     
   1.9717637601441094E+017 ,   1.0231983438362600     
   1.9742315495810858E+017 ,   1.0231423295926410     
   1.9766993390180624E+017 ,   1.0230865159149745     
   1.9791671284550384E+017 ,   1.0230309018560726     
   1.9816349178920150E+017 ,   1.0229754864742806     
   1.9841027073289914E+017 ,   1.0229202688334398     
   1.9865704967659670E+017 ,   1.0228652480028491     
   1.9890382862029437E+017 ,   1.0228104230572272     
   1.9915060756399200E+017 ,   1.0227557930766755     
   1.9939738650768966E+017 ,   1.0227013571466412     
   1.9964416545138726E+017 ,   1.0226471143578779     
   1.9989094439508493E+017 ,   1.0225930638064129     
   2.0013772333878256E+017 ,   1.0225392045935076     
   2.0038450228248019E+017 ,   1.0224855358256235     
   2.0063128122617786E+017 ,   1.0224320566143843     
   2.0087806016987549E+017 ,   1.0223787660765435     
   2.0112483911357315E+017 ,   1.0223256633339461     
   2.0137161805727072E+017 ,   1.0222727475134961     
   2.0161839700096835E+017 ,   1.0222200177471201     
   2.0186517594466602E+017 ,   1.0221674731717341     
   2.0211195488836365E+017 ,   1.0221151129292083     
   2.0235873383206128E+017 ,   1.0220629361663354     
   2.0260551277575891E+017 ,   1.0220109420347947     
   2.0285229171945658E+017 ,   1.0219591296911199     
   2.0309907066315421E+017 ,   1.0219074982966661     
   2.0334584960685178E+017 ,   1.0218560470175764     
   2.0359262855054947E+017 ,   1.0218047750247510     
   2.0383940749424707E+017 ,   1.0217536814938120     
   2.0408618643794474E+017 ,   1.0217027656050754     
   2.0433296538164237E+017 ,   1.0216520265435156     
   2.0457974432534000E+017 ,   1.0216014634987363     
   2.0482652326903766E+017 ,   1.0215510756649380     
   2.0507330221273526E+017 ,   1.0215008622408877     
   2.0532008115643293E+017 ,   1.0214508224298877     
   2.0556686010013056E+017 ,   1.0214009554397461     
   2.0581363904382822E+017 ,   1.0213512604827450     
   2.0606041798752579E+017 ,   1.0213017367756099     
   2.0630719693122342E+017 ,   1.0212523835394831     
   2.0655397587492109E+017 ,   1.0212031999998918     
   2.0680075481861869E+017 ,   1.0211541853867176     
   2.0704753376231635E+017 ,   1.0211053389341707     
   2.0729431270601398E+017 ,   1.0210566598807576     
   2.0754109164971165E+017 ,   1.0210081474692545     
   2.0778787059340928E+017 ,   1.0209598009466794     
   2.0803464953710691E+017 ,   1.0209116195642602     
   2.0828142848080458E+017 ,   1.0208636025774120     
   2.0852820742450221E+017 ,   1.0208157492457051     
   2.0877498636819981E+017 ,   1.0207680588328378     
   2.0902176531189744E+017 ,   1.0207205306066125     
   2.0926854425559507E+017 ,   1.0206731638389035     
   2.0951532319929274E+017 ,   1.0206259578056349     
   2.0976210214299034E+017 ,   1.0205789117867503     
   2.1000888108668800E+017 ,   1.0205320250661871     
   2.1025566003038563E+017 ,   1.0204852969318519     
   2.1050243897408323E+017 ,   1.0204387266755912     
   2.1074921791778090E+017 ,   1.0203923135931698     
   2.1099599686147853E+017 ,   1.0203460569842400     
   2.1124277580517619E+017 ,   1.0202999561523187     
   2.1148955474887379E+017 ,   1.0202540104047642     
   2.1173633369257146E+017 ,   1.0202082190527464     
   2.1198311263626909E+017 ,   1.0201625814112245     
   2.1222989157996672E+017 ,   1.0201170967989233     
   2.1247667052366435E+017 ,   1.0200717645383053     
   2.1272344946736198E+017 ,   1.0200265839555482     
   2.1297022841105965E+017 ,   1.0199815543805222     
   2.1321700735475722E+017 ,   1.0199366751467642     
   2.1346378629845485E+017 ,   1.0198919455914512     
   2.1371056524215251E+017 ,   1.0198473650553834     
   2.1395734418585014E+017 ,   1.0198029328829543     
   2.1420412312954778E+017 ,   1.0197586484221308     
   2.1445090207324544E+017 ,   1.0197145110244283     
   2.1469768101694310E+017 ,   1.0196705200448892     
   2.1494445996064074E+017 ,   1.0196266748420588     
   2.1519123890433834E+017 ,   1.0195829747779652     
   2.1543801784803600E+017 ,   1.0195394192180911     
   2.1568479679173363E+017 ,   1.0194960075313588     
   2.1593157573543123E+017 ,   1.0194527390901036     
   2.1617835467912886E+017 ,   1.0194096132700519     
   2.1642513362282650E+017 ,   1.0193666294503008     
   2.1667191256652416E+017 ,   1.0193237870132961     
   2.1691869151022176E+017 ,   1.0192810853448104     
   2.1716547045391942E+017 ,   1.0192385238339223     
   2.1741224939761706E+017 ,   1.0191961018729947     
   2.1765902834131472E+017 ,   1.0191538188576532     
   2.1790580728501232E+017 ,   1.0191116741867685     
   2.1815258622870998E+017 ,   1.0190696672624309     
   2.1839936517240765E+017 ,   1.0190277974899320     
   2.1864614411610522E+017 ,   1.0189860642777473     
   2.1889292305980288E+017 ,   1.0189444670375094     
   2.1913970200350051E+017 ,   1.0189030051839945     
   2.1938648094719814E+017 ,   1.0188616781350983     
   2.1963325989089578E+017 ,   1.0188204853118175     
   2.1988003883459341E+017 ,   1.0187794261382292     
   2.2012681777829107E+017 ,   1.0187385000414746     
   2.2037359672198870E+017 ,   1.0186977064517349     
   2.2062037566568634E+017 ,   1.0186570448022156     
   2.2086715460938394E+017 ,   1.0186165145291273     
   2.2111393355308157E+017 ,   1.0185761150716626     
   2.2136071249677923E+017 ,   1.0185358458719840     
   2.2160749144047686E+017 ,   1.0184957063751998     
   2.2185427038417453E+017 ,   1.0184556960293476     
   2.2210104932787216E+017 ,   1.0184158142853761     
   2.2234782827156976E+017 ,   1.0183760605971257     
   2.2259460721526742E+017 ,   1.0183364344213111     
   2.2284138615896506E+017 ,   1.0182969352175055     
   2.2308816510266272E+017 ,   1.0182575624481176     
   2.2333494404636029E+017 ,   1.0182183155783786     
   2.2358172299005795E+017 ,   1.0181791940763223     
   2.2382850193375558E+017 ,   1.0181401974127675     
   2.2407528087745318E+017 ,   1.0181013250613027     
   2.2432205982115085E+017 ,   1.0180625764982658     
   2.2456883876484848E+017 ,   1.0180239512027303     
   2.2481561770854614E+017 ,   1.0179854486564839     
   2.2506239665224378E+017 ,   1.0179470683440179     
   2.2530917559594141E+017 ,   1.0179088097525042     
   2.2555595453963907E+017 ,   1.0178706723717816     
   2.2580273348333667E+017 ,   1.0178326556943413     
   2.2604951242703430E+017 ,   1.0177947592153054     
   2.2629629137073194E+017 ,   1.0177569824324149     
   2.2654307031442960E+017 ,   1.0177193248460124     
   2.2678984925812723E+017 ,   1.0176817859590250     
   2.2703662820182483E+017 ,   1.0176443652769505     
   2.2728340714552250E+017 ,   1.0176070623078388     
   2.2753018608922013E+017 ,   1.0175698765622780     
   2.2777696503291776E+017 ,   1.0175328075533796     
   2.2802374397661539E+017 ,   1.0174958547967601     
   2.2827052292031302E+017 ,   1.0174590178105303     
   2.2851730186401069E+017 ,   1.0174222961152728     
   2.2876408080770829E+017 ,   1.0173856892340363     
   2.2901085975140595E+017 ,   1.0173491966923112     
   2.2925763869510358E+017 ,   1.0173128180180218     
   2.2950441763880125E+017 ,   1.0172765527415080     
   2.2975119658249885E+017 ,   1.0172404003955096     
   2.2999797552619648E+017 ,   1.0172043605151559     
   2.3024475446989414E+017 ,   1.0171684326379473     
   2.3049153341359171E+017 ,   1.0171326163037417     
   2.3073831235728938E+017 ,   1.0170969110547412     
   2.3098509130098701E+017 ,   1.0170613164354778     
   2.3123187024468464E+017 ,   1.0170258319927981     
   2.3147864918838227E+017 ,   1.0169904572758490     
   2.3172542813207994E+017 ,   1.0169551918360680     
   2.3197220707577757E+017 ,   1.0169200352271639     
   2.3221898601947523E+017 ,   1.0168849870051055     
   2.3246576496317286E+017 ,   1.0168500467281074     
   2.3271254390687050E+017 ,   1.0168152139566191     
   2.3295932285056813E+017 ,   1.0167804882533067     
   2.3320610179426573E+017 ,   1.0167458691830435     
   2.3345288073796336E+017 ,   1.0167113563128964     
   2.3369965968166102E+017 ,   1.0166769492121099     
   2.3394643862535866E+017 ,   1.0166426474520962     
   2.3419321756905626E+017 ,   1.0166084506064212     
   2.3443999651275392E+017 ,   1.0165743582507907     
   2.3468677545645155E+017 ,   1.0165403699630380     
   2.3493355440014922E+017 ,   1.0165064853231127     
   2.3518033334384682E+017 ,   1.0164727039130652     
   2.3542711228754448E+017 ,   1.0164390253170381     
   2.3567389123124214E+017 ,   1.0164054491212493     
   2.3592067017493971E+017 ,   1.0163719749139837     
   2.3616744911863738E+017 ,   1.0163386022855774     
   2.3641422806233501E+017 ,   1.0163053308284082     
   2.3666100700603267E+017 ,   1.0162721601368832     
   2.3690778594973027E+017 ,   1.0162390898074227     
   2.3715456489342790E+017 ,   1.0162061194384564     
   2.3740134383712557E+017 ,   1.0161732486304036     
   2.3764812278082320E+017 ,   1.0161404769856650     
   2.3789490172452083E+017 ,   1.0161078041086109     
   2.3814168066821843E+017 ,   1.0160752296055697     
   2.3838845961191610E+017 ,   1.0160427530848151     
   2.3863523855561373E+017 ,   1.0160103741565556     
   2.3888201749931136E+017 ,   1.0159780924329236     
   2.3912879644300902E+017 ,   1.0159459075279629     
   2.3937557538670666E+017 ,   1.0159138190576187     
   2.3962235433040429E+017 ,   1.0158818266397254     
   2.3986913327410192E+017 ,   1.0158499298939954     
   2.4011591221779955E+017 ,   1.0158181284420089     
   2.4036269116149722E+017 ,   1.0157864219072037     
   2.4060947010519478E+017 ,   1.0157548099148621     
   2.4085624904889245E+017 ,   1.0157232920921013     
   2.4110302799259008E+017 ,   1.0156918680678646     
   2.4134980693628771E+017 ,   1.0156605374729069     
   2.4159658587998534E+017 ,   1.0156292999397873     
   2.4184336482368298E+017 ,   1.0155981551028572     
   2.4209014376738064E+017 ,   1.0155671025982500     
   2.4233692271107827E+017 ,   1.0155361420638704     
   2.4258370165477594E+017 ,   1.0155052731393870     
   2.4283048059847357E+017 ,   1.0154744954662165     
   2.4307725954217117E+017 ,   1.0154438086875188     
   2.4332403848586880E+017 ,   1.0154132124481854     
   2.4357081742956643E+017 ,   1.0153827063948262     
   2.4381759637326410E+017 ,   1.0153522901757663     
   2.4406437531696173E+017 ,   1.0153219634410291     
   2.4431115426065936E+017 ,   1.0152917258423300     
   2.4455793320435699E+017 ,   1.0152615770330664     
   2.4480471214805462E+017 ,   1.0152315166683081     
   2.4505149109175226E+017 ,   1.0152015444047879     
   2.4529827003544986E+017 ,   1.0151716599008902     
   2.4554504897914755E+017 ,   1.0151418628166438     
   2.4579182792284518E+017 ,   1.0151121528137110     
   2.4603860686654278E+017 ,   1.0150825295553796     
   2.4628538581024045E+017 ,   1.0150529927065517     
   2.4653216475393808E+017 ,   1.0150235419337359     
   2.4677894369763574E+017 ,   1.0149941769050386     
   2.4702572264133334E+017 ,   1.0149648972901535     
   2.4727250158503101E+017 ,   1.0149357027603518     
   2.4751928052872864E+017 ,   1.0149065929884773     
   2.4776605947242621E+017 ,   1.0148775676489323     
   2.4801283841612387E+017 ,   1.0148486264176715     
   2.4825961735982150E+017 ,   1.0148197689721943     
   2.4850639630351917E+017 ,   1.0147909949915328     
   2.4875317524721677E+017 ,   1.0147623041562466     
   2.4899995419091440E+017 ,   1.0147336961484106     
   2.4924673313461206E+017 ,   1.0147051706516090     
   2.4949351207830973E+017 ,   1.0146767273509263     
   2.4974029102200736E+017 ,   1.0146483659329375     
   2.4998706996570499E+017 ,   1.0146200860857018     
   2.5023384890940266E+017 ,   1.0145918874987530     
   2.5048062785310022E+017 ,   1.0145637698630905     
   2.5072740679679786E+017 ,   1.0145357328711728     
   2.5097418574049552E+017 ,   1.0145077762169079     
   2.5122096468419315E+017 ,   1.0144798995956459     
   2.5146774362789078E+017 ,   1.0144521027041706     
   2.5171452257158842E+017 ,   1.0144243852406911     
   2.5196130151528605E+017 ,   1.0143967469048343     
   2.5220808045898371E+017 ,   1.0143691873976366     
   2.5245485940268131E+017 ,   1.0143417064215381     
   2.5270163834637898E+017 ,   1.0143143036803701     
   2.5294841729007661E+017 ,   1.0142869788793527     
   2.5319519623377424E+017 ,   1.0142597317250825     
   2.5344197517747187E+017 ,   1.0142325619255279     
   2.5368875412116950E+017 ,   1.0142054691900217     
   2.5393553306486717E+017 ,   1.0141784532292502     
   2.5418231200856477E+017 ,   1.0141515137552484     
   2.5442909095226243E+017 ,   1.0141246504813930     
   2.5467586989596006E+017 ,   1.0140978631223929     
   2.5492264883965770E+017 ,   1.0140711513942826     
   2.5516942778335533E+017 ,   1.0140445150144148     
   2.5541620672705293E+017 ,   1.0140179537014564     
   2.5566298567075059E+017 ,   1.0139914671753727     
   2.5590976461444819E+017 ,   1.0139650551574306     
   2.5615654355814586E+017 ,   1.0139387173701839     
   2.5640332250184352E+017 ,   1.0139124535374702     
   2.5665010144554115E+017 ,   1.0138862633844006     
   2.5689688038923878E+017 ,   1.0138601466373574     
   2.5714365933293642E+017 ,   1.0138341030239806     
   2.5739043827663408E+017 ,   1.0138081322731682     
   2.5763721722033171E+017 ,   1.0137822341150640     
   2.5788399616402928E+017 ,   1.0137564082810522     
   2.5813077510772694E+017 ,   1.0137306545037517     
   2.5837755405142458E+017 ,   1.0137049725170073     
   2.5862433299512221E+017 ,   1.0136793620558859     
   2.5887111193881984E+017 ,   1.0136538228566672     
   2.5911789088251750E+017 ,   1.0136283546568390     
   2.5936466982621514E+017 ,   1.0136029571950875     
   2.5961144876991277E+017 ,   1.0135776302112947     
   2.5985822771361040E+017 ,   1.0135523734465295     
   2.6010500665730806E+017 ,   1.0135271866430431     
   2.6035178560100573E+017 ,   1.0135020695442580     
   2.6059856454470330E+017 ,   1.0134770218947684     
   2.6084534348840093E+017 ,   1.0134520434403296     
   2.6109212243209859E+017 ,   1.0134271339278509     
   2.6133890137579619E+017 ,   1.0134022931053923     
   2.6158568031949386E+017 ,   1.0133775207221567     
   2.6183245926319149E+017 ,   1.0133528165284826     
   2.6207923820688915E+017 ,   1.0133281802758429     
   2.6232601715058675E+017 ,   1.0133036117168313     
   2.6257279609428435E+017 ,   1.0132791106051608     
   2.6281957503798205E+017 ,   1.0132546766956581     
   2.6306635398167965E+017 ,   1.0132303097442568     
   2.6331313292537731E+017 ,   1.0132060095079893     
   2.6355991186907494E+017 ,   1.0131817757449848     
   2.6380669081277258E+017 ,   1.0131576082144593     
   2.6405346975647027E+017 ,   1.0131335066767138     
   2.6430024870016784E+017 ,   1.0131094708931243     
   2.6454702764386547E+017 ,   1.0130855006261403     
   2.6479380658756310E+017 ,   1.0130615956392759     
   2.6504058553126074E+017 ,   1.0130377556971040     
   2.6528736447495837E+017 ,   1.0130139805652547     
   2.6553414341865600E+017 ,   1.0129902700104045     
   2.6578092236235370E+017 ,   1.0129666238002730     
   2.6602770130605126E+017 ,   1.0129430417036189     
   2.6627448024974896E+017 ,   1.0129195234902315     
   2.6652125919344656E+017 ,   1.0128960689309265     
   2.6676803813714422E+017 ,   1.0128726777975414     
   2.6701481708084182E+017 ,   1.0128493498629298     
   2.6726159602453946E+017 ,   1.0128260849009538     
   2.6750837496823715E+017 ,   1.0128028826864817     
   2.6775515391193472E+017 ,   1.0127797429953806     
   2.6800193285563242E+017 ,   1.0127566656045133     
   2.6824871179933005E+017 ,   1.0127336502917295     
   2.6849549074302768E+017 ,   1.0127106968358641     
   2.6874226968672531E+017 ,   1.0126878050167294     
   2.6898904863042288E+017 ,   1.0126649746151128     
   2.6923582757412058E+017 ,   1.0126422054127688     
   2.6948260651781821E+017 ,   1.0126194971924147     
   2.6972938546151578E+017 ,   1.0125968497377276     
   2.6997616440521347E+017 ,   1.0125742628333356     
   2.7022294334891110E+017 ,   1.0125517362648155     
   2.7046972229260877E+017 ,   1.0125292698186887     
   2.7071650123630640E+017 ,   1.0125068632824135     
   2.7096328018000403E+017 ,   1.0124845164443799     
   2.7121005912370166E+017 ,   1.0124622290939089     
   2.7145683806739923E+017 ,   1.0124400010212438     
   2.7170361701109693E+017 ,   1.0124178320175465     
   2.7195039595479456E+017 ,   1.0123957218748931     
   2.7219717489849219E+017 ,   1.0123736703862674     
   2.7244395384218982E+017 ,   1.0123516773455605     
   2.7269073278588746E+017 ,   1.0123297425475599     
   2.7293751172958509E+017 ,   1.0123078657879496     
   2.7318429067328272E+017 ,   1.0122860468633039     
   2.7343106961698035E+017 ,   1.0122642855710826     
   2.7367784856067802E+017 ,   1.0122425817096266     
   2.7392462750437568E+017 ,   1.0122209350781535     
   2.7417140644807328E+017 ,   1.0121993454767517     
   2.7441818539177091E+017 ,   1.0121778127063785     
   2.7466496433546854E+017 ,   1.0121563365688531     
   2.7491174327916618E+017 ,   1.0121349168668548     
   2.7515852222286381E+017 ,   1.0121135534039138     
   2.7540530116656144E+017 ,   1.0120922459844139     
   2.7565208011025907E+017 ,   1.0120709944135811     
   2.7589885905395670E+017 ,   1.0120497984974834     
   2.7614563799765434E+017 ,   1.0120286580430256     
   2.7639241694135203E+017 ,   1.0120075728579441     
   2.7663919588504960E+017 ,   1.0119865427508039     
   2.7688597482874723E+017 ,   1.0119655675309933     
   2.7713275377244490E+017 ,   1.0119446470087210     
   2.7737953271614253E+017 ,   1.0119237809950092     
   2.7762631165984022E+017 ,   1.0119029693016928     
   2.7787309060353779E+017 ,   1.0118822117414126     
   2.7811986954723549E+017 ,   1.0118615081276143     
   2.7836664849093312E+017 ,   1.0118408582745395     
   2.7861342743463069E+017 ,   1.0118202619972265     
   2.7886020637832832E+017 ,   1.0117997191115027     
   2.7910698532202595E+017 ,   1.0117792294339834     
   2.7935376426572365E+017 ,   1.0117587927820659     
   2.7960054320942122E+017 ,   1.0117384089739256     
   2.7984732215311891E+017 ,   1.0117180778285138     
   2.8009410109681654E+017 ,   1.0116977991655516     
   2.8034088004051418E+017 ,   1.0116775728055261     
   2.8058765898421181E+017 ,   1.0116573985696895     
   2.8083443792790947E+017 ,   1.0116372762800505     
   2.8108121687160710E+017 ,   1.0116172057593740     
   2.8132799581530474E+017 ,   1.0115971868311773     
   2.8157477475900230E+017 ,   1.0115772193197243     
   2.8182155370270000E+017 ,   1.0115573030500218     
   2.8206833264639763E+017 ,   1.0115374378478172     
   2.8231511159009526E+017 ,   1.0115176235395962     
   2.8256189053379290E+017 ,   1.0114978599525735     
   2.8280866947749053E+017 ,   1.0114781469146952     
   2.8305544842118816E+017 ,   1.0114584842546317     
   2.8330222736488579E+017 ,   1.0114388718017757     
   2.8354900630858342E+017 ,   1.0114193093862369     
   2.8379578525228106E+017 ,   1.0113997968388393     
   2.8404256419597869E+017 ,   1.0113803339911189     
   2.8428934313967635E+017 ,   1.0113609206753167     
   2.8453612208337398E+017 ,   1.0113415567243802     
   2.8478290102707162E+017 ,   1.0113222419719547     
   2.8502967997076925E+017 ,   1.0113029762523822     
   2.8527645891446688E+017 ,   1.0112837594006998     
   2.8552323785816451E+017 ,   1.0112645912526326     
   2.8577001680186221E+017 ,   1.0112454716445918     
   2.8601679574555978E+017 ,   1.0112264004136726     
   2.8626357468925741E+017 ,   1.0112073773976493     
   2.8651035363295504E+017 ,   1.0111884024349711     
   2.8675713257665267E+017 ,   1.0111694753647611     
   2.8700391152035030E+017 ,   1.0111505960268110     
   2.8725069046404794E+017 ,   1.0111317642615791     
   2.8749746940774560E+017 ,   1.0111129799101859     
   2.8774424835144323E+017 ,   1.0110942428144118     
   2.8799102729514086E+017 ,   1.0110755528166935     
   2.8823780623883853E+017 ,   1.0110569097601187     
   2.8848458518253619E+017 ,   1.0110383134884282     
   2.8873136412623373E+017 ,   1.0110197638460061     
   2.8897814306993139E+017 ,   1.0110012606778815     
   2.8922492201362906E+017 ,   1.0109828038297226     
   2.8947170095732672E+017 ,   1.0109643931478363     
   2.8971847990102432E+017 ,   1.0109460284791603     
   2.8996525884472198E+017 ,   1.0109277096712666     
   2.9021203778841965E+017 ,   1.0109094365723519     
   2.9045881673211718E+017 ,   1.0108912090312385     
   2.9070559567581491E+017 ,   1.0108730268973702     
   2.9095237461951251E+017 ,   1.0108548900208103     
   2.9119915356321018E+017 ,   1.0108367982522342     
   2.9144593250690771E+017 ,   1.0108187514429325     
   2.9169271145060544E+017 ,   1.0108007494448052     
   2.9193949039430304E+017 ,   1.0107827921103574     
   2.9218626933800070E+017 ,   1.0107648792926978     
   2.9243304828169830E+017 ,   1.0107470108455361     
   2.9267982722539597E+017 ,   1.0107291866231791     
   2.9292660616909357E+017 ,   1.0107114064805280     
   2.9317338511279123E+017 ,   1.0106936702730773     
   2.9342016405648883E+017 ,   1.0106759778569083     
   2.9366694300018650E+017 ,   1.0106583290886881     
   2.9391372194388416E+017 ,   1.0106407238256696     
   2.9416050088758176E+017 ,   1.0106231619256845     
   2.9440727983127942E+017 ,   1.0106056432471406     
   2.9465405877497702E+017 ,   1.0105881676490223     
   2.9490083771867469E+017 ,   1.0105707349908850     
   2.9514761666237229E+017 ,   1.0105533451328532     
   2.9539439560606995E+017 ,   1.0105359979356190     
   2.9564117454976755E+017 ,   1.0105186932604360     
   2.9588795349346522E+017 ,   1.0105014309691209     
   2.9613473243716282E+017 ,   1.0104842109240475     
   2.9638151138086048E+017 ,   1.0104670329881456     
   2.9662829032455814E+017 ,   1.0104498970248954     
   2.9687506926825574E+017 ,   1.0104328028983325     
   2.9712184821195341E+017 ,   1.0104157504730344     
   2.9736862715565101E+017 ,   1.0103987396141278     
   2.9761540609934874E+017 ,   1.0103817701872788     
   2.9786218504304627E+017 ,   1.0103648420586948     
   2.9810896398674394E+017 ,   1.0103479550951191     
   2.9835574293044160E+017 ,   1.0103311091638312     
   2.9860252187413926E+017 ,   1.0103143041326417     
   2.9884930081783680E+017 ,   1.0102975398698899     
   2.9909607976153446E+017 ,   1.0102808162444434     
   2.9934285870523213E+017 ,   1.0102641331256919     
   2.9958963764892973E+017 ,   1.0102474903835499     
   2.9983641659262739E+017 ,   1.0102308878884498     
   3.0008319553632506E+017 ,   1.0102143255113398     
   3.0032997448002272E+017 ,   1.0101978031236856     
   3.0057675342372032E+017 ,   1.0101813205974610     
   3.0082353236741798E+017 ,   1.0101648778051528     
   3.0107031131111552E+017 ,   1.0101484746197533     
   3.0131709025481325E+017 ,   1.0101321109147590     
   3.0156386919851078E+017 ,   1.0101157865641703     
   3.0181064814220851E+017 ,   1.0100995014424872     
   3.0205742708590611E+017 ,   1.0100832554247052     
   3.0230420602960371E+017 ,   1.0100670483863177     
   3.0255098497330138E+017 ,   1.0100508802033104     
   3.0279776391699904E+017 ,   1.0100347507521583     
   3.0304454286069664E+017 ,   1.0100186599098255     
   3.0329132180439424E+017 ,   1.0100026075537634     
   3.0353810074809197E+017 ,   1.0099865935619039     
   3.0378487969178957E+017 ,   1.0099706178126631     
   3.0403165863548723E+017 ,   1.0099546801849351     
   3.0427843757918483E+017 ,   1.0099387805580902     
   3.0452521652288250E+017 ,   1.0099229188119749     
   3.0477199546658010E+017 ,   1.0099070948269071     
   3.0501877441027776E+017 ,   1.0098913084836740     
   3.0526555335397536E+017 ,   1.0098755596635343     
   3.0551233229767302E+017 ,   1.0098598482482066     
   3.0575911124137062E+017 ,   1.0098441741198787     
   3.0600589018506829E+017 ,   1.0098285371611961     
   3.0625266912876589E+017 ,   1.0098129372552662     
   3.0649944807246355E+017 ,   1.0097973742856519     
   3.0674622701616115E+017 ,   1.0097818481363710     
   3.0699300595985882E+017 ,   1.0097663586918955     
   3.0723978490355648E+017 ,   1.0097509058371463     
   3.0748656384725408E+017 ,   1.0097354894574946     
   3.0773334279095174E+017 ,   1.0097201094387576     
   3.0798012173464934E+017 ,   1.0097047656671960     
   3.0822690067834701E+017 ,   1.0096894580295150     
   3.0847367962204467E+017 ,   1.0096741864128578     
   3.0872045856574227E+017 ,   1.0096589507048075     
   3.0896723750943987E+017 ,   1.0096437507933833     
   3.0921401645313754E+017 ,   1.0096285865670380     
   3.0946079539683514E+017 ,   1.0096134579146585     
   3.0970757434053280E+017 ,   1.0095983647255580     
   3.0995435328423040E+017 ,   1.0095833068894817     
   3.1020113222792806E+017 ,   1.0095682842966007     
   3.1044791117162573E+017 ,   1.0095532968375089     
   3.1069469011532333E+017 ,   1.0095383444032229     
   3.1094146905902106E+017 ,   1.0095234268851805     
   3.1118824800271866E+017 ,   1.0095085441752367     
   3.1143502694641626E+017 ,   1.0094936961656660     
   3.1168180589011392E+017 ,   1.0094788827491530     
   3.1192858483381158E+017 ,   1.0094641038187984     
   3.1217536377750918E+017 ,   1.0094493592681131     
   3.1242214272120685E+017 ,   1.0094346489910164     
   3.1266892166490445E+017 ,   1.0094199728818347     
   3.1291570060860211E+017 ,   1.0094053308352997     
   3.1316247955229965E+017 ,   1.0093907227465471     
   3.1340925849599731E+017 ,   1.0093761485111135     
   3.1365603743969498E+017 ,   1.0093616080249352     
   3.1390281638339264E+017 ,   1.0093471011843456     
   3.1414959532709024E+017 ,   1.0093326278860761     
   3.1439637427078784E+017 ,   1.0093181880272502     
   3.1464315321448557E+017 ,   1.0093037815053851     
   3.1488993215818317E+017 ,   1.0092894082183892     
   3.1513671110188083E+017 ,   1.0092750680645570     
   3.1538349004557843E+017 ,   1.0092607609425734     
   3.1563026898927610E+017 ,   1.0092464867515070     
   3.1587704793297370E+017 ,   1.0092322453908094     
   3.1612382687667136E+017 ,   1.0092180367603156     
   3.1637060582036896E+017 ,   1.0092038607602398     
   3.1661738476406662E+017 ,   1.0091897172911743     
   3.1686416370776422E+017 ,   1.0091756062540889     
   3.1711094265146189E+017 ,   1.0091615275503276     
   3.1735772159515955E+017 ,   1.0091474810816079     
   3.1760450053885722E+017 ,   1.0091334667500198     
   3.1785127948255475E+017 ,   1.0091194844580211     
   3.1809805842625248E+017 ,   1.0091055341084414     
   3.1834483736995014E+017 ,   1.0090916156044720     
   3.1859161631364768E+017 ,   1.0090777288496735     
   3.1883839525734534E+017 ,   1.0090638737479669     
   3.1908517420104294E+017 ,   1.0090500502036370     
   3.1933195314474061E+017 ,   1.0090362581213275     
   3.1957873208843821E+017 ,   1.0090224974060398     
   3.1982551103213587E+017 ,   1.0090087679631339     
   3.2007228997583347E+017 ,   1.0089950696983228     
   3.2031906891953114E+017 ,   1.0089814025176758     
   3.2056584786322880E+017 ,   1.0089677663276124     
   3.2081262680692640E+017 ,   1.0089541610349022     
   3.2105940575062406E+017 ,   1.0089405865466641     
   3.2130618469432173E+017 ,   1.0089270427703656     
   3.2155296363801933E+017 ,   1.0089135296138194     
   3.2179974258171699E+017 ,   1.0089000469851801     
   3.2204652152541466E+017 ,   1.0088865947929495     
   3.2229330046911226E+017 ,   1.0088731729459652     
   3.2254007941280992E+017 ,   1.0088597813534093     
   3.2278685835650752E+017 ,   1.0088464199247984     
   3.2303363730020518E+017 ,   1.0088330885699883     
   3.2328041624390272E+017 ,   1.0088197871991686     
   3.2352719518760038E+017 ,   1.0088065157228625     
   3.2377397413129798E+017 ,   1.0087932740519265     
   3.2402075307499571E+017 ,   1.0087800620975471     
   3.2426753201869331E+017 ,   1.0087668797712377     
   3.2451431096239091E+017 ,   1.0087537269848443     
   3.2476108990608858E+017 ,   1.0087406036505353     
   3.2500786884978618E+017 ,   1.0087275096808062     
   3.2525464779348390E+017 ,   1.0087144449884742     
   3.2550142673718150E+017 ,   1.0087014094866795     
   3.2574820568087917E+017 ,   1.0086884030888825     
   3.2599498462457677E+017 ,   1.0086754257088637     
   3.2624176356827443E+017 ,   1.0086624772607204     
   3.2648854251197203E+017 ,   1.0086495576588663     
   3.2673532145566970E+017 ,   1.0086366668180307     
   3.2698210039936730E+017 ,   1.0086238046532556     
   3.2722887934306496E+017 ,   1.0086109710798967     
   3.2747565828676262E+017 ,   1.0085981660136185     
   3.2772243723046029E+017 ,   1.0085853893703969     
   3.2796921617415789E+017 ,   1.0085726410665155     
   3.2821599511785542E+017 ,   1.0085599210185627     
   3.2846277406155309E+017 ,   1.0085472291434354     
   3.2870955300525075E+017 ,   1.0085345653583322     
   3.2895633194894842E+017 ,   1.0085219295807566     
   3.2920311089264602E+017 ,   1.0085093217285115     
   3.2944988983634368E+017 ,   1.0084967417196999     
   3.2969666878004128E+017 ,   1.0084841894727270     
   3.2994344772373901E+017 ,   1.0084716649062910     
   3.3019022666743654E+017 ,   1.0084591679393893     
   3.3043700561113421E+017 ,   1.0084466984913123     
   3.3068378455483181E+017 ,   1.0084342564816460     
   3.3093056349852947E+017 ,   1.0084218418302675     
   3.3117734244222714E+017 ,   1.0084094544573452     
   3.3142412138592480E+017 ,   1.0083970942833380     
   3.3167090032962246E+017 ,   1.0083847612289927     
   3.3191767927332000E+017 ,   1.0083724552153432     
   3.3216445821701766E+017 ,   1.0083601761637098     
   3.3241123716071533E+017 ,   1.0083479239956985     
   3.3265801610441299E+017 ,   1.0083356986331979     
   3.3290479504811059E+017 ,   1.0083234999983786     
   3.3315157399180819E+017 ,   1.0083113280136942     
   3.3339835293550592E+017 ,   1.0082991826018761     
   3.3364513187920346E+017 ,   1.0082870636859360     
   3.3389191082290106E+017 ,   1.0082749711891619     
   3.3413868976659872E+017 ,   1.0082629050351199     
   3.3438546871029638E+017 ,   1.0082508651476498     
   3.3463224765399405E+017 ,   1.0082388514508660     
   3.3487902659769165E+017 ,   1.0082268638691547     
   3.3512580554138931E+017 ,   1.0082149023271754     
   3.3537258448508698E+017 ,   1.0082029667498567     
   3.3561936342878451E+017 ,   1.0081910570623973     
   3.3586614237248224E+017 ,   1.0081791731902645     
   3.3611292131617984E+017 ,   1.0081673150591905     
   3.3635970025987750E+017 ,   1.0081554825951755     
   3.3660647920357510E+017 ,   1.0081436757244842     
   3.3685325814727277E+017 ,   1.0081318943736439     
   3.3710003709097043E+017 ,   1.0081201384694443     
   3.3734681603466803E+017 ,   1.0081084079389384     
   3.3759359497836563E+017 ,   1.0080967027094365     
   3.3784037392206323E+017 ,   1.0080850227085107     
   3.3808715286576090E+017 ,   1.0080733678639886     
   3.3833393180945862E+017 ,   1.0080617381039583     
   3.3858071075315622E+017 ,   1.0080501333567597     
   3.3882748969685382E+017 ,   1.0080385535509901     
   3.3907426864055142E+017 ,   1.0080269986154997     
   3.3932104758424902E+017 ,   1.0080154684793907     
   3.3956782652794675E+017 ,   1.0080039630720175     
   3.3981460547164435E+017 ,   1.0079924823229853     
   3.4006138441534202E+017 ,   1.0079810261621480     
   3.4030816335903962E+017 ,   1.0079695945196077     
   3.4055494230273734E+017 ,   1.0079581873257142     
   3.4080172124643494E+017 ,   1.0079468045110636     
   3.4104850019013254E+017 ,   1.0079354460064973     
   3.4129527913383014E+017 ,   1.0079241117430997     
   3.4154205807752781E+017 ,   1.0079128016522005     
   3.4178883702122547E+017 ,   1.0079015156653686     
   3.4203561596492314E+017 ,   1.0078902537144168     
   3.4228239490862080E+017 ,   1.0078790157313964     
   3.4252917385231840E+017 ,   1.0078678016485985     
   3.4277595279601594E+017 ,   1.0078566113985516     
   3.4302273173971360E+017 ,   1.0078454449140215     
   3.4326951068341126E+017 ,   1.0078343021280103     
   3.4351628962710886E+017 ,   1.0078231829737543     
   3.4376306857080653E+017 ,   1.0078120873847258     
   3.4400984751450413E+017 ,   1.0078010152946277     
   3.4425662645820186E+017 ,   1.0077899666373973     
   3.4450340540189946E+017 ,   1.0077789413472018     
   3.4475018434559706E+017 ,   1.0077679393584382     
   3.4499696328929472E+017 ,   1.0077569606057346     
   3.4524374223299232E+017 ,   1.0077460050239451     
   3.4549052117669005E+017 ,   1.0077350725481526     
   3.4573730012038765E+017 ,   1.0077241631136660     
   3.4598407906408531E+017 ,   1.0077132766560191     
   3.4623085800778291E+017 ,   1.0077024131109706     
   3.4647763695148058E+017 ,   1.0076915724145037     
   3.4672441589517818E+017 ,   1.0076807545028226     
   3.4697119483887584E+017 ,   1.0076699593123541     
   3.4721797378257344E+017 ,   1.0076591867797460     
   3.4746475272627110E+017 ,   1.0076484368418650     
   3.4771153166996877E+017 ,   1.0076377094357978     
   3.4795831061366643E+017 ,   1.0076270044988476     
   3.4820508955736397E+017 ,   1.0076163219685377     
   3.4845186850106157E+017 ,   1.0076056617826044     
   3.4869864744475923E+017 ,   1.0075950238790004     
   3.4894542638845690E+017 ,   1.0075844081958942     
   3.4919220533215456E+017 ,   1.0075738146716660     
   3.4943898427585216E+017 ,   1.0075632432449109     
   3.4968576321954982E+017 ,   1.0075526938544330     
   3.4993254216324742E+017 ,   1.0075421664392490     
   3.5017932110694509E+017 ,   1.0075316609385854     
   3.5042610005064269E+017 ,   1.0075211772918786     
   3.5067287899434035E+017 ,   1.0075107154387726     
   3.5091965793803795E+017 ,   1.0075002753191180     
   3.5116643688173568E+017 ,   1.0074898568729740     
   3.5141321582543328E+017 ,   1.0074794600406047     
   3.5165999476913094E+017 ,   1.0074690847624783     
   3.5190677371282848E+017 ,   1.0074587309792684     
   3.5215355265652614E+017 ,   1.0074483986318512     
   3.5240033160022381E+017 ,   1.0074380876613056     
   3.5264711054392147E+017 ,   1.0074277980089115     
   3.5289388948761907E+017 ,   1.0074175296161505     
   3.5314066843131667E+017 ,   1.0074072824247033     
   3.5338744737501434E+017 ,   1.0073970563764505     
   3.5363422631871194E+017 ,   1.0073868514134710     
   3.5388100526240960E+017 ,   1.0073766674780404     
   3.5412778420610720E+017 ,   1.0073665045126314     
   3.5437456314980486E+017 ,   1.0073563624599133     
   3.5462134209350246E+017 ,   1.0073462412627496     
   3.5486812103720019E+017 ,   1.0073361408641990     
   3.5511489998089779E+017 ,   1.0073260612075119     
   3.5536167892459546E+017 ,   1.0073160022361340     
   3.5560845786829306E+017 ,   1.0073059638937014     
   3.5585523681199066E+017 ,   1.0072959461240416     
   3.5610201575568838E+017 ,   1.0072859488711732     
   3.5634879469938598E+017 ,   1.0072759720793034     
   3.5659557364308365E+017 ,   1.0072660156928293     
   3.5684235258678125E+017 ,   1.0072560796563343     
   3.5708913153047898E+017 ,   1.0072461639145909     
   3.5733591047417651E+017 ,   1.0072362684125593     
   3.5758268941787411E+017 ,   1.0072263930953813     
   3.5782946836157171E+017 ,   1.0072165379083893     
   3.5807624730526938E+017 ,   1.0072067027970950     
   3.5832302624896704E+017 ,   1.0071968877071968     
   3.5856980519266470E+017 ,   1.0071870925845747     
   3.5881658413636230E+017 ,   1.0071773173752918     
   3.5906336308005990E+017 ,   1.0071675620255915     
   3.5931014202375757E+017 ,   1.0071578264818981     
   3.5955692096745523E+017 ,   1.0071481106908164     
   3.5980369991115290E+017 ,   1.0071384145991302     
   3.6005047885485050E+017 ,   1.0071287381538008     
   3.6029725779854816E+017 ,   1.0071190813019693     
   3.6054403674224576E+017 ,   1.0071094439909518     
   3.6079081568594349E+017 ,   1.0070998261682427     
   3.6103759462964102E+017 ,   1.0070902277815099     
   3.6128437357333869E+017 ,   1.0070806487785977     
   3.6153115251703629E+017 ,   1.0070710891075259     
   3.6177793146073395E+017 ,   1.0070615487164836     
   3.6202471040443162E+017 ,   1.0070520275538370     
   3.6227148934812928E+017 ,   1.0070425255681237     
   3.6251826829182688E+017 ,   1.0070330427080501     
   3.6276504723552442E+017 ,   1.0070235789224964     
   3.6301182617922208E+017 ,   1.0070141341605121     
   3.6325860512291974E+017 ,   1.0070047083713147     
   3.6350538406661741E+017 ,   1.0069953015042930     
   3.6375216301031501E+017 ,   1.0069859135090016     
   3.6399894195401267E+017 ,   1.0069765443351644     
   3.6424572089771034E+017 ,   1.0069671939326705     
   3.6449249984140800E+017 ,   1.0069578622515754     
   3.6473927878510554E+017 ,   1.0069485492421018     
   3.6498605772880320E+017 ,   1.0069392548546341     
   3.6523283667250080E+017 ,   1.0069299790397246     
   3.6547961561619853E+017 ,   1.0069207217480856     
   3.6572639455989613E+017 ,   1.0069114829305932     
   3.6597317350359379E+017 ,   1.0069022625382882     
   3.6621995244729139E+017 ,   1.0068930605223698     
   3.6646673139098899E+017 ,   1.0068838768341990     
   3.6671351033468672E+017 ,   1.0068747114252981     
   3.6696028927838432E+017 ,   1.0068655642473481     
   3.6720706822208198E+017 ,   1.0068564352521889     
   3.6745384716577958E+017 ,   1.0068473243918208     
   3.6770062610947718E+017 ,   1.0068382316183979     
   3.6794740505317491E+017 ,   1.0068291568842360     
   3.6819418399687245E+017 ,   1.0068201001418038     
   3.6844096294057005E+017 ,   1.0068110613437291     
   3.6868774188426771E+017 ,   1.0068020404427915     
   3.6893452082796538E+017 ,   1.0067930373919292     
   3.6918129977166304E+017 ,   1.0067840521442299     
   3.6942807871536064E+017 ,   1.0067750846529402     
   3.6967485765905830E+017 ,   1.0067661348714547     
   3.6992163660275597E+017 ,   1.0067572027533238     
   3.7016841554645357E+017 ,   1.0067482882522469     
   3.7041519449015123E+017 ,   1.0067393913220779     
   3.7066197343384883E+017 ,   1.0067305119168162     
   3.7090875237754650E+017 ,   1.0067216499906169     
   3.7115553132124410E+017 ,   1.0067128054977805     
   3.7140231026494182E+017 ,   1.0067039783927574     
   3.7164908920863942E+017 ,   1.0066951686301462     
   3.7189586815233702E+017 ,   1.0066863761646936     
   3.7214264709603456E+017 ,   1.0066776009512919     
   3.7238942603973222E+017 ,   1.0066688429449822     
   3.7263620498342995E+017 ,   1.0066601021009496     
   3.7288298392712755E+017 ,   1.0066513783745250     
   3.7312976287082522E+017 ,   1.0066426717211845     
   3.7337654181452282E+017 ,   1.0066339820965486     
   3.7362332075822042E+017 ,   1.0066253094563788     
   3.7387009970191808E+017 ,   1.0066166537565846     
   3.7411687864561574E+017 ,   1.0066080149532139     
   3.7436365758931334E+017 ,   1.0065993930024586     
   3.7461043653301101E+017 ,   1.0065907878606510     
   3.7485721547670867E+017 ,   1.0065821994842650     
   3.7510399442040634E+017 ,   1.0065736278299144     
   3.7535077336410394E+017 ,   1.0065650728543536     
   3.7559755230780154E+017 ,   1.0065565345144754     
   3.7584433125149914E+017 ,   1.0065480127673117     
   3.7609111019519686E+017 ,   1.0065395075700325     
   3.7633788913889446E+017 ,   1.0065310188799459     
   3.7658466808259213E+017 ,   1.0065225466544967     
   3.7683144702628979E+017 ,   1.0065140908512660     
   3.7707822596998739E+017 ,   1.0065056514279718     
   3.7732500491368506E+017 ,   1.0064972283424671     
   3.7757178385738259E+017 ,   1.0064888215527412     
   3.7781856280108026E+017 ,   1.0064804310169153     
   3.7806534174477786E+017 ,   1.0064720566932472     
   3.7831212068847552E+017 ,   1.0064636985401272     
   3.7855889963217318E+017 ,   1.0064553565160785     
   3.7880567857587085E+017 ,   1.0064470305797568     
   3.7905245751956845E+017 ,   1.0064387206899503     
   3.7929923646326605E+017 ,   1.0064304268055775     
   3.7954601540696365E+017 ,   1.0064221488856897     
   3.7979279435066138E+017 ,   1.0064138868894668     
   3.8003957329435898E+017 ,   1.0064056407762201     
   3.8028635223805664E+017 ,   1.0063974105053897     
   3.8053313118175430E+017 ,   1.0063891960365445     
   3.8077991012545197E+017 ,   1.0063809973293825     
   3.8102668906914957E+017 ,   1.0063728143437298     
   3.8127346801284717E+017 ,   1.0063646470395393     
   3.8152024695654483E+017 ,   1.0063564953768909     
   3.8176702590024243E+017 ,   1.0063483593159916     
   3.8201380484394016E+017 ,   1.0063402388171758     
   3.8226058378763776E+017 ,   1.0063321338409001     
   3.8250736273133542E+017 ,   1.0063240443477492     
   3.8275414167503290E+017 ,   1.0063159702984319     
   3.8300092061873056E+017 ,   1.0063079116537794     
   3.8324769956242822E+017 ,   1.0062998683747493     
   3.8349447850612589E+017 ,   1.0062918404224208     
   3.8374125744982355E+017 ,   1.0062838277579957     
   3.8398803639352115E+017 ,   1.0062758303427992     
   3.8423481533721882E+017 ,   1.0062678481382776     
   3.8448159428091648E+017 ,   1.0062598811059986     
   3.8472837322461408E+017 ,   1.0062519292076515     
   3.8497515216831168E+017 ,   1.0062439924050446     
   3.8522193111200934E+017 ,   1.0062360706601086     
   3.8546871005570694E+017 ,   1.0062281639348911     
   3.8571548899940467E+017 ,   1.0062202721915616     
   3.8596226794310227E+017 ,   1.0062123953924060     
   3.8620904688679994E+017 ,   1.0062045334998291     
   3.8645582583049747E+017 ,   1.0061966864763545     
   3.8670260477419507E+017 ,   1.0061888542846216     
   3.8694938371789280E+017 ,   1.0061810368873887     
   3.8719616266159046E+017 ,   1.0061732342475278     
   3.8744294160528806E+017 ,   1.0061654463280296     
   3.8768972054898566E+017 ,   1.0061576730919992     
   3.8793649949268346E+017 ,   1.0061499145026560     
   3.8818327843638093E+017 ,   1.0061421705233369     
   3.8843005738007859E+017 ,   1.0061344411174897     
   3.8867683632377619E+017 ,   1.0061267262486793     
   3.8892361526747386E+017 ,   1.0061190258805817     
   3.8917039421117152E+017 ,   1.0061113399769861     
   3.8941717315486918E+017 ,   1.0061036685017959     
   3.8966395209856678E+017 ,   1.0060960114190265     
   3.8991073104226445E+017 ,   1.0060883686928028     
   3.9015750998596205E+017 ,   1.0060807402873644     
   3.9040428892965971E+017 ,   1.0060731261670597     
   3.9065106787335738E+017 ,   1.0060655262963467     
   3.9089784681705498E+017 ,   1.0060579406397967     
   3.9114462576075264E+017 ,   1.0060503691620881     
   3.9139140470445024E+017 ,   1.0060428118280098     
   3.9163818364814797E+017 ,   1.0060352686024596     
   3.9188496259184550E+017 ,   1.0060277394504433     
   3.9213174153554310E+017 ,   1.0060202243370748     
   3.9237852047924070E+017 ,   1.0060127232275764     
   3.9262529942293843E+017 ,   1.0060052360872771     
   3.9287207836663603E+017 ,   1.0059977628816132     
   3.9311885731033370E+017 ,   1.0059903035761273     
   3.9336563625403130E+017 ,   1.0059828581364683     
   3.9361241519772890E+017 ,   1.0059754265283904     
   3.9385919414142656E+017 ,   1.0059680087177545     
   3.9410597308512422E+017 ,   1.0059606046705247     
   3.9435275202882189E+017 ,   1.0059532143527703     
   3.9459953097251949E+017 ,   1.0059458377306654     
   3.9484630991621715E+017 ,   1.0059384747704874     
   3.9509308885991482E+017 ,   1.0059311254386172     
   3.9533986780361248E+017 ,   1.0059237897015390     
   3.9558664674731002E+017 ,   1.0059164675258383     
   3.9583342569100768E+017 ,   1.0059091588782061     
   3.9608020463470528E+017 ,   1.0059018637254316     
   3.9632698357840301E+017 ,   1.0058945820344074     
   3.9657376252210061E+017 ,   1.0058873137721283     
   3.9682054146579827E+017 ,   1.0058800589056878     
   3.9706732040949587E+017 ,   1.0058728174022811     
   3.9731409935319341E+017 ,   1.0058655892292034     
   3.9756087829689114E+017 ,   1.0058583743538483     
   3.9780765724058874E+017 ,   1.0058511727437112     
   3.9805443618428640E+017 ,   1.0058439843663842     
   3.9830121512798400E+017 ,   1.0058368091895593     
   3.9854799407168173E+017 ,   1.0058296471810269     
   3.9879477301537933E+017 ,   1.0058224983086737     
   3.9904155195907699E+017 ,   1.0058153625404858     
   3.9928833090277453E+017 ,   1.0058082398445451     
   3.9953510984647219E+017 ,   1.0058011301890322     
   3.9978188879016986E+017 ,   1.0057940335422226     
   4.0002866773386752E+017 ,   1.0057869498724876     
   4.0027544667756512E+017 ,   1.0057798791482957     
   4.0052222562126278E+017 ,   1.0057728213382107     
   4.0076900456496038E+017 ,   1.0057657764108905     
   4.0101578350865805E+017 ,   1.0057587443350873     
   4.0126256245235571E+017 ,   1.0057517250796504     
   4.0150934139605331E+017 ,   1.0057447186135209     
   4.0175612033975098E+017 ,   1.0057377249057333     
   4.0200289928344851E+017 ,   1.0057307439254168     
   4.0224967822714630E+017 ,   1.0057237756417952     
   4.0249645717084390E+017 ,   1.0057168200241806     
   4.0274323611454144E+017 ,   1.0057098770419812     
   4.0299001505823904E+017 ,   1.0057029466646958     
   4.0323679400193670E+017 ,   1.0056960288619146     
   4.0348357294563437E+017 ,   1.0056891236033210     
   4.0373035188933203E+017 ,   1.0056822308586868     
   4.0397713083302963E+017 ,   1.0056753505978773     
   4.0422390977672730E+017 ,   1.0056684827908469     
   4.0447068872042496E+017 ,   1.0056616274076389     
   4.0471746766412256E+017 ,   1.0056547844183887     
   4.0496424660782022E+017 ,   1.0056479537933187     
   4.0521102555151782E+017 ,   1.0056411355027433     
   4.0545780449521549E+017 ,   1.0056343295170638     
   4.0570458343891315E+017 ,   1.0056275358067694     
   4.0595136238261082E+017 ,   1.0056207543424389     
   4.0619814132630842E+017 ,   1.0056139850947385     
   4.0644492027000602E+017 ,   1.0056072280344226     
   4.0669169921370355E+017 ,   1.0056004831323311     
   4.0693847815740134E+017 ,   1.0055937503593921     
   4.0718525710109894E+017 ,   1.0055870296866207     
   4.0743203604479654E+017 ,   1.0055803210851173     
   4.0767881498849414E+017 ,   1.0055736245260680     
   4.0792559393219181E+017 ,   1.0055669399807461     
   4.0817237287588947E+017 ,   1.0055602674205095     
   4.0841915181958707E+017 ,   1.0055536068168007     
   4.0866593076328474E+017 ,   1.0055469581411471     
   4.0891270970698234E+017 ,   1.0055403213651621     
   4.0915948865068000E+017 ,   1.0055336964605408     
   4.0940626759437766E+017 ,   1.0055270833990639     
   4.0965304653807533E+017 ,   1.0055204821525956     
   4.0989982548177293E+017 ,   1.0055138926930822     
   4.1014660442547053E+017 ,   1.0055073149925544     
   4.1039338336916813E+017 ,   1.0055007490231251     
   4.1064016231286586E+017 ,   1.0054941947569886     
   4.1088694125656346E+017 ,   1.0054876521664236     
   4.1113372020026112E+017 ,   1.0054811212237880     
   4.1138049914395872E+017 ,   1.0054746019015228     
   4.1162727808765645E+017 ,   1.0054680941721503     
   4.1187405703135398E+017 ,   1.0054615980082722     
   4.1212083597505158E+017 ,   1.0054551133825742     
   4.1236761491874925E+017 ,   1.0054486402678184     
   4.1261439386244685E+017 ,   1.0054421786368493     
   4.1286117280614458E+017 ,   1.0054357284625912     
   4.1310795174984218E+017 ,   1.0054292897180472     
   4.1335473069353984E+017 ,   1.0054228623762997     
   4.1360150963723738E+017 ,   1.0054164464105109     
   4.1384828858093504E+017 ,   1.0054100417939198     
   4.1409506752463270E+017 ,   1.0054036484998474     
   4.1434184646833037E+017 ,   1.0053972665016895     
   4.1458862541202797E+017 ,   1.0053908957729207     
   4.1483540435572563E+017 ,   1.0053845362870937     
   4.1508218329942330E+017 ,   1.0053781880178383     
   4.1532896224312096E+017 ,   1.0053718509388609     
   4.1557574118681856E+017 ,   1.0053655250239464     
   4.1582252013051616E+017 ,   1.0053592102469542     
   4.1606929907421382E+017 ,   1.0053529065818212     
   4.1631607801791149E+017 ,   1.0053466140025591     
   4.1656285696160915E+017 ,   1.0053403324832557     
   4.1680963590530675E+017 ,   1.0053340619980766     
   4.1705641484900442E+017 ,   1.0053278025212589     
   4.1730319379270189E+017 ,   1.0053215540271174     
   4.1754997273639962E+017 ,   1.0053153164900397     
   4.1779675168009722E+017 ,   1.0053090898844896     
   4.1804353062379488E+017 ,   1.0053028741850039     
   4.1829030956749254E+017 ,   1.0052966693661933     
   4.1853708851119014E+017 ,   1.0052904754027430     
   4.1878386745488787E+017 ,   1.0052842922694101     
   4.1903064639858547E+017 ,   1.0052781199410268     
   4.1927742534228307E+017 ,   1.0052719583924972     
   4.1952420428598067E+017 ,   1.0052658075987968     
   4.1977098322967834E+017 ,   1.0052596675349756     
   4.2001776217337600E+017 ,   1.0052535381761540     
   4.2026454111707366E+017 ,   1.0052474194975263     
   4.2051132006077126E+017 ,   1.0052413114743568     
   4.2075809900446893E+017 ,   1.0052352140819816     
   4.2100487794816646E+017 ,   1.0052291272958080     
   4.2125165689186419E+017 ,   1.0052230510913129     
   4.2149843583556179E+017 ,   1.0052169854440474     
   4.2174521477925939E+017 ,   1.0052109303296286     
   4.2199199372295706E+017 ,   1.0052048857237474     
   4.2223877266665478E+017 ,   1.0051988516021619     
   4.2248555161035238E+017 ,   1.0051928279407016     
   4.2273233055404992E+017 ,   1.0051868147152652     
   4.2297910949774758E+017 ,   1.0051808119018204     
   4.2322588844144518E+017 ,   1.0051748194764034     
   4.2347266738514291E+017 ,   1.0051688374151189     
   4.2371944632884051E+017 ,   1.0051628656941418     
   4.2396622527253818E+017 ,   1.0051569042897142     
   4.2421300421623578E+017 ,   1.0051509531781457     
   4.2445978315993344E+017 ,   1.0051450123358141     
   4.2470656210363104E+017 ,   1.0051390817391648     
   4.2495334104732870E+017 ,   1.0051331613647112     
   4.2520011999102630E+017 ,   1.0051272511890330     
   4.2544689893472397E+017 ,   1.0051213511887760     
   4.2569367787842163E+017 ,   1.0051154613406550     
   4.2594045682211930E+017 ,   1.0051095816214486     
   4.2618723576581696E+017 ,   1.0051037120080035     
   4.2643401470951443E+017 ,   1.0050978524772320     
   4.2668079365321210E+017 ,   1.0050920030061097     
   4.2692757259690970E+017 ,   1.0050861635716823     
   4.2717435154060742E+017 ,   1.0050803341510575     
   4.2742113048430502E+017 ,   1.0050745147214082     
   4.2766790942800269E+017 ,   1.0050687052599740     
   4.2791468837170029E+017 ,   1.0050629057440561     
   4.2816146731539789E+017 ,   1.0050571161510238     
   4.2840824625909555E+017 ,   1.0050513364583074     
   4.2865502520279322E+017 ,   1.0050455666434037     
   4.2890180414649088E+017 ,   1.0050398066838704     
   4.2914858309018848E+017 ,   1.0050340565573315     
   4.2939536203388621E+017 ,   1.0050283162414733     
   4.2964214097758381E+017 ,   1.0050225857140442     
   4.2988891992128147E+017 ,   1.0050168649528575     
   4.3013569886497901E+017 ,   1.0050111539357867     
   4.3038247780867667E+017 ,   1.0050054526407708     
   4.3062925675237434E+017 ,   1.0049997610458077     
   4.3087603569607200E+017 ,   1.0049940791289609     
   4.3112281463976960E+017 ,   1.0049884068683523     
   4.3136959358346726E+017 ,   1.0049827442421675     
   4.3161637252716486E+017 ,   1.0049770912286531     
   4.3186315147086246E+017 ,   1.0049714478061174     
   4.3210993041456013E+017 ,   1.0049658139529281     
   4.3235670935825773E+017 ,   1.0049601896475151     
   4.3260348830195539E+017 ,   1.0049545748683690     
   4.3285026724565299E+017 ,   1.0049489695940397     
   4.3309704618935072E+017 ,   1.0049433738031384     
   4.3334382513304832E+017 ,   1.0049377874743355     
   4.3359060407674598E+017 ,   1.0049322105863625     
   4.3383738302044352E+017 ,   1.0049266431180077     
   4.3408416196414125E+017 ,   1.0049210850481223     
   4.3433094090783885E+017 ,   1.0049155363556144     
   4.3457771985153651E+017 ,   1.0049099970194511     
   4.3482449879523411E+017 ,   1.0049044670186593     
   4.3507127773893178E+017 ,   1.0048989463323241     
   4.3531805668262944E+017 ,   1.0048934349395897     
   4.3556483562632704E+017 ,   1.0048879328196563     
   4.3581161457002464E+017 ,   1.0048824399517839     
   4.3605839351372230E+017 ,   1.0048769563152919     
   4.3630517245741997E+017 ,   1.0048714818895530     
   4.3655195140111763E+017 ,   1.0048660166540013     
   4.3679873034481530E+017 ,   1.0048605605881253     
   4.3704550928851283E+017 ,   1.0048551136714730     
   4.3729228823221043E+017 ,   1.0048496758836474     
   4.3753906717590803E+017 ,   1.0048442472043091     
   4.3778584611960576E+017 ,   1.0048388276131757     
   4.3803262506330336E+017 ,   1.0048334170900188     
   4.3827940400700102E+017 ,   1.0048280156146694     
   4.3852618295069862E+017 ,   1.0048226231670114     
   4.3877296189439629E+017 ,   1.0048172397269863     
   4.3901974083809395E+017 ,   1.0048118652745905     
   4.3926651978179155E+017 ,   1.0048064997898760     
   4.3951329872548922E+017 ,   1.0048011432529500     
   4.3976007766918682E+017 ,   1.0047957956439733     
   4.4000685661288454E+017 ,   1.0047904569431638     
   4.4025363555658214E+017 ,   1.0047851271307939     
   4.4050041450027981E+017 ,   1.0047798061871875     
   4.4074719344397741E+017 ,   1.0047744940927268     
   4.4099397238767494E+017 ,   1.0047691908278447     
   4.4124075133137267E+017 ,   1.0047638963730299     
   4.4148753027507034E+017 ,   1.0047586107088247     
   4.4173430921876787E+017 ,   1.0047533338158241     
   4.4198108816246554E+017 ,   1.0047480656746779     
   4.4222786710616314E+017 ,   1.0047428062660875     
   4.4247464604986086E+017 ,   1.0047375555708082     
   4.4272142499355846E+017 ,   1.0047323135696486     
   4.4296820393725606E+017 ,   1.0047270802434694     
   4.4321498288095373E+017 ,   1.0047218555731829     
   4.4346176182465133E+017 ,   1.0047166395397564     
   4.4370854076834906E+017 ,   1.0047114321242059     
   4.4395531971204666E+017 ,   1.0047062333076020     
   4.4420209865574432E+017 ,   1.0047010430710663     
   4.4444887759944192E+017 ,   1.0046958613957728     
   4.4469565654313952E+017 ,   1.0046906882629449     
   4.4494243548683718E+017 ,   1.0046855236538597     
   4.4518921443053485E+017 ,   1.0046803675498448     
   4.4543599337423245E+017 ,   1.0046752199322770     
   4.4568277231793011E+017 ,   1.0046700807825866     
   4.4592955126162778E+017 ,   1.0046649500822524     
   4.4617633020532544E+017 ,   1.0046598278128058     
   4.4642310914902298E+017 ,   1.0046547139558273     
   4.4666988809272058E+017 ,   1.0046496084929453     
   4.4691666703641824E+017 ,   1.0046445114058438     
   4.4716344598011590E+017 ,   1.0046394226762514     
   4.4741022492381357E+017 ,   1.0046343422859483     
   4.4765700386751117E+017 ,   1.0046292702167654     
   4.4790378281120883E+017 ,   1.0046242064505799     
   4.4815056175490637E+017 ,   1.0046191509693225     
   4.4839734069860410E+017 ,   1.0046141037549683     
   4.4864411964230170E+017 ,   1.0046090647895443     
   4.4889089858599936E+017 ,   1.0046040340551259     
   4.4913767752969696E+017 ,   1.0045990115338359     
   4.4938445647339462E+017 ,   1.0045939972078459     
   4.4963123541709229E+017 ,   1.0045889910593768     
   4.4987801436078995E+017 ,   1.0045839930706972     
   4.5012479330448755E+017 ,   1.0045790032241213     
   4.5037157224818515E+017 ,   1.0045740215020142     
   4.5061835119188282E+017 ,   1.0045690478867868     
   4.5086513013558048E+017 ,   1.0045640823608994     
   4.5111190907927814E+017 ,   1.0045591249068564     
   4.5135868802297574E+017 ,   1.0045541755072127     
   4.5160546696667334E+017 ,   1.0045492341445679     
   4.5185224591037088E+017 ,   1.0045443008015700     
   4.5209902485406861E+017 ,   1.0045393754609115     
   4.5234580379776621E+017 ,   1.0045344581053346     
   4.5259258274146387E+017 ,   1.0045295487176256     
   4.5283936168516147E+017 ,   1.0045246472806180     
   4.5308614062885920E+017 ,   1.0045197537771904     
   4.5333291957255680E+017 ,   1.0045148681902687     
   4.5357969851625446E+017 ,   1.0045099905028234     
   4.5382647745995206E+017 ,   1.0045051206978715     
   4.5407325640364966E+017 ,   1.0045002587584759     
   4.5432003534734739E+017 ,   1.0044954046677437     
   4.5456681429104499E+017 ,   1.0044905584088273     
   4.5481359323474266E+017 ,   1.0044857199649251     
   4.5506037217844026E+017 ,   1.0044808893192800     
   4.5530715112213792E+017 ,   1.0044760664551797     
   4.5555393006583552E+017 ,   1.0044712513559564     
   4.5580070900953318E+017 ,   1.0044664440049873     
   4.5604748795323078E+017 ,   1.0044616443856924     
   4.5629426689692838E+017 ,   1.0044568524815383     
   4.5654104584062605E+017 ,   1.0044520682760334     
   4.5678782478432378E+017 ,   1.0044472917527325     
   4.5703460372802138E+017 ,   1.0044425228952321     
   4.5728138267171891E+017 ,   1.0044377616871727     
   4.5752816161541658E+017 ,   1.0044330081122397     
   4.5777494055911424E+017 ,   1.0044282621541594     
   4.5802171950281190E+017 ,   1.0044235237967047     
   4.5826849844650950E+017 ,   1.0044187930236885     
   4.5851527739020717E+017 ,   1.0044140698189679     
   4.5876205633390477E+017 ,   1.0044093541664427     
   4.5900883527760250E+017 ,   1.0044046460500569     
   4.5925561422130003E+017 ,   1.0043999454537942     
   4.5950239316499770E+017 ,   1.0043952523616833     
   4.5974917210869530E+017 ,   1.0043905667577926     
   4.5999595105239296E+017 ,   1.0043858886262365     
   4.6024272999609062E+017 ,   1.0043812179511671     
   4.6048950893978829E+017 ,   1.0043765547167811     
   4.6073628788348595E+017 ,   1.0043718989073165     
   4.6098306682718342E+017 ,   1.0043672505070520     
   4.6122984577088109E+017 ,   1.0043626095003095     
   4.6147662471457875E+017 ,   1.0043579758714511     
   4.6172340365827642E+017 ,   1.0043533496048789     
   4.6197018260197402E+017 ,   1.0043487306850389     
   4.6221696154567168E+017 ,   1.0043441190964164     
   4.6246374048936928E+017 ,   1.0043395148235372     
   4.6271051943306694E+017 ,   1.0043349178509693     
   4.6295729837676454E+017 ,   1.0043303281633196     
   4.6320407732046221E+017 ,   1.0043257457452370     
   4.6345085626415987E+017 ,   1.0043211705814092     
   4.6369763520785754E+017 ,   1.0043166026565657     
   4.6394441415155514E+017 ,   1.0043120419554747     
   4.6419119309525280E+017 ,   1.0043074884629450     
   4.6443797203895046E+017 ,   1.0043029421638261     
   4.6468475098264800E+017 ,   1.0042984030430058     
   4.6493152992634573E+017 ,   1.0042938710854106     
   4.6517830887004333E+017 ,   1.0042893462760094     
   4.6542508781374099E+017 ,   1.0042848285998081     
   4.6567186675743859E+017 ,   1.0042803180418531     
   4.6591864570113626E+017 ,   1.0042758145872295     
   4.6616542464483392E+017 ,   1.0042713182210601     
   4.6641220358853146E+017 ,   1.0042668289285086     
   4.6665898253222906E+017 ,   1.0042623466947762     
   4.6690576147592672E+017 ,   1.0042578715051025     
   4.6715254041962438E+017 ,   1.0042534033447668     
   4.6739931936332205E+017 ,   1.0042489421990857     
   4.6764609830701971E+017 ,   1.0042444880534138     
   4.6789287725071731E+017 ,   1.0042400408931453     
   4.6813965619441491E+017 ,   1.0042356007037114     
   4.6838643513811251E+017 ,   1.0042311674705811     
   4.6863321408181024E+017 ,   1.0042267411792598     
   4.6887999302550784E+017 ,   1.0042223218152939     
   4.6912677196920550E+017 ,   1.0042179093642651     
   4.6937355091290310E+017 ,   1.0042135038117925     
   4.6962032985660083E+017 ,   1.0042091051435329     
   4.6986710880029843E+017 ,   1.0042047133451810     
   4.7011388774399603E+017 ,   1.0042003284024670     
   4.7036066668769363E+017 ,   1.0041959503011590     
   4.7060744563139130E+017 ,   1.0041915790270621     
   4.7085422457508896E+017 ,   1.0041872145660184     
   4.7110100351878662E+017 ,   1.0041828569039049     
   4.7134778246248429E+017 ,   1.0041785060266371     
   4.7159456140618182E+017 ,   1.0041741619201656     
   4.7184134034987942E+017 ,   1.0041698245704780     
   4.7208811929357709E+017 ,   1.0041654939635973     
   4.7233489823727475E+017 ,   1.0041611700855835     
   4.7258167718097235E+017 ,   1.0041568529225324     
   4.7282845612467002E+017 ,   1.0041525424605746     
   4.7307523506836762E+017 ,   1.0041482386858769     
   4.7332201401206534E+017 ,   1.0041439415846425     
   4.7356879295576294E+017 ,   1.0041396511431093     
   4.7381557189946054E+017 ,   1.0041353673475504     
   4.7406235084315821E+017 ,   1.0041310901842755     
   4.7430912978685581E+017 ,   1.0041268196396274     
   4.7455590873055354E+017 ,   1.0041225556999853     
   4.7480268767425114E+017 ,   1.0041182983517640     
   4.7504946661794880E+017 ,   1.0041140475814114     
   4.7529624556164640E+017 ,   1.0041098033754112     
   4.7554302450534394E+017 ,   1.0041055657202815     
   4.7578980344904166E+017 ,   1.0041013346025756     
   4.7603658239273933E+017 ,   1.0040971100088794     
   4.7628336133643686E+017 ,   1.0040928919258152     
   4.7653014028013453E+017 ,   1.0040886803400386     
   4.7677691922383219E+017 ,   1.0040844752382390     
   4.7702369816752986E+017 ,   1.0040802766071399     
   4.7727047711122746E+017 ,   1.0040760844334990     
   4.7751725605492506E+017 ,   1.0040718987041073     
   4.7776403499862272E+017 ,   1.0040677194057923     
   4.7801081394232038E+017 ,   1.0040635465254097     
   4.7825759288601805E+017 ,   1.0040593800498518     
   4.7850437182971565E+017 ,   1.0040552199660464     
   4.7875115077341331E+017 ,   1.0040510662609503     
   4.7899792971711091E+017 ,   1.0040469189215566     
   4.7924470866080858E+017 ,   1.0040427779348895     
   4.7949148760450618E+017 ,   1.0040386432880075     
   4.7973826654820384E+017 ,   1.0040345149680019     
   4.7998504549190144E+017 ,   1.0040303929619954     
   4.8023182443559910E+017 ,   1.0040262772571451     
   4.8047860337929677E+017 ,   1.0040221678406396     
   4.8072538232299443E+017 ,   1.0040180646997003     
   4.8097216126669197E+017 ,   1.0040139678215814     
   4.8121894021038957E+017 ,   1.0040098771935688     
   4.8146571915408730E+017 ,   1.0040057928029809     
   4.8171249809778490E+017 ,   1.0040017146371680     
   4.8195927704148256E+017 ,   1.0039976426835111     
   4.8220605598518016E+017 ,   1.0039935769294266     
   4.8245283492887782E+017 ,   1.0039895173623596     
   4.8269961387257542E+017 ,   1.0039854639697869     
   4.8294639281627309E+017 ,   1.0039814167392191     
   4.8319317175997069E+017 ,   1.0039773756581971     
   4.8343995070366835E+017 ,   1.0039733407142921     
   4.8368672964736595E+017 ,   1.0039693118951083     
   4.8393350859106368E+017 ,   1.0039652891882804     
   4.8418028753476128E+017 ,   1.0039612725814748     
   4.8442706647845894E+017 ,   1.0039572620623873     
   4.8467384542215654E+017 ,   1.0039532576187471     
   4.8492062436585414E+017 ,   1.0039492592383121     
   4.8516740330955187E+017 ,   1.0039452669088715     
   4.8541418225324947E+017 ,   1.0039412806182466     
   4.8566096119694714E+017 ,   1.0039373003542869     
   4.8590774014064474E+017 ,   1.0039333261048742     
   4.8615451908434234E+017 ,   1.0039293578579205     
   4.8640129802803994E+017 ,   1.0039253956013674     
   4.8664807697173760E+017 ,   1.0039214393231868     
   4.8689485591543520E+017 ,   1.0039174890113807     
   4.8714163485913286E+017 ,   1.0039135446539811     
   4.8738841380283053E+017 ,   1.0039096062390518     
   4.8763519274652819E+017 ,   1.0039056737546834     
   4.8788197169022579E+017 ,   1.0039017471889977     
   4.8812875063392346E+017 ,   1.0038978265301470     
   4.8837552957762106E+017 ,   1.0038939117663108     
   4.8862230852131872E+017 ,   1.0038900028857014     
   4.8886908746501638E+017 ,   1.0038860998765575     
   4.8911586640871398E+017 ,   1.0038822027271488     
   4.8936264535241165E+017 ,   1.0038783114257739     
   4.8960942429610925E+017 ,   1.0038744259607597     
   4.8985620323980698E+017 ,   1.0038705463204638     
   4.9010298218350451E+017 ,   1.0038666724932712     
   4.9034976112720218E+017 ,   1.0038628044675966     
   4.9059654007089971E+017 ,   1.0038589422318827     
   4.9084331901459738E+017 ,   1.0038550857746025     
   4.9109009795829510E+017 ,   1.0038512350842557     
   4.9133687690199270E+017 ,   1.0038473901493719     
   4.9158365584569037E+017 ,   1.0038435509585089     
   4.9183043478938790E+017 ,   1.0038397175002525     
   4.9207721373308557E+017 ,   1.0038358897632160     
   4.9232399267678323E+017 ,   1.0038320677360437     
   4.9257077162048090E+017 ,   1.0038282514074048     
   4.9281755056417850E+017 ,   1.0038244407659984     
   4.9306432950787616E+017 ,   1.0038206358005508     
   4.9331110845157382E+017 ,   1.0038168364998168     
   4.9355788739527149E+017 ,   1.0038130428525780     
