   0.0000000000000000       ,    104.82050000000000     
   246778943697635.72       ,    61.169984859383604     
   493557887395271.44       ,    32.579302442030048     
   740336831092907.12       ,    20.933562920013124     
   987115774790542.88       ,    15.412627875736716     
   1233894718488178.5       ,    12.357214146722733     
   1480673662185814.2       ,    10.476049013440413     
   1727452605883449.8       ,    9.2271060557409577     
   1974231549581085.8       ,    8.3488595185542884     
   2221010493278721.5       ,    7.7019480240084492     
   2467789436976357.0       ,    7.2065588573844632     
   2714568380673993.0       ,    6.8144030797990354     
   2961347324371628.5       ,    6.4949556264806168     
   3208126268069264.5       ,    6.2282078413139637     
   3454905211766899.5       ,    6.0006339724266473     
   3701684155464535.5       ,    5.8028436026835033     
   3948463099162171.5       ,    5.6281631255327023     
   4195242042859807.5       ,    5.4717505599622331     
   4442020986557443.0       ,    5.3300273933528164     
   4688799930255079.0       ,    5.2003046656149916     
   4935578873952714.0       ,    5.0805312948827686     
   5182357817650351.0       ,    4.9691212048968625     
   5429136761347986.0       ,    4.8648323710367549     
   5675915705045621.0       ,    4.7666807619464526     
   5922694648743257.0       ,    4.6738781687474180     
   6169473592440893.0       ,    4.5857866644277800     
   6416252536138529.0       ,    4.5018848220723005     
   6663031479836163.0       ,    4.4217423671214044     
   6909810423533799.0       ,    4.3450009588110792     
   7156589367231436.0       ,    4.2713594797061161     
   7403368310929071.0       ,    4.2005626777118952     
   7650147254626707.0       ,    4.1323923264352782     
   7896926198324343.0       ,    4.0666602948382078     
   8143705142021978.0       ,    4.0032030767190632     
   8390484085719615.0       ,    3.9418774450693679     
   8637263029417251.0       ,    3.8825569794334007     
   8884041973114886.0       ,    3.8251292752947137     
   9130820916812522.0       ,    3.7694936895754707     
   9377599860510158.0       ,    3.7155595099731009     
   9624378804207792.0       ,    3.6632444611742025     
   9871157747905428.0       ,    3.6124734801809000     
   10117936691603062.       ,    3.5631777076409623     
   10364715635300702.       ,    3.5152936533360277     
   10611494578998336.       ,    3.4687625026901974     
   10858273522695972.       ,    3.4235295379318047     
   11105052466393608.       ,    3.3795436528337319     
   11351831410091242.       ,    3.3367569441155425     
   11598610353788878.       ,    3.2951243658730487     
   11845389297486514.       ,    3.2546034360038707     
   12092168241184150.       ,    3.2151539856707179     
   12338947184881786.       ,    3.1767379445023054     
   12585726128579420.       ,    3.1393191555632982     
   12832505072277058.       ,    3.1028632151980164     
   13079284015974692.       ,    3.0673373337209546     
   13326062959672326.       ,    3.0327102136321420     
   13572841903369964.       ,    2.9989519426096307     
   13819620847067598.       ,    2.9660338990006001     
   14066399790765236.       ,    2.9339286679171481     
   14313178734462872.       ,    2.9026099663589147     
   14559957678160508.       ,    2.8720525760451316     
   14806736621858142.       ,    2.8422322828538436     
   15053515565555778.       ,    2.8131258219442286     
   15300294509253414.       ,    2.7847108277857289     
   15547073452951048.       ,    2.7569657884406671     
   15793852396648686.       ,    2.7298700035493031     
   16040631340346322.       ,    2.7034035455518173     
   16287410284043956.       ,    2.6775472237529612     
   16534189227741592.       ,    2.6522825508949293     
   16780968171439230.       ,    2.6275917119540049     
   17027747115136864.       ,    2.6034575349185567     
   17274526058834502.       ,    2.5798634633411890     
   17521305002532136.       ,    2.5567935304875489     
   17768083946229772.       ,    2.5342323349292188     
   18014862889927408.       ,    2.5121650174491790     
   18261641833625044.       ,    2.4905772391460679     
   18508420777322676.       ,    2.4694551606384185     
   18755199721020316.       ,    2.4487854222827572     
   19001978664717952.       ,    2.4285551253301496     
   19248757608415584.       ,    2.4087518139548441     
   19495536552113224.       ,    2.3893634580964123     
   19742315495810856.       ,    2.3703784370633243     
   19989094439508492.       ,    2.3517855238514538     
   20235873383206124.       ,    2.3335738701358300     
   20482652326903768.       ,    2.3157329918979843     
   20729431270601404.       ,    2.2982527556547541     
   20976210214299032.       ,    2.2811233652574310     
   21222989157996672.       ,    2.2643353492327147     
   21469768101694304.       ,    2.2478795486392293     
   21716547045391944.       ,    2.2317471054152671     
   21963325989089580.       ,    2.2159294511952039     
   22210104932787216.       ,    2.2004182965734924     
   22456883876484848.       ,    2.1852056207964927     
   22703662820182484.       ,    2.1702836618636070     
   22950441763880124.       ,    2.1556449070201933     
   23197220707577756.       ,    2.1412820836257525     
   23443999651275396.       ,    2.1271881503816861     
   23690778594973028.       ,    2.1133562889037649     
   23937557538670660.       ,    2.0997798956251090     
   24184336482368300.       ,    2.0864525740161981     
   24431115426065936.       ,    2.0733681271090183     
   24677894369763572.       ,    2.0605205503130040     
   24924673313461208.       ,    2.0479040245110238     
   25171452257158840.       ,    2.0355129094240900     
   25418231200856472.       ,    2.0233417372340137     
   25665010144554116.       ,    2.0113852064536171     
   25911789088251748.       ,    1.9996381760345758     
   26158568031949384.       ,    1.9880956597033514     
   26405346975647024.       ,    1.9767528205160665     
   26652125919344652.       ,    1.9656049656235326     
   26898904863042292.       ,    1.9546475412380080     
   27145683806739928.       ,    1.9438761277935781     
   27392462750437564.       ,    1.9332864352924040     
   27639241694135196.       ,    1.9228742988293579     
   27886020637832840.       ,    1.9126356742878983     
   28132799581530472.       ,    1.9025666342002976     
   28379578525228104.       ,    1.8926633637656216     
   28626357468925744.       ,    1.8829221570191301     
   28873136412623376.       ,    1.8733394131470047     
   29119915356321016.       ,    1.8639116329405732     
   29366694300018652.       ,    1.8546354153844313     
   29613473243716284.       ,    1.8455074543730712     
   29860252187413920.       ,    1.8365245355508777     
   30107031131111556.       ,    1.8276835332705299     
   30353810074809196.       ,    1.8189814076650679     
   30600589018506828.       ,    1.8104152018290625     
   30847367962204468.       ,    1.8019820391045371     
   31094146905902096.       ,    1.7936791204674356     
   31340925849599732.       ,    1.7855037220106258     
   31587704793297372.       ,    1.7774531925195962     
   31834483736995008.       ,    1.7695249511371347     
   32081262680692644.       ,    1.7617164851134617     
   32328041624390276.       ,    1.7540253476384202     
   32574820568087912.       ,    1.7464491557524595     
   32821599511785544.       ,    1.7389855883333070     
   33068378455483184.       ,    1.7316323841553167     
   33315157399180820.       ,    1.7243873400186462     
   33561936342878460.       ,    1.7172483089454995     
   33808715286576096.       ,    1.7102131984408002     
   34055494230273728.       ,    1.7032799688147808     
   34302273173971364.       ,    1.6964466315650466     
   34549052117669004.       ,    1.6897112478158112     
   34795831061366640.       ,    1.6830719268120600     
   35042610005064272.       ,    1.6765268244665248     
   35289388948761908.       ,    1.6700741419574028     
   35536167892459544.       ,    1.6637121243748840     
   35782946836157176.       ,    1.6574390594145760     
   36029725779854816.       ,    1.6512532761160474     
   36276504723552456.       ,    1.6451531436447486     
   36523283667250088.       ,    1.6391370701156549     
   36770062610947720.       ,    1.6332035014570325     
   37016841554645352.       ,    1.6273509203128198     
   37263620498342992.       ,    1.6215778449821396     
   37510399442040632.       ,    1.6158828283945612     
   37757178385738264.       ,    1.6102644571197431     
   38003957329435904.       ,    1.6047213504101794     
   38250736273133536.       ,    1.5992521592758115     
   38497515216831168.       ,    1.5938555655893045     
   38744294160528800.       ,    1.5885302812208615     
   38991073104226448.       ,    1.5832750472014647     
   39237852047924080.       ,    1.5780886329135144     
   39484630991621712.       ,    1.5729698353078301     
   39731409935319344.       ,    1.5679174781460676     
   39978188879016984.       ,    1.5629304112676181     
   40224967822714624.       ,    1.5580075098800787     
   40471746766412248.       ,    1.5531476738724705     
   40718525710109896.       ,    1.5483498271503446     
   40965304653807536.       ,    1.5436129169920161     
   41212083597505160.       ,    1.5389359134251472     
   41458862541202808.       ,    1.5343178086229565     
   41705641484900432.       ,    1.5297576163193611     
   41952420428598064.       ,    1.5252543712423590     
   42199199372295704.       ,    1.5208071285650266     
   42445978315993344.       ,    1.5164149633734971     
   42692757259690976.       ,    1.5120769701513235     
   42939536203388608.       ,    1.5077922622796498     
   43186315147086256.       ,    1.5035599715526455     
   43433094090783888.       ,    1.4993792477076680     
   43679873034481520.       ,    1.4952492579696344     
   43926651978179160.       ,    1.4911691866091299     
   44173430921876792.       ,    1.4871382345137603     
   44420209865574432.       ,    1.4831556187723045     
   44666988809272064.       ,    1.4792205722712324     
   44913767752969696.       ,    1.4753323433031629     
   45160546696667336.       ,    1.4714901951868493     
   45407325640364968.       ,    1.4676934058983246     
   45654104584062600.       ,    1.4639412677128052     
   45900883527760248.       ,    1.4602330868570113     
   46147662471457880.       ,    1.4565681831715502     
   46394441415155512.       ,    1.4529458897830207     
   46641220358853152.       ,    1.4493655527855329     
   46887999302550792.       ,    1.4458265309313125     
   47134778246248424.       ,    1.4423281953301108     
   47381557189946056.       ,    1.4388699291571103     
   47628336133643696.       ,    1.4354511273690751     
   47875115077341320.       ,    1.4320711964284536     
   48121894021038960.       ,    1.4287295540351885     
   48368672964736600.       ,    1.4254256288659841     
   48615451908434232.       ,    1.4221588603207937     
   48862230852131872.       ,    1.4189286982762870     
   49109009795829504.       ,    1.4157346028460849     
   49355788739527144.       ,    1.4125760441475468     
   49602567683224784.       ,    1.4094525020748887     
   49849346626922416.       ,    1.4063634660784572     
   50096125570620048.       ,    1.4033084349499427     
   50342904514317680.       ,    1.4002869166133618     
   50589683458015320.       ,    1.3972984279216227     
   50836462401712944.       ,    1.3943424944585001     
   51083241345410592.       ,    1.3914186503458581     
   51330020289108232.       ,    1.3885264380559525     
   51576799232805856.       ,    1.3856654082286646     
   51823578176503496.       ,    1.3828351194935058     
   52070357120201144.       ,    1.3800351382962623     
   52317136063898768.       ,    1.3772650387301273     
   52563915007596408.       ,    1.3745244023711858     
   52810693951294048.       ,    1.3718128181181342     
   53057472894991680.       ,    1.3691298820360935     
   53304251838689304.       ,    1.3664751972044007     
   53551030782386944.       ,    1.3638483735682609     
   53797809726084584.       ,    1.3612490277941409     
   54044588669782216.       ,    1.3586767831288069     
   54291367613479856.       ,    1.3561312692618808     
   54538146557177496.       ,    1.3536121221918311     
   54784925500875128.       ,    1.3511189840952822     
   55031704444572768.       ,    1.3486515031995585     
   55278483388270392.       ,    1.3462093336583685     
   55525262331968040.       ,    1.3437921354305251     
   55772041275665680.       ,    1.3413995741616371     
   56018820219363296.       ,    1.3390313210686704     
   56265599163060944.       ,    1.3366870528273027     
   56512378106758576.       ,    1.3343664514619928     
   56759157050456208.       ,    1.3320692042386943     
   57005935994153848.       ,    1.3297950035601247     
   57252714937851488.       ,    1.3275435468635346     
   57499493881549120.       ,    1.3253145365208971     
   57746272825246752.       ,    1.3231076797414538     
   57993051768944392.       ,    1.3209226884765526     
   58239830712642032.       ,    1.3187592793267187     
   58486609656339664.       ,    1.3166171734508809     
   58733388600037304.       ,    1.3144960964777219     
   58980167543734928.       ,    1.3123957784190683     
   59226946487432568.       ,    1.3103159535852789     
   59473725431130208.       ,    1.3082563605025814     
   59720504374827840.       ,    1.3062167418322874     
   59967283318525480.       ,    1.3041968442918590     
   60214062262223112.       ,    1.3021964185777559     
   60460841205920744.       ,    1.3002152192900325     
   60707620149618392.       ,    1.2982530048586258     
   60954399093316024.       ,    1.2963095374713047     
   61201178037013656.       ,    1.2943845830032168     
   61447956980711296.       ,    1.2924779109480087     
   61694735924408936.       ,    1.2905892943504753     
   61941514868106552.       ,    1.2887185097406906     
   62188293811804192.       ,    1.2868653370695859     
   62435072755501840.       ,    1.2850295596459456     
   62681851699199464.       ,    1.2832109640747753     
   62928630642897104.       ,    1.2814093401970039     
   63175409586594744.       ,    1.2796244810305022     
   63422188530292376.       ,    1.2778561827123656     
   63668967473990016.       ,    1.2761042444424435     
   63915746417687648.       ,    1.2743684684280745     
   64162525361385288.       ,    1.2726486598300017     
   64409304305082928.       ,    1.2709446267094429     
   64656083248780552.       ,    1.2692561799762736     
   64902862192478192.       ,    1.2675831333383096     
   65149641136175824.       ,    1.2659253032516573     
   65396420079873464.       ,    1.2642825088721019     
   65643199023571088.       ,    1.2626545720075095     
   65889977967268736.       ,    1.2610413170712234     
   66136756910966368.       ,    1.2594425710364232     
   66383535854664000.       ,    1.2578581633914325     
   66630314798361640.       ,    1.2562879260959390     
   66877093742059288.       ,    1.2547316935381190     
   67123872685756920.       ,    1.2531893024926359     
   67370651629454552.       ,    1.2516605920794965     
   67617430573152192.       ,    1.2501454037237401     
   67864209516849808.       ,    1.2486435811159455     
   68110988460547456.       ,    1.2471549701735347     
   68357767404245088.       ,    1.2456794190028517     
   68604546347942728.       ,    1.2442167778620046     
   68851325291640360.       ,    1.2427668991244492     
   69098104235338008.       ,    1.2413296372432912     
   69344883179035632.       ,    1.2399048487163067     
   69591662122733280.       ,    1.2384923920516446     
   69838441066430912.       ,    1.2370921277342106     
   70085220010128544.       ,    1.2357039181927099     
   70331998953826184.       ,    1.2343276277673336     
   70578777897523816.       ,    1.2329631226780777     
   70825556841221448.       ,    1.2316102709936758     
   71072335784919088.       ,    1.2302689426011377     
   71319114728616720.       ,    1.2289390091758714     
   71565893672314352.       ,    1.2276203441523879     
   71812672616011984.       ,    1.2263128226955589     
   72059451559709632.       ,    1.2250163216724346     
   72306230503407264.       ,    1.2237307196245952     
   72553009447104912.       ,    1.2224558967410226     
   72799788390802544.       ,    1.2211917348314971     
   73046567334500176.       ,    1.2199381173004900     
   73293346278197808.       ,    1.2186949291215501     
   73540125221895440.       ,    1.2174620568121706     
   73786904165593072.       ,    1.2162393884091316     
   74033683109290704.       ,    1.2150268134442943     
   74280462052988352.       ,    1.2138242229208522     
   74527240996685984.       ,    1.2126315092900253     
   74774019940383616.       ,    1.2114485664281776     
   75020798884081264.       ,    1.2102752896143654     
   75267577827778880.       ,    1.2091115755082924     
   75514356771476528.       ,    1.2079573221286717     
   75761135715174160.       ,    1.2068124288319870     
   76007914658871808.       ,    1.2056767962916333     
   76254693602569440.       ,    1.2045503264774455     
   76501472546267072.       ,    1.2034329226355922     
   76748251489964704.       ,    1.2023244892688372     
   76995030433662336.       ,    1.2012249321171495     
   77241809377359968.       ,    1.2001341581386771     
   77488588321057600.       ,    1.1990520754910434     
   77735367264755264.       ,    1.1979785935129905     
   77982146208452896.       ,    1.1969136227063477     
   78228925152150528.       ,    1.1958570747183175     
   78475704095848160.       ,    1.1948088623240745     
   78722483039545792.       ,    1.1937688994096824     
   78969261983243424.       ,    1.1927371009552965     
   79216040926941056.       ,    1.1917133830186748     
   79462819870638688.       ,    1.1906976627189731     
   79709598814336336.       ,    1.1896898582208202     
   79956377758033968.       ,    1.1886898887186794     
   80203156701731600.       ,    1.1876976744214736     
   80449935645429248.       ,    1.1867131365374815     
   80696714589126880.       ,    1.1857361972594951     
   80943493532824496.       ,    1.1847667797502330     
   81190272476522144.       ,    1.1838048081280041     
   81437051420219792.       ,    1.1828502074526162     
   81683830363917424.       ,    1.1819029037115287     
   81930609307615072.       ,    1.1809628238062437     
   82177388251312688.       ,    1.1800298955389206     
   82424167195010320.       ,    1.1791040475992267     
   82670946138707952.       ,    1.1781852095514080     
   82917725082405616.       ,    1.1772733118215748     
   83164504026103248.       ,    1.1763682856852085     
   83411282969800864.       ,    1.1754700632548722     
   83658061913498512.       ,    1.1745785774681339     
   83904840857196128.       ,    1.1736937620756831     
   84151619800893776.       ,    1.1728155516296546     
   84398398744591408.       ,    1.1719438814721430     
   84645177688289056.       ,    1.1710786877239061     
   84891956631986688.       ,    1.1702199072732591     
   85138735575684336.       ,    1.1693674777651493     
   85385514519381952.       ,    1.1685213375904147     
   85632293463079600.       ,    1.1676814258752133     
   85879072406777216.       ,    1.1668476824706340     
   86125851350474864.       ,    1.1660200479424689     
   86372630294172512.       ,    1.1651984635611605     
   86619409237870144.       ,    1.1643828712919071     
   86866188181567776.       ,    1.1635732137849306     
   87112967125265392.       ,    1.1627694343659030     
   87359746068963040.       ,    1.1619714770265301     
   87606525012660672.       ,    1.1611792864152786     
   87853303956358320.       ,    1.1603928078282633     
   88100082900055952.       ,    1.1596119872002737     
   88346861843753584.       ,    1.1588367710959462     
   88593640787451216.       ,    1.1580671067010770     
   88840419731148864.       ,    1.1573029418140777     
   89087198674846496.       ,    1.1565442248375573     
   89333977618544128.       ,    1.1557909047700505     
   89580756562241760.       ,    1.1550429311978656     
   89827535505939392.       ,    1.1543002542870686     
   90074314449637040.       ,    1.1535628247755902     
   90321093393334672.       ,    1.1528305939654604     
   90567872337032320.       ,    1.1521035137151574     
   90814651280729936.       ,    1.1513815364320896     
   91061430224427584.       ,    1.1506646150651780     
   91308209168125200.       ,    1.1499527030975725     
   91554988111822848.       ,    1.1492457545394659     
   91801767055520496.       ,    1.1485437239210288     
   92048545999218112.       ,    1.1478465662854502     
   92295324942915760.       ,    1.1471542371820893     
   92542103886613392.       ,    1.1464666926597271     
   92788882830311024.       ,    1.1457838892599259     
   93035661774008640.       ,    1.1451057840104915     
   93282440717706304.       ,    1.1444323344190330     
   93529219661403936.       ,    1.1437634984666216     
   93775998605101584.       ,    1.1430992346015496     
   94022777548799216.       ,    1.1424395017331763     
   94269556492496848.       ,    1.1417842592258785     
   94516335436194464.       ,    1.1411334668930833     
   94763114379892112.       ,    1.1404870849913955     
   95009893323589744.       ,    1.1398450742148127     
   95256672267287392.       ,    1.1392073956890294     
   95503451210985040.       ,    1.1385740109658247     
   95750230154682640.       ,    1.1379448820175315     
   95997009098380288.       ,    1.1373199712315942     
   96243788042077920.       ,    1.1366992414052079     
   96490566985775568.       ,    1.1360826557400292     
   96737345929473200.       ,    1.1354701778369740     
   96984124873170864.       ,    1.1348617716910914     
   97230903816868464.       ,    1.1342574016865099     
   97477682760566112.       ,    1.1336570325914581     
   97724461704263744.       ,    1.1330606295533676     
   97971240647961376.       ,    1.1324681580940363     
   98218019591659008.       ,    1.1318795841048694     
   98464798535356640.       ,    1.1312948738421889     
   98711577479054288.       ,    1.1307139939226127     
   98958356422751920.       ,    1.1301369113185002     
   99205135366449568.       ,    1.1295635933534613     
   99451914310147184.       ,    1.1289940076979401     
   99698693253844832.       ,    1.1284281223648476     
   99945472197542464.       ,    1.1278659057052749     
   1.0019225114124010E+017  ,    1.1273073264042566     
   1.0043903008493774E+017  ,    1.1267523534765962     
   1.0068580902863536E+017  ,    1.1262009562627600     
   1.0093258797233301E+017  ,    1.1256531044248179     
   1.0117936691603064E+017  ,    1.1251087679424541     
   1.0142614585972829E+017  ,    1.1245679171090270     
   1.0167292480342589E+017  ,    1.1240305225276888     
   1.0191970374712354E+017  ,    1.1234965551075573     
   1.0216648269082118E+017  ,    1.1229659860599497     
   1.0241326163451883E+017  ,    1.1224387868946606     
   1.0266004057821646E+017  ,    1.1219149294162978     
   1.0290681952191411E+017  ,    1.1213943857206710     
   1.0315359846561171E+017  ,    1.1208771281912284     
   1.0340037740930934E+017  ,    1.1203631294955441     
   1.0364715635300699E+017  ,    1.1198523625818571     
   1.0389393529670464E+017  ,    1.1193448006756583     
   1.0414071424040229E+017  ,    1.1188404172763213     
   1.0438749318409990E+017  ,    1.1183391861537881     
   1.0463427212779754E+017  ,    1.1178410813452930     
   1.0488105107149517E+017  ,    1.1173460771521373     
   1.0512783001519282E+017  ,    1.1168541481365082     
   1.0537460895889045E+017  ,    1.1163652691183397     
   1.0562138790258810E+017  ,    1.1158794151722187     
   1.0586816684628573E+017  ,    1.1153965616243346     
   1.0611494578998336E+017  ,    1.1149166840494702     
   1.0636172473368099E+017  ,    1.1144397582680317     
   1.0660850367737861E+017  ,    1.1139657603431243     
   1.0685528262107626E+017  ,    1.1134946665776644     
   1.0710206156477389E+017  ,    1.1130264535115337     
   1.0734884050847155E+017  ,    1.1125610979187688     
   1.0759561945216917E+017  ,    1.1120985768047935     
   1.0784239839586682E+017  ,    1.1116388674036852     
   1.0808917733956443E+017  ,    1.1111819471754829     
   1.0833595628326208E+017  ,    1.1107277938035249     
   1.0858273522695971E+017  ,    1.1102763851918307     
   1.0882951417065736E+017  ,    1.1098276994625107     
   1.0907629311435499E+017  ,    1.1093817149532177     
   1.0932307205805261E+017  ,    1.1089384102146276     
   1.0956985100175026E+017  ,    1.1084977640079563     
   1.0981662994544789E+017  ,    1.1080597553025100     
   1.1006340888914554E+017  ,    1.1076243632732683     
   1.1031018783284317E+017  ,    1.1071915672984995     
   1.1055696677654078E+017  ,    1.1067613469574060     
   1.1080374572023843E+017  ,    1.1063336820278054     
   1.1105052466393608E+017  ,    1.1059085524838377     
   1.1129730360763371E+017  ,    1.1054859384937061     
   1.1154408255133136E+017  ,    1.1050658204174477     
   1.1179086149502898E+017  ,    1.1046481788047311     
   1.1203764043872659E+017  ,    1.1042329943926854     
   1.1228441938242424E+017  ,    1.1038202481037596     
   1.1253119832612189E+017  ,    1.1034099210436030     
   1.1277797726981954E+017  ,    1.1030019944989862     
   1.1302475621351715E+017  ,    1.1025964499357324     
   1.1327153515721480E+017  ,    1.1021932689966929     
   1.1351831410091242E+017  ,    1.1017924334997371     
   1.1376509304461006E+017  ,    1.1013939254357745     
   1.1401187198830770E+017  ,    1.1009977269668003     
   1.1425865093200534E+017  ,    1.1006038204239670     
   1.1450542987570298E+017  ,    1.1002121883056819     
   1.1475220881940062E+017  ,    1.0998228132757284     
   1.1499898776309824E+017  ,    1.0994356781614112     
   1.1524576670679586E+017  ,    1.0990507659517257     
   1.1549254565049350E+017  ,    1.0986680597955527     
   1.1573932459419114E+017  ,    1.0982875429998740     
   1.1598610353788878E+017  ,    1.0979091990280134     
   1.1623288248158643E+017  ,    1.0975330114978969     
   1.1647966142528406E+017  ,    1.0971589641803374     
   1.1672644036898168E+017  ,    1.0967870409973428     
   1.1697321931267933E+017  ,    1.0964172260204441     
   1.1721999825637696E+017  ,    1.0960495034690418     
   1.1746677720007461E+017  ,    1.0956838577087789     
   1.1771355614377224E+017  ,    1.0953202732499328     
   1.1796033508746986E+017  ,    1.0949587347458232     
   1.1820711403116750E+017  ,    1.0945992269912475     
   1.1845389297486514E+017  ,    1.0942417349209299     
   1.1870067191856278E+017  ,    1.0938862436079955     
   1.1894745086226042E+017  ,    1.0935327382624558     
   1.1919422980595805E+017  ,    1.0931812042297204     
   1.1944100874965568E+017  ,    1.0928316269891283     
   1.1968778769335333E+017  ,    1.0924839921524891     
   1.1993456663705096E+017  ,    1.0921382854626502     
   1.2018134558074861E+017  ,    1.0917944927920795     
   1.2042812452444622E+017  ,    1.0914526001414657     
   1.2067490346814386E+017  ,    1.0911125936383355     
   1.2092168241184149E+017  ,    1.0907744595356890     
   1.2116846135553914E+017  ,    1.0904381842106505     
   1.2141524029923678E+017  ,    1.0901037541631404     
   1.2166201924293440E+017  ,    1.0897711560145560     
   1.2190879818663205E+017  ,    1.0894403765064749     
   1.2215557713032968E+017  ,    1.0891114024993735     
   1.2240235607402731E+017  ,    1.0887842209713576     
   1.2264913501772493E+017  ,    1.0884588190169142     
   1.2289591396142259E+017  ,    1.0881351838456721     
   1.2314269290512022E+017  ,    1.0878133027811832     
   1.2338947184881787E+017  ,    1.0874931632597182     
   1.2363625079251550E+017  ,    1.0871747528290721     
   1.2388302973621310E+017  ,    1.0868580591473884     
   1.2412980867991075E+017  ,    1.0865430699820011     
   1.2437658762360838E+017  ,    1.0862297732082806     
   1.2462336656730603E+017  ,    1.0859181568085019     
   1.2487014551100368E+017  ,    1.0856082088707266     
   1.2511692445470133E+017  ,    1.0852999175876923     
   1.2536370339839893E+017  ,    1.0849932712557211     
   1.2561048234209658E+017  ,    1.0846882582736392     
   1.2585726128579421E+017  ,    1.0843848671417089     
   1.2610404022949186E+017  ,    1.0840830864605751     
   1.2635081917318949E+017  ,    1.0837829049302223     
   1.2659759811688712E+017  ,    1.0834843113489456     
   1.2684437706058475E+017  ,    1.0831872946123360     
   1.2709115600428238E+017  ,    1.0828918437122710     
   1.2733793494798003E+017  ,    1.0825979477359255     
   1.2758471389167766E+017  ,    1.0823055958647905     
   1.2783149283537530E+017  ,    1.0820147773737003     
   1.2807827177907293E+017  ,    1.0817254816298787     
   1.2832505072277058E+017  ,    1.0814376980919904     
   1.2857182966646821E+017  ,    1.0811514163092055     
   1.2881860861016586E+017  ,    1.0808666259202768     
   1.2906538755386347E+017  ,    1.0805833166526255     
   1.2931216649756110E+017  ,    1.0803014783214366     
   1.2955894544125875E+017  ,    1.0800211008287701     
   1.2980572438495638E+017  ,    1.0797421741626785     
   1.3005250332865403E+017  ,    1.0794646883963341     
   1.3029928227235165E+017  ,    1.0791886336871697     
   1.3054606121604930E+017  ,    1.0789140002760269     
   1.3079284015974693E+017  ,    1.0786407784863157     
   1.3103961910344458E+017  ,    1.0783689587231824     
   1.3128639804714218E+017  ,    1.0780985314726881     
   1.3153317699083982E+017  ,    1.0778294873009961     
   1.3177995593453747E+017  ,    1.0775618168535739     
   1.3202673487823514E+017  ,    1.0772955108543929     
   1.3227351382193274E+017  ,    1.0770305601051475     
   1.3252029276563037E+017  ,    1.0767669554844819     
   1.3276707170932800E+017  ,    1.0765046879472220     
   1.3301385065302563E+017  ,    1.0762437485236163     
   1.3326062959672328E+017  ,    1.0759841283185918     
   1.3350740854042091E+017  ,    1.0757258185110090     
   1.3375418748411858E+017  ,    1.0754688103529355     
   1.3400096642781621E+017  ,    1.0752130951689158     
   1.3424774537151384E+017  ,    1.0749586643552658     
   1.3449452431521144E+017  ,    1.0747055093793560     
   1.3474130325890910E+017  ,    1.0744536217789205     
   1.3498808220260674E+017  ,    1.0742029931613610     
   1.3523486114630438E+017  ,    1.0739536152030684     
   1.3548164009000202E+017  ,    1.0737054796487446     
   1.3572841903369962E+017  ,    1.0734585783107324     
   1.3597519797739728E+017  ,    1.0732129030683641     
   1.3622197692109491E+017  ,    1.0729684458672999     
   1.3646875586479254E+017  ,    1.0727251987188846     
   1.3671553480849018E+017  ,    1.0724831536995165     
   1.3696231375218784E+017  ,    1.0722423029500063     
   1.3720909269588546E+017  ,    1.0720026386749608     
   1.3745587163958309E+017  ,    1.0717641531421631     
   1.3770265058328072E+017  ,    1.0715268386819625     
   1.3794942952697835E+017  ,    1.0712906876866748     
   1.3819620847067602E+017  ,    1.0710556926099801     
   1.3844298741437362E+017  ,    1.0708218459663394     
   1.3868976635807126E+017  ,    1.0705891403304060     
   1.3893654530176890E+017  ,    1.0703575683364535     
   1.3918332424546656E+017  ,    1.0701271226778011     
   1.3943010318916416E+017  ,    1.0698977961062544     
   1.3967688213286182E+017  ,    1.0696695814315429     
   1.3992366107655946E+017  ,    1.0694424715207722     
   1.4017044002025709E+017  ,    1.0692164592978768     
   1.4041721896395474E+017  ,    1.0689915377430799     
   1.4066399790765237E+017  ,    1.0687676998923610     
   1.4091077685135000E+017  ,    1.0685449388369290     
   1.4115755579504763E+017  ,    1.0683232477226967     
   1.4140433473874526E+017  ,    1.0681026197497696     
   1.4165111368244290E+017  ,    1.0678830481719310     
   1.4189789262614053E+017  ,    1.0676645262961386     
   1.4214467156983818E+017  ,    1.0674470474820275     
   1.4239145051353581E+017  ,    1.0672306051414093     
   1.4263822945723344E+017  ,    1.0670151927377911     
   1.4288500840093110E+017  ,    1.0668008037858860     
   1.4313178734462870E+017  ,    1.0665874318511412     
   1.4337856628832634E+017  ,    1.0663750705492570     
   1.4362534523202397E+017  ,    1.0661637135457263     
   1.4387212417572162E+017  ,    1.0659533545553668     
   1.4411890311941926E+017  ,    1.0657439873418662     
   1.4436568206311686E+017  ,    1.0655356057173246     
   1.4461246100681453E+017  ,    1.0653282035418143     
   1.4485923995051216E+017  ,    1.0651217747229276     
   1.4510601889420982E+017  ,    1.0649163132153447     
   1.4535279783790746E+017  ,    1.0647118130203972     
   1.4559957678160509E+017  ,    1.0645082681856393     
   1.4584635572530272E+017  ,    1.0643056728044207     
   1.4609313466900035E+017  ,    1.0641040210154711     
   1.4633991361269798E+017  ,    1.0639033070024824     
   1.4658669255639562E+017  ,    1.0637035249936930     
   1.4683347150009325E+017  ,    1.0635046692614909     
   1.4708025044379088E+017  ,    1.0633067341219997     
   1.4732702938748851E+017  ,    1.0631097139346881     
   1.4757380833118614E+017  ,    1.0629136031019728     
   1.4782058727488378E+017  ,    1.0627183960688289     
   1.4806736621858141E+017  ,    1.0625240873224036     
   1.4831414516227907E+017  ,    1.0623306713916343     
   1.4856092410597670E+017  ,    1.0621381428468717     
   1.4880770304967437E+017  ,    1.0619464962995051     
   1.4905448199337197E+017  ,    1.0617557264015915     
   1.4930126093706963E+017  ,    1.0615658278454920     
   1.4954803988076723E+017  ,    1.0613767953635076     
   1.4979481882446486E+017  ,    1.0611886237275197     
   1.5004159776816253E+017  ,    1.0610013077486378     
   1.5028837671186016E+017  ,    1.0608148422768471     
   1.5053515565555776E+017  ,    1.0606292222006610     
   1.5078193459925539E+017  ,    1.0604444424467760     
   1.5102871354295306E+017  ,    1.0602604979797345     
   1.5127549248665069E+017  ,    1.0600773838015853     
   1.5152227143034832E+017  ,    1.0598950949515511     
   1.5176905037404598E+017  ,    1.0597136265056977     
   1.5201582931774362E+017  ,    1.0595329735766095     
   1.5226260826144125E+017  ,    1.0593531313130646     
   1.5250938720513888E+017  ,    1.0591740948997155     
   1.5275616614883651E+017  ,    1.0589958595567728     
   1.5300294509253414E+017  ,    1.0588184205396913     
   1.5324972403623178E+017  ,    1.0586417731388598     
   1.5349650297992941E+017  ,    1.0584659126792948     
   1.5374328192362704E+017  ,    1.0582908345203375     
   1.5399006086732467E+017  ,    1.0581165340553482     
   1.5423683981102234E+017  ,    1.0579430067114164     
   1.5448361875471994E+017  ,    1.0577702479490600     
   1.5473039769841757E+017  ,    1.0575982532619355     
   1.5497717664211520E+017  ,    1.0574270181765486     
   1.5522395558581286E+017  ,    1.0572565382519716     
   1.5547073452951053E+017  ,    1.0570868090795551     
   1.5571751347320813E+017  ,    1.0569178262826517     
   1.5596429241690579E+017  ,    1.0567495855163387     
   1.5621107136060342E+017  ,    1.0565820824671410     
   1.5645785030430106E+017  ,    1.0564153128527616     
   1.5670462924799866E+017  ,    1.0562492724218129     
   1.5695140819169632E+017  ,    1.0560839569535481     
   1.5719818713539392E+017  ,    1.0559193622575991     
   1.5744496607909158E+017  ,    1.0557554841737158     
   1.5769174502278922E+017  ,    1.0555923185715064     
   1.5793852396648685E+017  ,    1.0554298613501836     
   1.5818530291018448E+017  ,    1.0552681084383082     
   1.5843208185388211E+017  ,    1.0551070557935398     
   1.5867886079757978E+017  ,    1.0549466994023915     
   1.5892563974127738E+017  ,    1.0547870352799766     
   1.5917241868497507E+017  ,    1.0546280594697750     
   1.5941919762867267E+017  ,    1.0544697680433825     
   1.5966597657237030E+017  ,    1.0543121571002796     
   1.5991275551606794E+017  ,    1.0541552227675908     
   1.6015953445976557E+017  ,    1.0539989611998515     
   1.6040631340346320E+017  ,    1.0538433685787783     
   1.6065309234716086E+017  ,    1.0536884411130369     
   1.6089987129085850E+017  ,    1.0535341750380165     
   1.6114665023455613E+017  ,    1.0533805666156049     
   1.6139342917825376E+017  ,    1.0532276121339641     
   1.6164020812195136E+017  ,    1.0530753079073132     
   1.6188698706564899E+017  ,    1.0529236502757056     
   1.6213376600934666E+017  ,    1.0527726356048142     
   1.6238054495304429E+017  ,    1.0526222602857218     
   1.6262732389674195E+017  ,    1.0524725207347008     
   1.6287410284043958E+017  ,    1.0523234133930084     
   1.6312088178413722E+017  ,    1.0521749347266793     
   1.6336766072783485E+017  ,    1.0520270812263159     
   1.6361443967153248E+017  ,    1.0518798494068868     
   1.6386121861523014E+017  ,    1.0517332358075249     
   1.6410799755892771E+017  ,    1.0515872369913242     
   1.6435477650262538E+017  ,    1.0514418495451474     
   1.6460155544632301E+017  ,    1.0512970700794242     
   1.6484833439002064E+017  ,    1.0511528952279572     
   1.6509511333371827E+017  ,    1.0510093216477332     
   1.6534189227741590E+017  ,    1.0508663460187313     
   1.6558867122111357E+017  ,    1.0507239650437292     
   1.6583545016481123E+017  ,    1.0505821754481226     
   1.6608222910850883E+017  ,    1.0504409739797362     
   1.6632900805220650E+017  ,    1.0503003574086418     
   1.6657578699590410E+017  ,    1.0501603225269744     
   1.6682256593960173E+017  ,    1.0500208661487549     
   1.6706934488329936E+017  ,    1.0498819851097092     
   1.6731612382699702E+017  ,    1.0497436762670931     
   1.6756290277069466E+017  ,    1.0496059364995169     
   1.6780968171439226E+017  ,    1.0494687627067718     
   1.6805646065808992E+017  ,    1.0493321518096574     
   1.6830323960178755E+017  ,    1.0491961007498150     
   1.6855001854548522E+017  ,    1.0490606064895533     
   1.6879679748918282E+017  ,    1.0489256660116872     
   1.6904357643288045E+017  ,    1.0487912763193685     
   1.6929035537657811E+017  ,    1.0486574344359245     
   1.6953713432027571E+017  ,    1.0485241374046934     
   1.6978391326397338E+017  ,    1.0483913822888666     
   1.7003069220767101E+017  ,    1.0482591661713265     
   1.7027747115136867E+017  ,    1.0481274861544905     
   1.7052425009506627E+017  ,    1.0479963393601528     
   1.7077102903876390E+017  ,    1.0478657229293331     
   1.7101780798246157E+017  ,    1.0477356340221184     
   1.7126458692615920E+017  ,    1.0476060698175156     
   1.7151136586985680E+017  ,    1.0474770275132970     
   1.7175814481355443E+017  ,    1.0473485043258546     
   1.7200492375725206E+017  ,    1.0472204974900488     
   1.7225170270094973E+017  ,    1.0470930042590638     
   1.7249848164464736E+017  ,    1.0469660219042640     
   1.7274526058834502E+017  ,    1.0468395477150476     
   1.7299203953204266E+017  ,    1.0467135789987037     
   1.7323881847574029E+017  ,    1.0465881130802750     
   1.7348559741943792E+017  ,    1.0464631473024144     
   1.7373237636313555E+017  ,    1.0463386790252460     
   1.7397915530683322E+017  ,    1.0462147056262310     
   1.7422593425053078E+017  ,    1.0460912245000302     
   1.7447271319422845E+017  ,    1.0459682330583675     
   1.7471949213792608E+017  ,    1.0458457287298981     
   1.7496627108162371E+017  ,    1.0457237089600766     
   1.7521305002532134E+017  ,    1.0456021712110233     
   1.7545982896901898E+017  ,    1.0454811129613977     
   1.7570660791271664E+017  ,    1.0453605317062660     
   1.7595338685641424E+017  ,    1.0452404249569764     
   1.7620016580011190E+017  ,    1.0451207902410315     
   1.7644694474380954E+017  ,    1.0450016251019625     
   1.7669372368750717E+017  ,    1.0448829270992050     
   1.7694050263120480E+017  ,    1.0447646938079778     
   1.7718728157490243E+017  ,    1.0446469228191573     
   1.7743406051860010E+017  ,    1.0445296117391611     
   1.7768083946229773E+017  ,    1.0444127581898237     
   1.7792761840599533E+017  ,    1.0442963598082815     
   1.7817439734969299E+017  ,    1.0441804142468518     
   1.7842117629339062E+017  ,    1.0440649191729201     
   1.7866795523708826E+017  ,    1.0439498722688203     
   1.7891473418078586E+017  ,    1.0438352712317223     
   1.7916151312448352E+017  ,    1.0437211137735194     
   1.7940829206818115E+017  ,    1.0436073976207139     
   1.7965507101187878E+017  ,    1.0434941205143069     
   1.7990184995557645E+017  ,    1.0433812802096860     
   1.8014862889927408E+017  ,    1.0432688744765182     
   1.8039540784297174E+017  ,    1.0431569010986401     
   1.8064218678666934E+017  ,    1.0430453578739489     
   1.8088896573036698E+017  ,    1.0429342426142978     
   1.8113574467406464E+017  ,    1.0428235531453907     
   1.8138252361776221E+017  ,    1.0427132873066745     
   1.8162930256145987E+017  ,    1.0426034429512372     
   1.8187608150515750E+017  ,    1.0424940179457050     
   1.8212286044885517E+017  ,    1.0423850101701400     
   1.8236963939255277E+017  ,    1.0422764175179391     
   1.8261641833625040E+017  ,    1.0421682378957329     
   1.8286319727994806E+017  ,    1.0420604692232867     
   1.8310997622364570E+017  ,    1.0419531094334040     
   1.8335675516734336E+017  ,    1.0418461564718242     
   1.8360353411104099E+017  ,    1.0417396082971313     
   1.8385031305473859E+017  ,    1.0416334628806523     
   1.8409709199843622E+017  ,    1.0415277182063674     
   1.8434387094213386E+017  ,    1.0414223722708129     
   1.8459064988583152E+017  ,    1.0413174230829858     
   1.8483742882952915E+017  ,    1.0412128686642559     
   1.8508420777322678E+017  ,    1.0411087070482692     
   1.8533098671692442E+017  ,    1.0410049362808607     
   1.8557776566062205E+017  ,    1.0409015544199602     
   1.8582454460431971E+017  ,    1.0407985595355069     
   1.8607132354801728E+017  ,    1.0406959497093564     
   1.8631810249171498E+017  ,    1.0405937230351965     
   1.8656488143541261E+017  ,    1.0404918776184577     
   1.8681166037911021E+017  ,    1.0403904115762259     
   1.8705843932280787E+017  ,    1.0402893230371602     
   1.8730521826650550E+017  ,    1.0401886101414044     
   1.8755199721020317E+017  ,    1.0400882710405035     
   1.8779877615390077E+017  ,    1.0399883038973221     
   1.8804555509759843E+017  ,    1.0398887068859579     
   1.8829233404129606E+017  ,    1.0397894781916639     
   1.8853911298499370E+017  ,    1.0396906160107622     
   1.8878589192869130E+017  ,    1.0395921185505677     
   1.8903267087238893E+017  ,    1.0394939840293052     
   1.8927944981608659E+017  ,    1.0393962106760295     
   1.8952622875978422E+017  ,    1.0392987967305498     
   1.8977300770348182E+017  ,    1.0392017404433496     
   1.9001978664717949E+017  ,    1.0391050400755075     
   1.9026656559087715E+017  ,    1.0390086938986245     
   1.9051334453457478E+017  ,    1.0389127001947447     
   1.9076012347827242E+017  ,    1.0388170572562809     
   1.9100690242197008E+017  ,    1.0387217633859398     
   1.9125368136566771E+017  ,    1.0386268168966477     
   1.9150046030936528E+017  ,    1.0385322161114769     
   1.9174723925306294E+017  ,    1.0384379593635726     
   1.9199401819676058E+017  ,    1.0383440449960812     
   1.9224079714045824E+017  ,    1.0382504713620768     
   1.9248757608415584E+017  ,    1.0381572368244933     
   1.9273435502785347E+017  ,    1.0380643397560485     
   1.9298113397155114E+017  ,    1.0379717785391813     
   1.9322791291524874E+017  ,    1.0378795515659756     
   1.9347469185894640E+017  ,    1.0377876572380949     
   1.9372147080264403E+017  ,    1.0376960939667139     
   1.9396824974634173E+017  ,    1.0376048601724503     
   1.9421502869003930E+017  ,    1.0375139542852971     
   1.9446180763373693E+017  ,    1.0374233747445569     
   1.9470858657743459E+017  ,    1.0373331199987759     
   1.9495536552113222E+017  ,    1.0372431885056779     
   1.9520214446482986E+017  ,    1.0371535787320998     
   1.9544892340852749E+017  ,    1.0370642891539259     
   1.9569570235222512E+017  ,    1.0369753182560268     
   1.9594248129592275E+017  ,    1.0368866645321939     
   1.9618926023962035E+017  ,    1.0367983264850753     
   1.9643603918331802E+017  ,    1.0367103026261186     
   1.9668281812701565E+017  ,    1.0366225914755023     
   1.9692959707071328E+017  ,    1.0365351915620802     
   1.9717637601441094E+017  ,    1.0364481014233164     
   1.9742315495810858E+017  ,    1.0363613196052288     
   1.9766993390180624E+017  ,    1.0362748446623264     
   1.9791671284550384E+017  ,    1.0361886751575518     
   1.9816349178920150E+017  ,    1.0361028096622200     
   1.9841027073289914E+017  ,    1.0360172467559634     
   1.9865704967659670E+017  ,    1.0359319850266704     
   1.9890382862029437E+017  ,    1.0358470230704304     
   1.9915060756399200E+017  ,    1.0357623594914767     
   1.9939738650768966E+017  ,    1.0356779929021283     
   1.9964416545138726E+017  ,    1.0355939219227355     
   1.9989094439508493E+017  ,    1.0355101451816247     
   2.0013772333878256E+017  ,    1.0354266613150389     
   2.0038450228248019E+017  ,    1.0353434689670915     
   2.0063128122617786E+017  ,    1.0352605667897030     
   2.0087806016987549E+017  ,    1.0351779534425525     
   2.0112483911357315E+017  ,    1.0350956275930228     
   2.0137161805727072E+017  ,    1.0350135879161477     
   2.0161839700096835E+017  ,    1.0349318330945598     
   2.0186517594466602E+017  ,    1.0348503618184366     
   2.0211195488836365E+017  ,    1.0347691727854509     
   2.0235873383206128E+017  ,    1.0346882647007192     
   2.0260551277575891E+017  ,    1.0346076362767491     
   2.0285229171945658E+017  ,    1.0345272862333914     
   2.0309907066315421E+017  ,    1.0344472132977875     
   2.0334584960685178E+017  ,    1.0343674162043210     
   2.0359262855054947E+017  ,    1.0342878936945696     
   2.0383940749424707E+017  ,    1.0342086445172534     
   2.0408618643794474E+017  ,    1.0341296674281881     
   2.0433296538164237E+017  ,    1.0340509611902371     
   2.0457974432534000E+017  ,    1.0339725245732634     
   2.0482652326903766E+017  ,    1.0338943563540819     
   2.0507330221273526E+017  ,    1.0338164553164120     
   2.0532008115643293E+017  ,    1.0337388202508326     
   2.0556686010013056E+017  ,    1.0336614499547343     
   2.0581363904382822E+017  ,    1.0335843432322742     
   2.0606041798752579E+017  ,    1.0335074988943300     
   2.0630719693122342E+017  ,    1.0334309157584556     
   2.0655397587492109E+017  ,    1.0333545926488343     
   2.0680075481861869E+017  ,    1.0332785283962376     
   2.0704753376231635E+017  ,    1.0332027218379776     
   2.0729431270601398E+017  ,    1.0331271718178658     
   2.0754109164971165E+017  ,    1.0330518771861681     
   2.0778787059340928E+017  ,    1.0329768367995620     
   2.0803464953710691E+017  ,    1.0329020495210948     
   2.0828142848080458E+017  ,    1.0328275142201397     
   2.0852820742450221E+017  ,    1.0327532297723545     
   2.0877498636819981E+017  ,    1.0326791950596408     
   2.0902176531189744E+017  ,    1.0326054089700998     
   2.0926854425559507E+017  ,    1.0325318703979929     
   2.0951532319929274E+017  ,    1.0324585782437024     
   2.0976210214299034E+017  ,    1.0323855314136887     
   2.1000888108668800E+017  ,    1.0323127288204492     
   2.1025566003038563E+017  ,    1.0322401693824825     
   2.1050243897408323E+017  ,    1.0321678520242437     
   2.1074921791778090E+017  ,    1.0320957756761102     
   2.1099599686147853E+017  ,    1.0320239392743378     
   2.1124277580517619E+017  ,    1.0319523417610266     
   2.1148955474887379E+017  ,    1.0318809820840797     
   2.1173633369257146E+017  ,    1.0318098591971652     
   2.1198311263626909E+017  ,    1.0317389720596803     
   2.1222989157996672E+017  ,    1.0316683196367111     
   2.1247667052366435E+017  ,    1.0315979008989982     
   2.1272344946736198E+017  ,    1.0315277148228978     
   2.1297022841105965E+017  ,    1.0314577603903461     
   2.1321700735475722E+017  ,    1.0313880365888222     
   2.1346378629845485E+017  ,    1.0313185424113116     
   2.1371056524215251E+017  ,    1.0312492768562713     
   2.1395734418585014E+017  ,    1.0311802389275946     
   2.1420412312954778E+017  ,    1.0311114276345756     
   2.1445090207324544E+017  ,    1.0310428419918729     
   2.1469768101694310E+017  ,    1.0309744810194759     
   2.1494445996064074E+017  ,    1.0309063437426691     
   2.1519123890433834E+017  ,    1.0308384291920001     
   2.1543801784803600E+017  ,    1.0307707364032448     
   2.1568479679173363E+017  ,    1.0307032644173724     
   2.1593157573543123E+017  ,    1.0306360122805118     
   2.1617835467912886E+017  ,    1.0305689790439219     
   2.1642513362282650E+017  ,    1.0305021637639540     
   2.1667191256652416E+017  ,    1.0304355655020219     
   2.1691869151022176E+017  ,    1.0303691833245687     
   2.1716547045391942E+017  ,    1.0303030163030353     
   2.1741224939761706E+017  ,    1.0302370635138252     
   2.1765902834131472E+017  ,    1.0301713240382777     
   2.1790580728501232E+017  ,    1.0301057969626330     
   2.1815258622870998E+017  ,    1.0300404813780020     
   2.1839936517240765E+017  ,    1.0299753763803343     
   2.1864614411610522E+017  ,    1.0299104810703887     
   2.1889292305980288E+017  ,    1.0298457945537025     
   2.1913970200350051E+017  ,    1.0297813159405591     
   2.1938648094719814E+017  ,    1.0297170443459602     
   2.1963325989089578E+017  ,    1.0296529788895967     
   2.1988003883459341E+017  ,    1.0295891186958146     
   2.2012681777829107E+017  ,    1.0295254628935897     
   2.2037359672198870E+017  ,    1.0294620106164962     
   2.2062037566568634E+017  ,    1.0293987610026798     
   2.2086715460938394E+017  ,    1.0293357131948262     
   2.2111393355308157E+017  ,    1.0292728663401338     
   2.2136071249677923E+017  ,    1.0292102195902861     
   2.2160749144047686E+017  ,    1.0291477721014206     
   2.2185427038417453E+017  ,    1.0290855230341049     
   2.2210104932787216E+017  ,    1.0290234715533055     
   2.2234782827156976E+017  ,    1.0289616168283631     
   2.2259460721526742E+017  ,    1.0288999580329605     
   2.2284138615896506E+017  ,    1.0288384943451021     
   2.2308816510266272E+017  ,    1.0287772249470803     
   2.2333494404636029E+017  ,    1.0287161490254548     
   2.2358172299005795E+017  ,    1.0286552657710195     
   2.2382850193375558E+017  ,    1.0285945743787817     
   2.2407528087745318E+017  ,    1.0285340740479332     
   2.2432205982115085E+017  ,    1.0284737639818256     
   2.2456883876484848E+017  ,    1.0284136433879414     
   2.2481561770854614E+017  ,    1.0283537114778729     
   2.2506239665224378E+017  ,    1.0282939674672926     
   2.2530917559594141E+017  ,    1.0282344105759309     
   2.2555595453963907E+017  ,    1.0281750400275502     
   2.2580273348333667E+017  ,    1.0281158550499183     
   2.2604951242703430E+017  ,    1.0280568548747862     
   2.2629629137073194E+017  ,    1.0279980387378600     
   2.2654307031442960E+017  ,    1.0279394058787821     
   2.2678984925812723E+017  ,    1.0278809555411015     
   2.2703662820182483E+017  ,    1.0278226869722527     
   2.2728340714552250E+017  ,    1.0277645994235305     
   2.2753018608922013E+017  ,    1.0277066921500682     
   2.2777696503291776E+017  ,    1.0276489644108111     
   2.2802374397661539E+017  ,    1.0275914154684962     
   2.2827052292031302E+017  ,    1.0275340445896266     
   2.2851730186401069E+017  ,    1.0274768510444499     
   2.2876408080770829E+017  ,    1.0274198341069358     
   2.2901085975140595E+017  ,    1.0273629930547512     
   2.2925763869510358E+017  ,    1.0273063271692393     
   2.2950441763880125E+017  ,    1.0272498357353974     
   2.2975119658249885E+017  ,    1.0271935180418543     
   2.2999797552619648E+017  ,    1.0271373733808475     
   2.3024475446989414E+017  ,    1.0270814010482019     
   2.3049153341359171E+017  ,    1.0270256003433094     
   2.3073831235728938E+017  ,    1.0269699705691040     
   2.3098509130098701E+017  ,    1.0269145110320437     
   2.3123187024468464E+017  ,    1.0268592210420875     
   2.3147864918838227E+017  ,    1.0268040999126749     
   2.3172542813207994E+017  ,    1.0267491469607035     
   2.3197220707577757E+017  ,    1.0266943615065112     
   2.3221898601947523E+017  ,    1.0266397428738507     
   2.3246576496317286E+017  ,    1.0265852903898749     
   2.3271254390687050E+017  ,    1.0265310033851114     
   2.3295932285056813E+017  ,    1.0264768811934444     
   2.3320610179426573E+017  ,    1.0264229231520952     
   2.3345288073796336E+017  ,    1.0263691286016003     
   2.3369965968166102E+017  ,    1.0263154968857937     
   2.3394643862535866E+017  ,    1.0262620273517855     
   2.3419321756905626E+017  ,    1.0262087193499425     
   2.3443999651275392E+017  ,    1.0261555722338704     
   2.3468677545645155E+017  ,    1.0261025853603933     
   2.3493355440014922E+017  ,    1.0260497580895325     
   2.3518033334384682E+017  ,    1.0259970897844912     
   2.3542711228754448E+017  ,    1.0259445798116342     
   2.3567389123124214E+017  ,    1.0258922275404685     
   2.3592067017493971E+017  ,    1.0258400323436236     
   2.3616744911863738E+017  ,    1.0257879935968366     
   2.3641422806233501E+017  ,    1.0257361106789293     
   2.3666100700603267E+017  ,    1.0256843829717948     
   2.3690778594973027E+017  ,    1.0256328098603740     
   2.3715456489342790E+017  ,    1.0255813907326425     
   2.3740134383712557E+017  ,    1.0255301249795894     
   2.3764812278082320E+017  ,    1.0254790119952013     
   2.3789490172452083E+017  ,    1.0254280511764444     
   2.3814168066821843E+017  ,    1.0253772419232454     
   2.3838845961191610E+017  ,    1.0253265836384764     
   2.3863523855561373E+017  ,    1.0252760757279360     
   2.3888201749931136E+017  ,    1.0252257176003345     
   2.3912879644300902E+017  ,    1.0251755086672711     
   2.3937557538670666E+017  ,    1.0251254483432255     
   2.3962235433040429E+017  ,    1.0250755360455346     
   2.3986913327410192E+017  ,    1.0250257711943753     
   2.4011591221779955E+017  ,    1.0249761532127541     
   2.4036269116149722E+017  ,    1.0249266815264861     
   2.4060947010519478E+017  ,    1.0248773555641773     
   2.4085624904889245E+017  ,    1.0248281747572123     
   2.4110302799259008E+017  ,    1.0247791385397360     
   2.4134980693628771E+017  ,    1.0247302463486379     
   2.4159658587998534E+017  ,    1.0246814976235348     
   2.4184336482368298E+017  ,    1.0246328918067589     
   2.4209014376738064E+017  ,    1.0245844283433376     
   2.4233692271107827E+017  ,    1.0245361066809797     
   2.4258370165477594E+017  ,    1.0244879262700612     
   2.4283048059847357E+017  ,    1.0244398865636086     
   2.4307725954217117E+017  ,    1.0243919870172828     
   2.4332403848586880E+017  ,    1.0243442270893646     
   2.4357081742956643E+017  ,    1.0242966062407417     
   2.4381759637326410E+017  ,    1.0242491239348903     
   2.4406437531696173E+017  ,    1.0242017796378624     
   2.4431115426065936E+017  ,    1.0241545728182706     
   2.4455793320435699E+017  ,    1.0241075029472724     
   2.4480471214805462E+017  ,    1.0240605694985576     
   2.4505149109175226E+017  ,    1.0240137719483307     
   2.4529827003544986E+017  ,    1.0239671097753009     
   2.4554504897914755E+017  ,    1.0239205824606639     
   2.4579182792284518E+017  ,    1.0238741894880892     
   2.4603860686654278E+017  ,    1.0238279303437063     
   2.4628538581024045E+017  ,    1.0237818045160905     
   2.4653216475393808E+017  ,    1.0237358114962476     
   2.4677894369763574E+017  ,    1.0236899507776027     
   2.4702572264133334E+017  ,    1.0236442218559845     
   2.4727250158503101E+017  ,    1.0235986242296125     
   2.4751928052872864E+017  ,    1.0235531573990817     
   2.4776605947242621E+017  ,    1.0235078208673525     
   2.4801283841612387E+017  ,    1.0234626141397338     
   2.4825961735982150E+017  ,    1.0234175367238736     
   2.4850639630351917E+017  ,    1.0233725881297397     
   2.4875317524721677E+017  ,    1.0233277678696135     
   2.4899995419091440E+017  ,    1.0232830754580733     
   2.4924673313461206E+017  ,    1.0232385104119814     
   2.4949351207830973E+017  ,    1.0231940722504711     
   2.4974029102200736E+017  ,    1.0231497604949356     
   2.4998706996570499E+017  ,    1.0231055746690139     
   2.5023384890940266E+017  ,    1.0230615142985777     
   2.5048062785310022E+017  ,    1.0230175789117224     
   2.5072740679679786E+017  ,    1.0229737680387492     
   2.5097418574049552E+017  ,    1.0229300812121565     
   2.5122096468419315E+017  ,    1.0228865179666258     
   2.5146774362789078E+017  ,    1.0228430778390127     
   2.5171452257158842E+017  ,    1.0227997603683296     
   2.5196130151528605E+017  ,    1.0227565650957380     
   2.5220808045898371E+017  ,    1.0227134915645351     
   2.5245485940268131E+017  ,    1.0226705393201410     
   2.5270163834637898E+017  ,    1.0226277079100881     
   2.5294841729007661E+017  ,    1.0225849968840095     
   2.5319519623377424E+017  ,    1.0225424057936257     
   2.5344197517747187E+017  ,    1.0224999341927343     
   2.5368875412116950E+017  ,    1.0224575816371997     
   2.5393553306486717E+017  ,    1.0224153476849389     
   2.5418231200856477E+017  ,    1.0223732318959109     
   2.5442909095226243E+017  ,    1.0223312338321078     
   2.5467586989596006E+017  ,    1.0222893530575416     
   2.5492264883965770E+017  ,    1.0222475891382317     
   2.5516942778335533E+017  ,    1.0222059416421956     
   2.5541620672705293E+017  ,    1.0221644101394403     
   2.5566298567075059E+017  ,    1.0221229942019454     
   2.5590976461444819E+017  ,    1.0220816934036574     
   2.5615654355814586E+017  ,    1.0220405073204764     
   2.5640332250184352E+017  ,    1.0219994355302473     
   2.5665010144554115E+017  ,    1.0219584776127464     
   2.5689688038923878E+017  ,    1.0219176331496724     
   2.5714365933293642E+017  ,    1.0218769017246381     
   2.5739043827663408E+017  ,    1.0218362829231544     
   2.5763721722033171E+017  ,    1.0217957763326260     
   2.5788399616402928E+017  ,    1.0217553815423359     
   2.5813077510772694E+017  ,    1.0217150981434391     
   2.5837755405142458E+017  ,    1.0216749257289504     
   2.5862433299512221E+017  ,    1.0216348638937345     
   2.5887111193881984E+017  ,    1.0215949122344965     
   2.5911789088251750E+017  ,    1.0215550703497709     
   2.5936466982621514E+017  ,    1.0215153378399136     
   2.5961144876991277E+017  ,    1.0214757143070892     
   2.5985822771361040E+017  ,    1.0214361993552632     
   2.6010500665730806E+017  ,    1.0213967925901932     
   2.6035178560100573E+017  ,    1.0213574936194156     
   2.6059856454470330E+017  ,    1.0213183020522394     
   2.6084534348840093E+017  ,    1.0212792174997363     
   2.6109212243209859E+017  ,    1.0212402395747275     
   2.6133890137579619E+017  ,    1.0212013678917800     
   2.6158568031949386E+017  ,    1.0211626020671920     
   2.6183245926319149E+017  ,    1.0211239417189888     
   2.6207923820688915E+017  ,    1.0210853864669076     
   2.6232601715058675E+017  ,    1.0210469359323928     
   2.6257279609428435E+017  ,    1.0210085897385845     
   2.6281957503798205E+017  ,    1.0209703475103113     
   2.6306635398167965E+017  ,    1.0209322088740793     
   2.6331313292537731E+017  ,    1.0208941734580652     
   2.6355991186907494E+017  ,    1.0208562408921047     
   2.6380669081277258E+017  ,    1.0208184108076854     
   2.6405346975647027E+017  ,    1.0207806828379391     
   2.6430024870016784E+017  ,    1.0207430566176303     
   2.6454702764386547E+017  ,    1.0207055317831493     
   2.6479380658756310E+017  ,    1.0206681079725033     
   2.6504058553126074E+017  ,    1.0206307848253071     
   2.6528736447495837E+017  ,    1.0205935619827751     
   2.6553414341865600E+017  ,    1.0205564390877138     
   2.6578092236235370E+017  ,    1.0205194157845106     
   2.6602770130605126E+017  ,    1.0204824917191280     
   2.6627448024974896E+017  ,    1.0204456665390960     
   2.6652125919344656E+017  ,    1.0204089398934999     
   2.6676803813714422E+017  ,    1.0203723114329741     
   2.6701481708084182E+017  ,    1.0203357808096969     
   2.6726159602453946E+017  ,    1.0202993476773781     
   2.6750837496823715E+017  ,    1.0202630116912503     
   2.6775515391193472E+017  ,    1.0202267725080678     
   2.6800193285563242E+017  ,    1.0201906297860908     
   2.6824871179933005E+017  ,    1.0201545831850800     
   2.6849549074302768E+017  ,    1.0201186323662910     
   2.6874226968672531E+017  ,    1.0200827769924645     
   2.6898904863042288E+017  ,    1.0200470167278177     
   2.6923582757412058E+017  ,    1.0200113512380384     
   2.6948260651781821E+017  ,    1.0199757801902767     
   2.6972938546151578E+017  ,    1.0199403032531360     
   2.6997616440521347E+017  ,    1.0199049200966681     
   2.7022294334891110E+017  ,    1.0198696303923620     
   2.7046972229260877E+017  ,    1.0198344338131413     
   2.7071650123630640E+017  ,    1.0197993300333523     
   2.7096328018000403E+017  ,    1.0197643187287575     
   2.7121005912370166E+017  ,    1.0197293995765297     
   2.7145683806739923E+017  ,    1.0196945722552448     
   2.7170361701109693E+017  ,    1.0196598364448717     
   2.7195039595479456E+017  ,    1.0196251918267685     
   2.7219717489849219E+017  ,    1.0195906380836739     
   2.7244395384218982E+017  ,    1.0195561748996984     
   2.7269073278588746E+017  ,    1.0195218019603201     
   2.7293751172958509E+017  ,    1.0194875189523758     
   2.7318429067328272E+017  ,    1.0194533255640545     
   2.7343106961698035E+017  ,    1.0194192214848905     
   2.7367784856067802E+017  ,    1.0193852064057554     
   2.7392462750437568E+017  ,    1.0193512800188538     
   2.7417140644807328E+017  ,    1.0193174420177125     
   2.7441818539177091E+017  ,    1.0192836920971777     
   2.7466496433546854E+017  ,    1.0192500299534060     
   2.7491174327916618E+017  ,    1.0192164552838585     
   2.7515852222286381E+017  ,    1.0191829677872928     
   2.7540530116656144E+017  ,    1.0191495671637574     
   2.7565208011025907E+017  ,    1.0191162531145861     
   2.7589885905395670E+017  ,    1.0190830253423884     
   2.7614563799765434E+017  ,    1.0190498835510473     
   2.7639241694135203E+017  ,    1.0190168274457085     
   2.7663919588504960E+017  ,    1.0189838567327751     
   2.7688597482874723E+017  ,    1.0189509711199050     
   2.7713275377244490E+017  ,    1.0189181703159984     
   2.7737953271614253E+017  ,    1.0188854540311949     
   2.7762631165984022E+017  ,    1.0188528219768682     
   2.7787309060353779E+017  ,    1.0188202738656180     
   2.7811986954723549E+017  ,    1.0187878094112621     
   2.7836664849093312E+017  ,    1.0187554283288349     
   2.7861342743463069E+017  ,    1.0187231303345774     
   2.7886020637832832E+017  ,    1.0186909151459309     
   2.7910698532202595E+017  ,    1.0186587824815359     
   2.7935376426572365E+017  ,    1.0186267320612192     
   2.7960054320942122E+017  ,    1.0185947636059918     
   2.7984732215311891E+017  ,    1.0185628768380430     
   2.8009410109681654E+017  ,    1.0185310714807332     
   2.8034088004051418E+017  ,    1.0184993472585886     
   2.8058765898421181E+017  ,    1.0184677038972949     
   2.8083443792790947E+017  ,    1.0184361411236922     
   2.8108121687160710E+017  ,    1.0184046586657680     
   2.8132799581530474E+017  ,    1.0183732562526535     
   2.8157477475900230E+017  ,    1.0183419336146158     
   2.8182155370270000E+017  ,    1.0183106904830523     
   2.8206833264639763E+017  ,    1.0182795265904874     
   2.8231511159009526E+017  ,    1.0182484416705626     
   2.8256189053379290E+017  ,    1.0182174354580360     
   2.8280866947749053E+017  ,    1.0181865076887724     
   2.8305544842118816E+017  ,    1.0181556580997408     
   2.8330222736488579E+017  ,    1.0181248864290064     
   2.8354900630858342E+017  ,    1.0180941924157272     
   2.8379578525228106E+017  ,    1.0180635758001477     
   2.8404256419597869E+017  ,    1.0180330363235923     
   2.8428934313967635E+017  ,    1.0180025737284630     
   2.8453612208337398E+017  ,    1.0179721877582308     
   2.8478290102707162E+017  ,    1.0179418781574310     
   2.8502967997076925E+017  ,    1.0179116446716616     
   2.8527645891446688E+017  ,    1.0178814870475716     
   2.8552323785816451E+017  ,    1.0178514050328613     
   2.8577001680186221E+017  ,    1.0178213983762754     
   2.8601679574555978E+017  ,    1.0177914668275956     
   2.8626357468925741E+017  ,    1.0177616101376392     
   2.8651035363295504E+017  ,    1.0177318280582510     
   2.8675713257665267E+017  ,    1.0177021203422991     
   2.8700391152035030E+017  ,    1.0176724867436722     
   2.8725069046404794E+017  ,    1.0176429270172704     
   2.8749746940774560E+017  ,    1.0176134409190036     
   2.8774424835144323E+017  ,    1.0175840282057831     
   2.8799102729514086E+017  ,    1.0175546886355220     
   2.8823780623883853E+017  ,    1.0175254219671244     
   2.8848458518253619E+017  ,    1.0174962279604842     
   2.8873136412623373E+017  ,    1.0174671063764806     
   2.8897814306993139E+017  ,    1.0174380569769697     
   2.8922492201362906E+017  ,    1.0174090795247830     
   2.8947170095732672E+017  ,    1.0173801737837220     
   2.8971847990102432E+017  ,    1.0173513395185527     
   2.8996525884472198E+017  ,    1.0173225764950011     
   2.9021203778841965E+017  ,    1.0172938844797481     
   2.9045881673211718E+017  ,    1.0172652632404260     
   2.9070559567581491E+017  ,    1.0172367125456143     
   2.9095237461951251E+017  ,    1.0172082321648326     
   2.9119915356321018E+017  ,    1.0171798218685371     
   2.9144593250690771E+017  ,    1.0171514814281180     
   2.9169271145060544E+017  ,    1.0171232106158921     
   2.9193949039430304E+017  ,    1.0170950092051010     
   2.9218626933800070E+017  ,    1.0170668769699029     
   2.9243304828169830E+017  ,    1.0170388136853725     
   2.9267982722539597E+017  ,    1.0170108191274942     
   2.9292660616909357E+017  ,    1.0169828930731575     
   2.9317338511279123E+017  ,    1.0169550353001529     
   2.9342016405648883E+017  ,    1.0169272455871683     
   2.9366694300018650E+017  ,    1.0168995237137839     
   2.9391372194388416E+017  ,    1.0168718694604686     
   2.9416050088758176E+017  ,    1.0168442826085746     
   2.9440727983127942E+017  ,    1.0168167629403346     
   2.9465405877497702E+017  ,    1.0167893102388563     
   2.9490083771867469E+017  ,    1.0167619242881187     
   2.9514761666237229E+017  ,    1.0167346048729673     
   2.9539439560606995E+017  ,    1.0167073517791119     
   2.9564117454976755E+017  ,    1.0166801647931201     
   2.9588795349346522E+017  ,    1.0166530437024139     
   2.9613473243716282E+017  ,    1.0166259882952671     
   2.9638151138086048E+017  ,    1.0165989983607990     
   2.9662829032455814E+017  ,    1.0165720736889718     
   2.9687506926825574E+017  ,    1.0165452140705851     
   2.9712184821195341E+017  ,    1.0165184192972752     
   2.9736862715565101E+017  ,    1.0164916891615063     
   2.9761540609934874E+017  ,    1.0164650234565709     
   2.9786218504304627E+017  ,    1.0164384219765825     
   2.9810896398674394E+017  ,    1.0164118845164749     
   2.9835574293044160E+017  ,    1.0163854108719956     
   2.9860252187413926E+017  ,    1.0163590008397043     
   2.9884930081783680E+017  ,    1.0163326542169651     
   2.9909607976153446E+017  ,    1.0163063708019480     
   2.9934285870523213E+017  ,    1.0162801503936205     
   2.9958963764892973E+017  ,    1.0162539927917467     
   2.9983641659262739E+017  ,    1.0162278977968831     
   3.0008319553632506E+017  ,    1.0162018652103724     
   3.0032997448002272E+017  ,    1.0161758948343438     
   3.0057675342372032E+017  ,    1.0161499864717058     
   3.0082353236741798E+017  ,    1.0161241399261438     
   3.0107031131111552E+017  ,    1.0160983550021172     
   3.0131709025481325E+017  ,    1.0160726315048556     
   3.0156386919851078E+017  ,    1.0160469692403524     
   3.0181064814220851E+017  ,    1.0160213680153669     
   3.0205742708590611E+017  ,    1.0159958276374135     
   3.0230420602960371E+017  ,    1.0159703479147650     
   3.0255098497330138E+017  ,    1.0159449286564441     
   3.0279776391699904E+017  ,    1.0159195696722225     
   3.0304454286069664E+017  ,    1.0158942707726155     
   3.0329132180439424E+017  ,    1.0158690317688830     
   3.0353810074809197E+017  ,    1.0158438524730187     
   3.0378487969178957E+017  ,    1.0158187326977517     
   3.0403165863548723E+017  ,    1.0157936722565433     
   3.0427843757918483E+017  ,    1.0157686709635816     
   3.0452521652288250E+017  ,    1.0157437286337776     
   3.0477199546658010E+017  ,    1.0157188450827663     
   3.0501877441027776E+017  ,    1.0156940201268956     
   3.0526555335397536E+017  ,    1.0156692535832306     
   3.0551233229767302E+017  ,    1.0156445452695466     
   3.0575911124137062E+017  ,    1.0156198950043247     
   3.0600589018506829E+017  ,    1.0155953026067528     
   3.0625266912876589E+017  ,    1.0155707678967174     
   3.0649944807246355E+017  ,    1.0155462906948034     
   3.0674622701616115E+017  ,    1.0155218708222895     
   3.0699300595985882E+017  ,    1.0154975081011475     
   3.0723978490355648E+017  ,    1.0154732023540345     
   3.0748656384725408E+017  ,    1.0154489534042943     
   3.0773334279095174E+017  ,    1.0154247610759510     
   3.0798012173464934E+017  ,    1.0154006251937091     
   3.0822690067834701E+017  ,    1.0153765455829458     
   3.0847367962204467E+017  ,    1.0153525220697128     
   3.0872045856574227E+017  ,    1.0153285544807291     
   3.0896723750943987E+017  ,    1.0153046426433820     
   3.0921401645313754E+017  ,    1.0152807863857196     
   3.0946079539683514E+017  ,    1.0152569855364519     
   3.0970757434053280E+017  ,    1.0152332399249433     
   3.0995435328423040E+017  ,    1.0152095493812145     
   3.1020113222792806E+017  ,    1.0151859137359367     
   3.1044791117162573E+017  ,    1.0151623328204276     
   3.1069469011532333E+017  ,    1.0151388064666513     
   3.1094146905902106E+017  ,    1.0151153345072137     
   3.1118824800271866E+017  ,    1.0150919167753591     
   3.1143502694641626E+017  ,    1.0150685531049692     
   3.1168180589011392E+017  ,    1.0150452433305572     
   3.1192858483381158E+017  ,    1.0150219872872677     
   3.1217536377750918E+017  ,    1.0149987848108737     
   3.1242214272120685E+017  ,    1.0149756357377715     
   3.1266892166490445E+017  ,    1.0149525399049795     
   3.1291570060860211E+017  ,    1.0149294971501355     
   3.1316247955229965E+017  ,    1.0149065073114927     
   3.1340925849599731E+017  ,    1.0148835702279186     
   3.1365603743969498E+017  ,    1.0148606857388915     
   3.1390281638339264E+017  ,    1.0148378536844957     
   3.1414959532709024E+017  ,    1.0148150739054218     
   3.1439637427078784E+017  ,    1.0147923462429638     
   3.1464315321448557E+017  ,    1.0147696705390141     
   3.1488993215818317E+017  ,    1.0147470466360615     
   3.1513671110188083E+017  ,    1.0147244743771897     
   3.1538349004557843E+017  ,    1.0147019536060742     
   3.1563026898927610E+017  ,    1.0146794841669788     
   3.1587704793297370E+017  ,    1.0146570659047538     
   3.1612382687667136E+017  ,    1.0146346986648338     
   3.1637060582036896E+017  ,    1.0146123822932325     
   3.1661738476406662E+017  ,    1.0145901166365436     
   3.1686416370776422E+017  ,    1.0145679015419360     
   3.1711094265146189E+017  ,    1.0145457368571509     
   3.1735772159515955E+017  ,    1.0145236224305023     
   3.1760450053885722E+017  ,    1.0145015581108703     
   3.1785127948255475E+017  ,    1.0144795437477003     
   3.1809805842625248E+017  ,    1.0144575791910022     
   3.1834483736995014E+017  ,    1.0144356642913448     
   3.1859161631364768E+017  ,    1.0144137988998561     
   3.1883839525734534E+017  ,    1.0143919828682186     
   3.1908517420104294E+017  ,    1.0143702160486687     
   3.1933195314474061E+017  ,    1.0143484982939921     
   3.1957873208843821E+017  ,    1.0143268294575238     
   3.1982551103213587E+017  ,    1.0143052093931428     
   3.2007228997583347E+017  ,    1.0142836379552735     
   3.2031906891953114E+017  ,    1.0142621149988786     
   3.2056584786322880E+017  ,    1.0142406403794615     
   3.2081262680692640E+017  ,    1.0142192139530597     
   3.2105940575062406E+017  ,    1.0141978355762451     
   3.2130618469432173E+017  ,    1.0141765051061211     
   3.2155296363801933E+017  ,    1.0141552224003196     
   3.2179974258171699E+017  ,    1.0141339873169986     
   3.2204652152541466E+017  ,    1.0141127997148414     
   3.2229330046911226E+017  ,    1.0140916594530527     
   3.2254007941280992E+017  ,    1.0140705663913558     
   3.2278685835650752E+017  ,    1.0140495203899926     
   3.2303363730020518E+017  ,    1.0140285213097198     
   3.2328041624390272E+017  ,    1.0140075690118062     
   3.2352719518760038E+017  ,    1.0139866633580317     
   3.2377397413129798E+017  ,    1.0139658042106847     
   3.2402075307499571E+017  ,    1.0139449914325573     
   3.2426753201869331E+017  ,    1.0139242248869498     
   3.2451431096239091E+017  ,    1.0139035044376594     
   3.2476108990608858E+017  ,    1.0138828299489859     
   3.2500786884978618E+017  ,    1.0138622012857244     
   3.2525464779348390E+017  ,    1.0138416183131660     
   3.2550142673718150E+017  ,    1.0138210808970947     
   3.2574820568087917E+017  ,    1.0138005889037838     
   3.2599498462457677E+017  ,    1.0137801421999968     
   3.2624176356827443E+017  ,    1.0137597406529837     
   3.2648854251197203E+017  ,    1.0137393841304758     
   3.2673532145566970E+017  ,    1.0137190725006917     
   3.2698210039936730E+017  ,    1.0136988056323237     
   3.2722887934306496E+017  ,    1.0136785833945485     
   3.2747565828676262E+017  ,    1.0136584056570137     
   3.2772243723046029E+017  ,    1.0136382722898440     
   3.2796921617415789E+017  ,    1.0136181831636331     
   3.2821599511785542E+017  ,    1.0135981381494474     
   3.2846277406155309E+017  ,    1.0135781371188188     
   3.2870955300525075E+017  ,    1.0135581799437450     
   3.2895633194894842E+017  ,    1.0135382664966883     
   3.2920311089264602E+017  ,    1.0135183966505712     
   3.2944988983634368E+017  ,    1.0134985702787778     
   3.2969666878004128E+017  ,    1.0134787872551478     
   3.2994344772373901E+017  ,    1.0134590474539782     
   3.3019022666743654E+017  ,    1.0134393507500186     
   3.3043700561113421E+017  ,    1.0134196970184706     
   3.3068378455483181E+017  ,    1.0134000861349852     
   3.3093056349852947E+017  ,    1.0133805179756628     
   3.3117734244222714E+017  ,    1.0133609924170479     
   3.3142412138592480E+017  ,    1.0133415093361291     
   3.3167090032962246E+017  ,    1.0133220686103386     
   3.3191767927332000E+017  ,    1.0133026701175474     
   3.3216445821701766E+017  ,    1.0132833137360653     
   3.3241123716071533E+017  ,    1.0132639993446377     
   3.3265801610441299E+017  ,    1.0132447268224467     
   3.3290479504811059E+017  ,    1.0132254960491043     
   3.3315157399180819E+017  ,    1.0132063069046551     
   3.3339835293550592E+017  ,    1.0131871592695720     
   3.3364513187920346E+017  ,    1.0131680530247558     
   3.3389191082290106E+017  ,    1.0131489880515321     
   3.3413868976659872E+017  ,    1.0131299642316487     
   3.3438546871029638E+017  ,    1.0131109814472778     
   3.3463224765399405E+017  ,    1.0130920395810090     
   3.3487902659769165E+017  ,    1.0130731385158518     
   3.3512580554138931E+017  ,    1.0130542781352305     
   3.3537258448508698E+017  ,    1.0130354583229861     
   3.3561936342878451E+017  ,    1.0130166789633701     
   3.3586614237248224E+017  ,    1.0129979399410449     
   3.3611292131617984E+017  ,    1.0129792411410852     
   3.3635970025987750E+017  ,    1.0129605824489700     
   3.3660647920357510E+017  ,    1.0129419637505861     
   3.3685325814727277E+017  ,    1.0129233849322237     
   3.3710003709097043E+017  ,    1.0129048458805747     
   3.3734681603466803E+017  ,    1.0128863464827329     
   3.3759359497836563E+017  ,    1.0128678866261906     
   3.3784037392206323E+017  ,    1.0128494661988372     
   3.3808715286576090E+017  ,    1.0128310850889584     
   3.3833393180945862E+017  ,    1.0128127431852327     
   3.3858071075315622E+017  ,    1.0127944403767322     
   3.3882748969685382E+017  ,    1.0127761765529188     
   3.3907426864055142E+017  ,    1.0127579516036440     
   3.3932104758424902E+017  ,    1.0127397654191457     
   3.3956782652794675E+017  ,    1.0127216178900482     
   3.3981460547164435E+017  ,    1.0127035089073604     
   3.4006138441534202E+017  ,    1.0126854383624724     
   3.4030816335903962E+017  ,    1.0126674061471570     
   3.4055494230273734E+017  ,    1.0126494121535643     
   3.4080172124643494E+017  ,    1.0126314562742236     
   3.4104850019013254E+017  ,    1.0126135384020392     
   3.4129527913383014E+017  ,    1.0125956584302911     
   3.4154205807752781E+017  ,    1.0125778162526320     
   3.4178883702122547E+017  ,    1.0125600117630844     
   3.4203561596492314E+017  ,    1.0125422448560437     
   3.4228239490862080E+017  ,    1.0125245154262710     
   3.4252917385231840E+017  ,    1.0125068233688952     
   3.4277595279601594E+017  ,    1.0124891685794106     
   3.4302273173971360E+017  ,    1.0124715509536757     
   3.4326951068341126E+017  ,    1.0124539703879094     
   3.4351628962710886E+017  ,    1.0124364267786934     
   3.4376306857080653E+017  ,    1.0124189200229665     
   3.4400984751450413E+017  ,    1.0124014500180278     
   3.4425662645820186E+017  ,    1.0123840166615314     
   3.4450340540189946E+017  ,    1.0123666198514851     
   3.4475018434559706E+017  ,    1.0123492594862518     
   3.4499696328929472E+017  ,    1.0123319354645450     
   3.4524374223299232E+017  ,    1.0123146476854286     
   3.4549052117669005E+017  ,    1.0122973960483170     
   3.4573730012038765E+017  ,    1.0122801804529706     
   3.4598407906408531E+017  ,    1.0122630007994957     
   3.4623085800778291E+017  ,    1.0122458569883435     
   3.4647763695148058E+017  ,    1.0122287489203086     
   3.4672441589517818E+017  ,    1.0122116764965283     
   3.4697119483887584E+017  ,    1.0121946396184784     
   3.4721797378257344E+017  ,    1.0121776381879759     
   3.4746475272627110E+017  ,    1.0121606721071728     
   3.4771153166996877E+017  ,    1.0121437412785588     
   3.4795831061366643E+017  ,    1.0121268456049588     
   3.4820508955736397E+017  ,    1.0121099849895301     
   3.4845186850106157E+017  ,    1.0120931593357634     
   3.4869864744475923E+017  ,    1.0120763685474776     
   3.4894542638845690E+017  ,    1.0120596125288237     
   3.4919220533215456E+017  ,    1.0120428911842796     
   3.4943898427585216E+017  ,    1.0120262044186494     
   3.4968576321954982E+017  ,    1.0120095521370636     
   3.4993254216324742E+017  ,    1.0119929342449749     
   3.5017932110694509E+017  ,    1.0119763506481618     
   3.5042610005064269E+017  ,    1.0119598012527209     
   3.5067287899434035E+017  ,    1.0119432859650694     
   3.5091965793803795E+017  ,    1.0119268046919454     
   3.5116643688173568E+017  ,    1.0119103573404022     
   3.5141321582543328E+017  ,    1.0118939438178107     
   3.5165999476913094E+017  ,    1.0118775640318560     
   3.5190677371282848E+017  ,    1.0118612178905355     
   3.5215355265652614E+017  ,    1.0118449053021619     
   3.5240033160022381E+017  ,    1.0118286261753564     
   3.5264711054392147E+017  ,    1.0118123804190509     
   3.5289388948761907E+017  ,    1.0117961679424861     
   3.5314066843131667E+017  ,    1.0117799886552097     
   3.5338744737501434E+017  ,    1.0117638424670750     
   3.5363422631871194E+017  ,    1.0117477292882404     
   3.5388100526240960E+017  ,    1.0117316490291679     
   3.5412778420610720E+017  ,    1.0117156016006230     
   3.5437456314980486E+017  ,    1.0116995869136693     
   3.5462134209350246E+017  ,    1.0116836048796736     
   3.5486812103720019E+017  ,    1.0116676554102990     
   3.5511489998089779E+017  ,    1.0116517384175079     
   3.5536167892459546E+017  ,    1.0116358538135573     
   3.5560845786829306E+017  ,    1.0116200015110002     
   3.5585523681199066E+017  ,    1.0116041814226846     
   3.5610201575568838E+017  ,    1.0115883934617484     
   3.5634879469938598E+017  ,    1.0115726375416236     
   3.5659557364308365E+017  ,    1.0115569135760318     
   3.5684235258678125E+017  ,    1.0115412214789832     
   3.5708913153047898E+017  ,    1.0115255611647767     
   3.5733591047417651E+017  ,    1.0115099325479975     
   3.5758268941787411E+017  ,    1.0114943355435175     
   3.5782946836157171E+017  ,    1.0114787700664931     
   3.5807624730526938E+017  ,    1.0114632360323625     
   3.5832302624896704E+017  ,    1.0114477333568488     
   3.5856980519266470E+017  ,    1.0114322619559546     
   3.5881658413636230E+017  ,    1.0114168217459625     
   3.5906336308005990E+017  ,    1.0114014126434347     
   3.5931014202375757E+017  ,    1.0113860345652115     
   3.5955692096745523E+017  ,    1.0113706874284096     
   3.5980369991115290E+017  ,    1.0113553711504206     
   3.6005047885485050E+017  ,    1.0113400856489123     
   3.6029725779854816E+017  ,    1.0113248308418241     
   3.6054403674224576E+017  ,    1.0113096066473697     
   3.6079081568594349E+017  ,    1.0112944129840322     
   3.6103759462964102E+017  ,    1.0112792497705665     
   3.6128437357333869E+017  ,    1.0112641169259957     
   3.6153115251703629E+017  ,    1.0112490143696111     
   3.6177793146073395E+017  ,    1.0112339420209711     
   3.6202471040443162E+017  ,    1.0112188997999016     
   3.6227148934812928E+017  ,    1.0112038876264899     
   3.6251826829182688E+017  ,    1.0111889054210903     
   3.6276504723552442E+017  ,    1.0111739531043187     
   3.6301182617922208E+017  ,    1.0111590305970524     
   3.6325860512291974E+017  ,    1.0111441378204311     
   3.6350538406661741E+017  ,    1.0111292746958513     
   3.6375216301031501E+017  ,    1.0111144411449724     
   3.6399894195401267E+017  ,    1.0110996370897070     
   3.6424572089771034E+017  ,    1.0110848624522282     
   3.6449249984140800E+017  ,    1.0110701171549619     
   3.6473927878510554E+017  ,    1.0110554011205890     
   3.6498605772880320E+017  ,    1.0110407142720466     
   3.6523283667250080E+017  ,    1.0110260565325220     
   3.6547961561619853E+017  ,    1.0110114278254547     
   3.6572639455989613E+017  ,    1.0109968280745349     
   3.6597317350359379E+017  ,    1.0109822572037037     
   3.6621995244729139E+017  ,    1.0109677151371486     
   3.6646673139098899E+017  ,    1.0109532017993066     
   3.6671351033468672E+017  ,    1.0109387171148609     
   3.6696028927838432E+017  ,    1.0109242610087412     
   3.6720706822208198E+017  ,    1.0109098334061215     
   3.6745384716577958E+017  ,    1.0108954342324192     
   3.6770062610947718E+017  ,    1.0108810634132948     
   3.6794740505317491E+017  ,    1.0108667208746522     
   3.6819418399687245E+017  ,    1.0108524065426345     
   3.6844096294057005E+017  ,    1.0108381203436261     
   3.6868774188426771E+017  ,    1.0108238622042502     
   3.6893452082796538E+017  ,    1.0108096320513691     
   3.6918129977166304E+017  ,    1.0107954298120805     
   3.6942807871536064E+017  ,    1.0107812554137208     
   3.6967485765905830E+017  ,    1.0107671087838597     
   3.6992163660275597E+017  ,    1.0107529898503027     
   3.7016841554645357E+017  ,    1.0107388985410894     
   3.7041519449015123E+017  ,    1.0107248347844922     
   3.7066197343384883E+017  ,    1.0107107985090134     
   3.7090875237754650E+017  ,    1.0106967896433889     
   3.7115553132124410E+017  ,    1.0106828081165826     
   3.7140231026494182E+017  ,    1.0106688538577895     
   3.7164908920863942E+017  ,    1.0106549267964300     
   3.7189586815233702E+017  ,    1.0106410268621560     
   3.7214264709603456E+017  ,    1.0106271539848424     
   3.7238942603973222E+017  ,    1.0106133080945925     
   3.7263620498342995E+017  ,    1.0105994891217309     
   3.7288298392712755E+017  ,    1.0105856969968108     
   3.7312976287082522E+017  ,    1.0105719316506043     
   3.7337654181452282E+017  ,    1.0105581930141081     
   3.7362332075822042E+017  ,    1.0105444810185393     
   3.7387009970191808E+017  ,    1.0105307955953364     
   3.7411687864561574E+017  ,    1.0105171366761572     
   3.7436365758931334E+017  ,    1.0105035041928765     
   3.7461043653301101E+017  ,    1.0104898980775907     
   3.7485721547670867E+017  ,    1.0104763182626113     
   3.7510399442040634E+017  ,    1.0104627646804649     
   3.7535077336410394E+017  ,    1.0104492372638965     
   3.7559755230780154E+017  ,    1.0104357359458636     
   3.7584433125149914E+017  ,    1.0104222606595379     
   3.7609111019519686E+017  ,    1.0104088113383054     
   3.7633788913889446E+017  ,    1.0103953879157632     
   3.7658466808259213E+017  ,    1.0103819903257196     
   3.7683144702628979E+017  ,    1.0103686185021945     
   3.7707822596998739E+017  ,    1.0103552723794165     
   3.7732500491368506E+017  ,    1.0103419518918251     
   3.7757178385738259E+017  ,    1.0103286569740659     
   3.7781856280108026E+017  ,    1.0103153875609929     
   3.7806534174477786E+017  ,    1.0103021435876671     
   3.7831212068847552E+017  ,    1.0102889249893545     
   3.7855889963217318E+017  ,    1.0102757317015265     
   3.7880567857587085E+017  ,    1.0102625636598597     
   3.7905245751956845E+017  ,    1.0102494208002324     
   3.7929923646326605E+017  ,    1.0102363030587287     
   3.7954601540696365E+017  ,    1.0102232103716309     
   3.7979279435066138E+017  ,    1.0102101426754251     
   3.8003957329435898E+017  ,    1.0101970999067975     
   3.8028635223805664E+017  ,    1.0101840820026335     
   3.8053313118175430E+017  ,    1.0101710889000171     
   3.8077991012545197E+017  ,    1.0101581205362311     
   3.8102668906914957E+017  ,    1.0101451768487575     
   3.8127346801284717E+017  ,    1.0101322577752714     
   3.8152024695654483E+017  ,    1.0101193632536463     
   3.8176702590024243E+017  ,    1.0101064932219508     
   3.8201380484394016E+017  ,    1.0100936476184470     
   3.8226058378763776E+017  ,    1.0100808263815919     
   3.8250736273133542E+017  ,    1.0100680294500359     
   3.8275414167503290E+017  ,    1.0100552567626193     
   3.8300092061873056E+017  ,    1.0100425082583762     
   3.8324769956242822E+017  ,    1.0100297838765309     
   3.8349447850612589E+017  ,    1.0100170835564992     
   3.8374125744982355E+017  ,    1.0100044072378838     
   3.8398803639352115E+017  ,    1.0099917548604778     
   3.8423481533721882E+017  ,    1.0099791263642619     
   3.8448159428091648E+017  ,    1.0099665216894049     
   3.8472837322461408E+017  ,    1.0099539407762617     
   3.8497515216831168E+017  ,    1.0099413835653732     
   3.8522193111200934E+017  ,    1.0099288499974644     
   3.8546871005570694E+017  ,    1.0099163400134468     
   3.8571548899940467E+017  ,    1.0099038535544151     
   3.8596226794310227E+017  ,    1.0098913905616465     
   3.8620904688679994E+017  ,    1.0098789509766011     
   3.8645582583049747E+017  ,    1.0098665347409224     
   3.8670260477419507E+017  ,    1.0098541417964322     
   3.8694938371789280E+017  ,    1.0098417720851351     
   3.8719616266159046E+017  ,    1.0098294255492131     
   3.8744294160528806E+017  ,    1.0098171021310314     
   3.8768972054898566E+017  ,    1.0098048017731296     
   3.8793649949268346E+017  ,    1.0097925244182264     
   3.8818327843638093E+017  ,    1.0097802700092193     
   3.8843005738007859E+017  ,    1.0097680384891805     
   3.8867683632377619E+017  ,    1.0097558298013580     
   3.8892361526747386E+017  ,    1.0097436438891767     
   3.8917039421117152E+017  ,    1.0097314806962336     
   3.8941717315486918E+017  ,    1.0097193401663018     
   3.8966395209856678E+017  ,    1.0097072222433272     
   3.8991073104226445E+017  ,    1.0096951268714272     
   3.9015750998596205E+017  ,    1.0096830539948924     
   3.9040428892965971E+017  ,    1.0096710035581846     
   3.9065106787335738E+017  ,    1.0096589755059353     
   3.9089784681705498E+017  ,    1.0096469697829480     
   3.9114462576075264E+017  ,    1.0096349863341940     
   3.9139140470445024E+017  ,    1.0096230251048137     
   3.9163818364814797E+017  ,    1.0096110860401173     
   3.9188496259184550E+017  ,    1.0095991690855808     
   3.9213174153554310E+017  ,    1.0095872741868470     
   3.9237852047924070E+017  ,    1.0095754012897273     
   3.9262529942293843E+017  ,    1.0095635503401965     
   3.9287207836663603E+017  ,    1.0095517212843972     
   3.9311885731033370E+017  ,    1.0095399140686330     
   3.9336563625403130E+017  ,    1.0095281286393754     
   3.9361241519772890E+017  ,    1.0095163649432566     
   3.9385919414142656E+017  ,    1.0095046229270714     
   3.9410597308512422E+017  ,    1.0094929025377799     
   3.9435275202882189E+017  ,    1.0094812037224996     
   3.9459953097251949E+017  ,    1.0094695264285123     
   3.9484630991621715E+017  ,    1.0094578706032586     
   3.9509308885991482E+017  ,    1.0094462361943395     
   3.9533986780361248E+017  ,    1.0094346231495146     
   3.9558664674731002E+017  ,    1.0094230314167034     
   3.9583342569100768E+017  ,    1.0094114609439824     
   3.9608020463470528E+017  ,    1.0093999116795862     
   3.9632698357840301E+017  ,    1.0093883835719062     
   3.9657376252210061E+017  ,    1.0093768765694895     
   3.9682054146579827E+017  ,    1.0093653906210402     
   3.9706732040949587E+017  ,    1.0093539256754172     
   3.9731409935319341E+017  ,    1.0093424816816348     
   3.9756087829689114E+017  ,    1.0093310585888589     
   3.9780765724058874E+017  ,    1.0093196563464117     
   3.9805443618428640E+017  ,    1.0093082749037678     
   3.9830121512798400E+017  ,    1.0092969142105530     
   3.9854799407168173E+017  ,    1.0092855742165472     
   3.9879477301537933E+017  ,    1.0092742548716795     
   3.9904155195907699E+017  ,    1.0092629561260316     
   3.9928833090277453E+017  ,    1.0092516779298337     
   3.9953510984647219E+017  ,    1.0092404202334664     
   3.9978188879016986E+017  ,    1.0092291829874609     
   4.0002866773386752E+017  ,    1.0092179661424956     
   4.0027544667756512E+017  ,    1.0092067696493974     
   4.0052222562126278E+017  ,    1.0091955934591406     
   4.0076900456496038E+017  ,    1.0091844375228465     
   4.0101578350865805E+017  ,    1.0091733017917834     
   4.0126256245235571E+017  ,    1.0091621862173659     
   4.0150934139605331E+017  ,    1.0091510907511525     
   4.0175612033975098E+017  ,    1.0091400153448498     
   4.0200289928344851E+017  ,    1.0091289599503044     
   4.0224967822714630E+017  ,    1.0091179245195105     
   4.0249645717084390E+017  ,    1.0091069090046045     
   4.0274323611454144E+017  ,    1.0090959133578650     
   4.0299001505823904E+017  ,    1.0090849375317150     
   4.0323679400193670E+017  ,    1.0090739814787166     
   4.0348357294563437E+017  ,    1.0090630451515761     
   4.0373035188933203E+017  ,    1.0090521285031386     
   4.0397713083302963E+017  ,    1.0090412314863899     
   4.0422390977672730E+017  ,    1.0090303540544567     
   4.0447068872042496E+017  ,    1.0090194961606045     
   4.0471746766412256E+017  ,    1.0090086577582380     
   4.0496424660782022E+017  ,    1.0089978388008989     
   4.0521102555151782E+017  ,    1.0089870392422691     
   4.0545780449521549E+017  ,    1.0089762590361651     
   4.0570458343891315E+017  ,    1.0089654981365435     
   4.0595136238261082E+017  ,    1.0089547564974946     
   4.0619814132630842E+017  ,    1.0089440340732465     
   4.0644492027000602E+017  ,    1.0089333308181616     
   4.0669169921370355E+017  ,    1.0089226466867376     
   4.0693847815740134E+017  ,    1.0089119816336072     
   4.0718525710109894E+017  ,    1.0089013356135372     
   4.0743203604479654E+017  ,    1.0088907085814265     
   4.0767881498849414E+017  ,    1.0088801004923087     
   4.0792559393219181E+017  ,    1.0088695113013495     
   4.0817237287588947E+017  ,    1.0088589409638471     
   4.0841915181958707E+017  ,    1.0088483894352305     
   4.0866593076328474E+017  ,    1.0088378566710596     
   4.0891270970698234E+017  ,    1.0088273426270280     
   4.0915948865068000E+017  ,    1.0088168472589558     
   4.0940626759437766E+017  ,    1.0088063705227948     
   4.0965304653807533E+017  ,    1.0087959123746268     
   4.0989982548177293E+017  ,    1.0087854727706609     
   4.1014660442547053E+017  ,    1.0087750516672367     
   4.1039338336916813E+017  ,    1.0087646490208193     
   4.1064016231286586E+017  ,    1.0087542647880035     
   4.1088694125656346E+017  ,    1.0087438989255113     
   4.1113372020026112E+017  ,    1.0087335513901885     
   4.1138049914395872E+017  ,    1.0087232221390110     
   4.1162727808765645E+017  ,    1.0087129111290778     
   4.1187405703135398E+017  ,    1.0087026183176147     
   4.1212083597505158E+017  ,    1.0086923436619719     
   4.1236761491874925E+017  ,    1.0086820871196231     
   4.1261439386244685E+017  ,    1.0086718486481685     
   4.1286117280614458E+017  ,    1.0086616282053296     
   4.1310795174984218E+017  ,    1.0086514257489521     
   4.1335473069353984E+017  ,    1.0086412412370043     
   4.1360150963723738E+017  ,    1.0086310746275768     
   4.1384828858093504E+017  ,    1.0086209258788827     
   4.1409506752463270E+017  ,    1.0086107949492555     
   4.1434184646833037E+017  ,    1.0086006817971502     
   4.1458862541202797E+017  ,    1.0085905863811431     
   4.1483540435572563E+017  ,    1.0085805086599293     
   4.1508218329942330E+017  ,    1.0085704485923250     
   4.1532896224312096E+017  ,    1.0085604061372662     
   4.1557574118681856E+017  ,    1.0085503812538050     
   4.1582252013051616E+017  ,    1.0085403739011158     
   4.1606929907421382E+017  ,    1.0085303840384885     
   4.1631607801791149E+017  ,    1.0085204116253323     
   4.1656285696160915E+017  ,    1.0085104566211729     
   4.1680963590530675E+017  ,    1.0085005189856528     
   4.1705641484900442E+017  ,    1.0084905986785315     
   4.1730319379270189E+017  ,    1.0084806956596850     
   4.1754997273639962E+017  ,    1.0084708098891038     
   4.1779675168009722E+017  ,    1.0084609413268937     
   4.1804353062379488E+017  ,    1.0084510899332779     
   4.1829030956749254E+017  ,    1.0084412556685916     
   4.1853708851119014E+017  ,    1.0084314384932842     
   4.1878386745488787E+017  ,    1.0084216383679205     
   4.1903064639858547E+017  ,    1.0084118552531771     
   4.1927742534228307E+017  ,    1.0084020891098449     
   4.1952420428598067E+017  ,    1.0083923398988257     
   4.1977098322967834E+017  ,    1.0083826075811342     
   4.2001776217337600E+017  ,    1.0083728921178976     
   4.2026454111707366E+017  ,    1.0083631934703547     
   4.2051132006077126E+017  ,    1.0083535115998530     
   4.2075809900446893E+017  ,    1.0083438464678538     
   4.2100487794816646E+017  ,    1.0083341980359264     
   4.2125165689186419E+017  ,    1.0083245662657512     
   4.2149843583556179E+017  ,    1.0083149511191167     
   4.2174521477925939E+017  ,    1.0083053525579226     
   4.2199199372295706E+017  ,    1.0082957705441760     
   4.2223877266665478E+017  ,    1.0082862050399930     
   4.2248555161035238E+017  ,    1.0082766560075960     
   4.2273233055404992E+017  ,    1.0082671234093181     
   4.2297910949774758E+017  ,    1.0082576072075977     
   4.2322588844144518E+017  ,    1.0082481073649803     
   4.2347266738514291E+017  ,    1.0082386238441181     
   4.2371944632884051E+017  ,    1.0082291566077688     
   4.2396622527253818E+017  ,    1.0082197056187987     
   4.2421300421623578E+017  ,    1.0082102708401761     
   4.2445978315993344E+017  ,    1.0082008522349761     
   4.2470656210363104E+017  ,    1.0081914497663791     
   4.2495334104732870E+017  ,    1.0081820633976690     
   4.2520011999102630E+017  ,    1.0081726930922330     
   4.2544689893472397E+017  ,    1.0081633388135645     
   4.2569367787842163E+017  ,    1.0081540005252576     
   4.2594045682211930E+017  ,    1.0081446781910106     
   4.2618723576581696E+017  ,    1.0081353717746249     
   4.2643401470951443E+017  ,    1.0081260812400032     
   4.2668079365321210E+017  ,    1.0081168065511517     
   4.2692757259690970E+017  ,    1.0081075476721753     
   4.2717435154060742E+017  ,    1.0080983045672833     
   4.2742113048430502E+017  ,    1.0080890772007851     
   4.2766790942800269E+017  ,    1.0080798655370895     
   4.2791468837170029E+017  ,    1.0080706695407056     
   4.2816146731539789E+017  ,    1.0080614891762449     
   4.2840824625909555E+017  ,    1.0080523244084147     
   4.2865502520279322E+017  ,    1.0080431752020258     
   4.2890180414649088E+017  ,    1.0080340415219835     
   4.2914858309018848E+017  ,    1.0080249233332952     
   4.2939536203388621E+017  ,    1.0080158206010645     
   4.2964214097758381E+017  ,    1.0080067332904943     
   4.2988891992128147E+017  ,    1.0079976613668835     
   4.3013569886497901E+017  ,    1.0079886047956303     
   4.3038247780867667E+017  ,    1.0079795635422268     
   4.3062925675237434E+017  ,    1.0079705375722656     
   4.3087603569607200E+017  ,    1.0079615268514324     
   4.3112281463976960E+017  ,    1.0079525313455104     
   4.3136959358346726E+017  ,    1.0079435510203774     
   4.3161637252716486E+017  ,    1.0079345858420081     
   4.3186315147086246E+017  ,    1.0079256357764705     
   4.3210993041456013E+017  ,    1.0079167007899292     
   4.3235670935825773E+017  ,    1.0079077808486403     
   4.3260348830195539E+017  ,    1.0078988759189575     
   4.3285026724565299E+017  ,    1.0078899859673252     
   4.3309704618935072E+017  ,    1.0078811109602834     
   4.3334382513304832E+017  ,    1.0078722508644629     
   4.3359060407674598E+017  ,    1.0078634056465896     
   4.3383738302044352E+017  ,    1.0078545752734818     
   4.3408416196414125E+017  ,    1.0078457597120472     
   4.3433094090783885E+017  ,    1.0078369589292893     
   4.3457771985153651E+017  ,    1.0078281728923000     
   4.3482449879523411E+017  ,    1.0078194015682636     
   4.3507127773893178E+017  ,    1.0078106449244557     
   4.3531805668262944E+017  ,    1.0078019029282432     
   4.3556483562632704E+017  ,    1.0077931755470817     
   4.3581161457002464E+017  ,    1.0077844627485173     
   4.3605839351372230E+017  ,    1.0077757645001872     
   4.3630517245741997E+017  ,    1.0077670807698169     
   4.3655195140111763E+017  ,    1.0077584115252209     
   4.3679873034481530E+017  ,    1.0077497567343032     
   4.3704550928851283E+017  ,    1.0077411163650563     
   4.3729228823221043E+017  ,    1.0077324903855607     
   4.3753906717590803E+017  ,    1.0077238787639848     
   4.3778584611960576E+017  ,    1.0077152814685861     
   4.3803262506330336E+017  ,    1.0077066984677070     
   4.3827940400700102E+017  ,    1.0076981297297796     
   4.3852618295069862E+017  ,    1.0076895752233210     
   4.3877296189439629E+017  ,    1.0076810349169363     
   4.3901974083809395E+017  ,    1.0076725087793150     
   4.3926651978179155E+017  ,    1.0076639967792347     
   4.3951329872548922E+017  ,    1.0076554988855577     
   4.3976007766918682E+017  ,    1.0076470150672312     
   4.4000685661288454E+017  ,    1.0076385452932894     
   4.4025363555658214E+017  ,    1.0076300895328487     
   4.4050041450027981E+017  ,    1.0076216477551121     
   4.4074719344397741E+017  ,    1.0076132199293670     
   4.4099397238767494E+017  ,    1.0076048060249829     
   4.4124075133137267E+017  ,    1.0075964060114153     
   4.4148753027507034E+017  ,    1.0075880198582026     
   4.4173430921876787E+017  ,    1.0075796475349645     
   4.4198108816246554E+017  ,    1.0075712890114064     
   4.4222786710616314E+017  ,    1.0075629442573157     
   4.4247464604986086E+017  ,    1.0075546132425601     
   4.4272142499355846E+017  ,    1.0075462959370922     
   4.4296820393725606E+017  ,    1.0075379923109451     
   4.4321498288095373E+017  ,    1.0075297023342333     
   4.4346176182465133E+017  ,    1.0075214259771537     
   4.4370854076834906E+017  ,    1.0075131632099832     
   4.4395531971204666E+017  ,    1.0075049140030803     
   4.4420209865574432E+017  ,    1.0074966783268822     
   4.4444887759944192E+017  ,    1.0074884561519095     
   4.4469565654313952E+017  ,    1.0074802474487616     
   4.4494243548683718E+017  ,    1.0074720521881151     
   4.4518921443053485E+017  ,    1.0074638703407295     
   4.4543599337423245E+017  ,    1.0074557018774433     
   4.4568277231793011E+017  ,    1.0074475467691717     
   4.4592955126162778E+017  ,    1.0074394049869091     
   4.4617633020532544E+017  ,    1.0074312765017308     
   4.4642310914902298E+017  ,    1.0074231612847881     
   4.4666988809272058E+017  ,    1.0074150593073110     
   4.4691666703641824E+017  ,    1.0074069705406068     
   4.4716344598011590E+017  ,    1.0073988949560606     
   4.4741022492381357E+017  ,    1.0073908325251351     
   4.4765700386751117E+017  ,    1.0073827832193694     
   4.4790378281120883E+017  ,    1.0073747470103795     
   4.4815056175490637E+017  ,    1.0073667238698572     
   4.4839734069860410E+017  ,    1.0073587137695719     
   4.4864411964230170E+017  ,    1.0073507166813680     
   4.4889089858599936E+017  ,    1.0073427325771660     
   4.4913767752969696E+017  ,    1.0073347614289614     
   4.4938445647339462E+017  ,    1.0073268032088261     
   4.4963123541709229E+017  ,    1.0073188578889052     
   4.4987801436078995E+017  ,    1.0073109254414203     
   4.5012479330448755E+017  ,    1.0073030058386669     
   4.5037157224818515E+017  ,    1.0072950990530143     
   4.5061835119188282E+017  ,    1.0072872050569066     
   4.5086513013558048E+017  ,    1.0072793238228606     
   4.5111190907927814E+017  ,    1.0072714553234687     
   4.5135868802297574E+017  ,    1.0072635995313945     
   4.5160546696667334E+017  ,    1.0072557564193756     
   4.5185224591037088E+017  ,    1.0072479259602229     
   4.5209902485406861E+017  ,    1.0072401081268194     
   4.5234580379776621E+017  ,    1.0072323028921197     
   4.5259258274146387E+017  ,    1.0072245102291530     
   4.5283936168516147E+017  ,    1.0072167301110182     
   4.5308614062885920E+017  ,    1.0072089625108858     
   4.5333291957255680E+017  ,    1.0072012074019998     
   4.5357969851625446E+017  ,    1.0071934647576737     
   4.5382647745995206E+017  ,    1.0071857345512931     
   4.5407325640364966E+017  ,    1.0071780167563131     
   4.5432003534734739E+017  ,    1.0071703113462611     
   4.5456681429104499E+017  ,    1.0071626182947324     
   4.5481359323474266E+017  ,    1.0071549375753956     
   4.5506037217844026E+017  ,    1.0071472691619874     
   4.5530715112213792E+017  ,    1.0071396130283135     
   4.5555393006583552E+017  ,    1.0071319691482503     
   4.5580070900953318E+017  ,    1.0071243374957435     
   4.5604748795323078E+017  ,    1.0071167180448064     
   4.5629426689692838E+017  ,    1.0071091107695227     
   4.5654104584062605E+017  ,    1.0071015156440437     
   4.5678782478432378E+017  ,    1.0070939326425905     
   4.5703460372802138E+017  ,    1.0070863617394508     
   4.5728138267171891E+017  ,    1.0070788029089799     
   4.5752816161541658E+017  ,    1.0070712561256028     
   4.5777494055911424E+017  ,    1.0070637213638090     
   4.5802171950281190E+017  ,    1.0070561985981599     
   4.5826849844650950E+017  ,    1.0070486878032792     
   4.5851527739020717E+017  ,    1.0070411889538606     
   4.5876205633390477E+017  ,    1.0070337020246622     
   4.5900883527760250E+017  ,    1.0070262269905113     
   4.5925561422130003E+017  ,    1.0070187638262986     
   4.5950239316499770E+017  ,    1.0070113125069822     
   4.5974917210869530E+017  ,    1.0070038730075865     
   4.5999595105239296E+017  ,    1.0069964453032008     
   4.6024272999609062E+017  ,    1.0069890293689798     
   4.6048950893978829E+017  ,    1.0069816251801433     
   4.6073628788348595E+017  ,    1.0069742327119773     
   4.6098306682718342E+017  ,    1.0069668519398312     
   4.6122984577088109E+017  ,    1.0069594828391184     
   4.6147662471457875E+017  ,    1.0069521253853191     
   4.6172340365827642E+017  ,    1.0069447795539759     
   4.6197018260197402E+017  ,    1.0069374453206963     
   4.6221696154567168E+017  ,    1.0069301226611493     
   4.6246374048936928E+017  ,    1.0069228115510716     
   4.6271051943306694E+017  ,    1.0069155119662596     
   4.6295729837676454E+017  ,    1.0069082238825753     
   4.6320407732046221E+017  ,    1.0069009472759418     
   4.6345085626415987E+017  ,    1.0068936821223464     
   4.6369763520785754E+017  ,    1.0068864283978376     
   4.6394441415155514E+017  ,    1.0068791860785280     
   4.6419119309525280E+017  ,    1.0068719551405918     
   4.6443797203895046E+017  ,    1.0068647355602642     
   4.6468475098264800E+017  ,    1.0068575273138436     
   4.6493152992634573E+017  ,    1.0068503303776895     
   4.6517830887004333E+017  ,    1.0068431447282225     
   4.6542508781374099E+017  ,    1.0068359703419247     
   4.6567186675743859E+017  ,    1.0068288071953397     
   4.6591864570113626E+017  ,    1.0068216552650713     
   4.6616542464483392E+017  ,    1.0068145145277845     
   4.6641220358853146E+017  ,    1.0068073849602044     
   4.6665898253222906E+017  ,    1.0068002665391169     
   4.6690576147592672E+017  ,    1.0067931592413668     
   4.6715254041962438E+017  ,    1.0067860630438605     
   4.6739931936332205E+017  ,    1.0067789779235636     
   4.6764609830701971E+017  ,    1.0067719038575000     
   4.6789287725071731E+017  ,    1.0067648408227550     
   4.6813965619441491E+017  ,    1.0067577887964714     
   4.6838643513811251E+017  ,    1.0067507477558522     
   4.6863321408181024E+017  ,    1.0067437176781584     
   4.6887999302550784E+017  ,    1.0067366985407102     
   4.6912677196920550E+017  ,    1.0067296903208860     
   4.6937355091290310E+017  ,    1.0067226929961219     
   4.6962032985660083E+017  ,    1.0067157065439134     
   4.6986710880029843E+017  ,    1.0067087309418135     
   4.7011388774399603E+017  ,    1.0067017661674322     
   4.7036066668769363E+017  ,    1.0066948121984376     
   4.7060744563139130E+017  ,    1.0066878690125551     
   4.7085422457508896E+017  ,    1.0066809365875675     
   4.7110100351878662E+017  ,    1.0066740149013145     
   4.7134778246248429E+017  ,    1.0066671039316930     
   4.7159456140618182E+017  ,    1.0066602036566556     
   4.7184134034987942E+017  ,    1.0066533140542131     
   4.7208811929357709E+017  ,    1.0066464351024302     
   4.7233489823727475E+017  ,    1.0066395667794306     
   4.7258167718097235E+017  ,    1.0066327090633920     
   4.7282845612467002E+017  ,    1.0066258619325483     
   4.7307523506836762E+017  ,    1.0066190253651894     
   4.7332201401206534E+017  ,    1.0066121993396613     
   4.7356879295576294E+017  ,    1.0066053838343634     
   4.7381557189946054E+017  ,    1.0065985788277521     
   4.7406235084315821E+017  ,    1.0065917842983378     
   4.7430912978685581E+017  ,    1.0065850002246866     
   4.7455590873055354E+017  ,    1.0065782265854180     
   4.7480268767425114E+017  ,    1.0065714633592071     
   4.7504946661794880E+017  ,    1.0065647105247826     
   4.7529624556164640E+017  ,    1.0065579680609280     
   4.7554302450534394E+017  ,    1.0065512359464799     
   4.7578980344904166E+017  ,    1.0065445141603289     
   4.7603658239273933E+017  ,    1.0065378026814198     
   4.7628336133643686E+017  ,    1.0065311014887510     
   4.7653014028013453E+017  ,    1.0065244105613740     
   4.7677691922383219E+017  ,    1.0065177298783929     
   4.7702369816752986E+017  ,    1.0065110594189646     
   4.7727047711122746E+017  ,    1.0065043991623008     
   4.7751725605492506E+017  ,    1.0064977490876634     
   4.7776403499862272E+017  ,    1.0064911091743689     
   4.7801081394232038E+017  ,    1.0064844794017838     
   4.7825759288601805E+017  ,    1.0064778597493307     
   4.7850437182971565E+017  ,    1.0064712501964790     
   4.7875115077341331E+017  ,    1.0064646507227542     
   4.7899792971711091E+017  ,    1.0064580613077321     
   4.7924470866080858E+017  ,    1.0064514819310395     
   4.7949148760450618E+017  ,    1.0064449125723562     
   4.7973826654820384E+017  ,    1.0064383532114112     
   4.7998504549190144E+017  ,    1.0064318038279865     
   4.8023182443559910E+017  ,    1.0064252644019132     
   4.8047860337929677E+017  ,    1.0064187349130744     
   4.8072538232299443E+017  ,    1.0064122153414048     
   4.8097216126669197E+017  ,    1.0064057056668874     
   4.8121894021038957E+017  ,    1.0063992058695561     
   4.8146571915408730E+017  ,    1.0063927159294979     
   4.8171249809778490E+017  ,    1.0063862358268447     
   4.8195927704148256E+017  ,    1.0063797655417823     
   4.8220605598518016E+017  ,    1.0063733050545447     
   4.8245283492887782E+017  ,    1.0063668543454158     
   4.8269961387257542E+017  ,    1.0063604133947295     
   4.8294639281627309E+017  ,    1.0063539821828669     
   4.8319317175997069E+017  ,    1.0063475606902614     
   4.8343995070366835E+017  ,    1.0063411488973926     
   4.8368672964736595E+017  ,    1.0063347467847905     
   4.8393350859106368E+017  ,    1.0063283543330335     
   4.8418028753476128E+017  ,    1.0063219715227483     
   4.8442706647845894E+017  ,    1.0063155983346097     
   4.8467384542215654E+017  ,    1.0063092347493423     
   4.8492062436585414E+017  ,    1.0063028807477168     
   4.8516740330955187E+017  ,    1.0062965363105527     
   4.8541418225324947E+017  ,    1.0062902014187187     
   4.8566096119694714E+017  ,    1.0062838760531290     
   4.8590774014064474E+017  ,    1.0062775601947467     
   4.8615451908434234E+017  ,    1.0062712538245808     
   4.8640129802803994E+017  ,    1.0062649569236908     
   4.8664807697173760E+017  ,    1.0062586694731794     
   4.8689485591543520E+017  ,    1.0062523914541992     
   4.8714163485913286E+017  ,    1.0062461228479482     
   4.8738841380283053E+017  ,    1.0062398636356709     
   4.8763519274652819E+017  ,    1.0062336137986598     
   4.8788197169022579E+017  ,    1.0062273733182530     
   4.8812875063392346E+017  ,    1.0062211421758342     
   4.8837552957762106E+017  ,    1.0062149203528343     
   4.8862230852131872E+017  ,    1.0062087078307296     
   4.8886908746501638E+017  ,    1.0062025045910434     
   4.8911586640871398E+017  ,    1.0061963106153431     
   4.8936264535241165E+017  ,    1.0061901258852424     
   4.8960942429610925E+017  ,    1.0061839503824010     
   4.8985620323980698E+017  ,    1.0061777840885235     
   4.9010298218350451E+017  ,    1.0061716269853591     
   4.9034976112720218E+017  ,    1.0061654790547034     
   4.9059654007089971E+017  ,    1.0061593402783962     
   4.9084331901459738E+017  ,    1.0061532106383220     
   4.9109009795829510E+017  ,    1.0061470901164093     
   4.9133687690199270E+017  ,    1.0061409786946334     
   4.9158365584569037E+017  ,    1.0061348763550115     
   4.9183043478938790E+017  ,    1.0061287830796071     
   4.9207721373308557E+017  ,    1.0061226988505256     
   4.9232399267678323E+017  ,    1.0061166236499186     
   4.9257077162048090E+017  ,    1.0061105574599813     
   4.9281755056417850E+017  ,    1.0061045002629505     
   4.9306432950787616E+017  ,    1.0060984520411096     
   4.9331110845157382E+017  ,    1.0060924127767839     
   4.9355788739527149E+017  ,    1.0060863824523418     
