   0.0000000000000000      ,   36871.159100000004     
   246778943697635.72      ,   3197.9423834543381     
   493557887395271.44      ,   860.18767043826369     
   740336831092907.12      ,   391.15354616444245     
   987115774790542.88      ,   224.05588231041830     
   1233894718488178.5      ,   146.15654236010627     
   1480673662185814.2      ,   103.66427305119736     
   1727452605883449.8      ,   77.958722412250395     
   1974231549581085.8      ,   61.220851464342459     
   2221010493278721.5      ,   49.704017670419880     
   2467789436976357.0      ,   41.431378850661702     
   2714568380673993.0      ,   35.280226124662995     
   2961347324371628.5      ,   30.574755987012765     
   3208126268069264.5      ,   26.888526502511105     
   3454905211766899.5      ,   23.941725430404240     
   3701684155464535.5      ,   21.544607548155909     
   3948463099162171.5      ,   19.564830603921312     
   4195242042859807.5      ,   17.907812867647362     
   4442020986557443.0      ,   16.504502632615445     
   4688799930255079.0      ,   15.303528732885514     
   4935578873952714.0      ,   14.266027123735203     
   5182357817650351.0      ,   13.362150073637647     
   5429136761347986.0      ,   12.568660824173396     
   5675915705045621.0      ,   11.867244729496065     
   5922694648743257.0      ,   11.243303158478192     
   6169473592440893.0      ,   10.685078789108296     
   6416252536138529.0      ,   10.183012261256113     
   6663031479836163.0      ,   9.7292628570906352     
   6909810423533799.0      ,   9.3173471255642060     
   7156589367231436.0      ,   8.9418634223065716     
   7403368310929071.0      ,   8.5982797884791466     
   7650147254626707.0      ,   8.2827690463819970     
   7896926198324343.0      ,   7.9920794591099353     
   8143705142021978.0      ,   7.7234324371790439     
   8390484085719615.0      ,   7.4744410016134548     
   8637263029417251.0      ,   7.2430443119272683     
   8884041973114886.0      ,   7.0274547277943373     
   9130820916812522.0      ,   6.8261147235931690     
   9377599860510158.0      ,   6.6376616040230214     
   9624378804207792.0      ,   6.4608984383038530     
   9871157747905428.0      ,   6.2947699835223716     
   10117936691603062.      ,   6.1383426353409369     
   10364715635300702.      ,   5.9907876486995262     
   10611494578998336.      ,   5.8513670283522954     
   10858273522695972.      ,   5.7194216107978200     
   11105052466393608.      ,   5.5943609540015764     
   11351831410091242.      ,   5.4756547256568942     
   11598610353788878.      ,   5.3628253393556546     
   11845389297486514.      ,   5.2554416345263375     
   12092168241184150.      ,   5.1531134330569950     
   12338947184881786.      ,   5.0554868352187521     
   12585726128579420.      ,   4.9622401414224564     
   12832505072277058.      ,   4.8730803056949155     
   13079284015974692.      ,   4.7877398424946502     
   13326062959672326.      ,   4.7059741213342443     
   13572841903369964.      ,   4.6275589942117890     
   13819620847067598.      ,   4.5522887095290097     
   14066399790765236.      ,   4.4799740733453772     
   14313178734462872.      ,   4.4104408247691200     
   14559957678160508.      ,   4.3435281972430797     
   14806736621858142.      ,   4.2790876416270409     
   15053515565555778.      ,   4.2169816904532551     
   15300294509253414.      ,   4.1570829456564402     
   15547073452951048.      ,   4.0992731745478910     
   15793852396648686.      ,   4.0434425008936739     
   16040631340346322.      ,   3.9894886797316720     
   16287410284043956.      ,   3.9373164460737362     
   16534189227741592.      ,   3.8868369289299221     
   16780968171439230.      ,   3.8379671231965977     
   17027747115136864.      ,   3.7906294128986309     
   17274526058834502.      ,   3.7447511400917044     
   17521305002532136.      ,   3.7002642144344433     
   17768083946229772.      ,   3.6571047590481034     
   18014862889927408.      ,   3.6152127888083734     
   18261641833625044.      ,   3.5745319176709884     
   18508420777322676.      ,   3.5350090920305512     
   18755199721020316.      ,   3.4965943474584962     
   19001978664717952.      ,   3.4592405864687024     
   19248757608415584.      ,   3.4229033752239135     
   19495536552113224.      ,   3.3875407573280896     
   19742315495810856.      ,   3.3531130830533691     
   19989094439508492.      ,   3.3195828525293045     
   20235873383206124.      ,   3.2869145715797408     
   20482652326903768.      ,   3.2550746190317170     
   20729431270601404.      ,   3.2240311244436799     
   20976210214299032.      ,   3.1937538553089331     
   21222989157996672.      ,   3.1642141128866794     
   21469768101694304.      ,   3.1353846358984008     
   21716547045391944.      ,   3.1072395114033156     
   21963325989089580.      ,   3.0797540922342694     
   22210104932787216.      ,   3.0529049204356093     
   22456883876484848.      ,   3.0266696561983677     
   22703662820182484.      ,   3.0010270118360629     
   22950441763880124.      ,   2.9759566903874131     
   23197220707577756.      ,   2.9514393284706881     
   23443999651275396.      ,   2.9274564430489440     
   23690778594973028.      ,   2.9039903817963757     
   23937557538670660.      ,   2.8810242767838155     
   24184336482368300.      ,   2.8585420012265255     
   24431115426065936.      ,   2.8365281290599609     
   24677894369763572.      ,   2.8149678971295748     
   24924673313461208.      ,   2.7938471697991210     
   25171452257158840.      ,   2.7731524057985282     
   25418231200856472.      ,   2.7528706271474870     
   25665010144554116.      ,   2.7329893900045090     
   25911789088251748.      ,   2.7134967573035906     
   26158568031949384.      ,   2.6943812730518220     
   26405346975647024.      ,   2.6756319381715401     
   26652125919344652.      ,   2.6572381877798184     
   26898904863042292.      ,   2.6391898698066298     
   27145683806739928.      ,   2.6214772248606666     
   27392462750437564.      ,   2.6040908672588503     
   27639241694135196.      ,   2.5870217671419962     
   27886020637832840.      ,   2.5702612336049473     
   28132799581530472.      ,   2.5538008987748904     
   28379578525228104.      ,   2.5376327027764565     
   28626357468925744.      ,   2.5217488795267471     
   28873136412623376.      ,   2.5061419433075525     
   29119915356321016.      ,   2.4908046760658209     
   29366694300018652.      ,   2.4757301153969511     
   29613473243716284.      ,   2.4609115431686703     
   29860252187413920.      ,   2.4463424747462361     
   30107031131111556.      ,   2.4320166487824242     
   30353810074809196.      ,   2.4179280175382547     
   30600589018506828.      ,   2.4040707377027668     
   30847367962204468.      ,   2.3904391616822585     
   31094146905902096.      ,   2.3770278293314187     
   31340925849599732.      ,   2.3638314601005672     
   31587704793297372.      ,   2.3508449455749862     
   31834483736995008.      ,   2.3380633423837955     
   32081262680692644.      ,   2.3254818654573888     
   32328041624390276.      ,   2.3130958816137053     
   32574820568087912.      ,   2.3009009034549290     
   32821599511785544.      ,   2.2888925835573377     
   33068378455483184.      ,   2.2770667089381096     
   33315157399180820.      ,   2.2654191957839269     
   33561936342878460.      ,   2.2539460844271044     
   33808715286576096.      ,   2.2426435345559037     
   34055494230273728.      ,   2.2315078206464456     
   34302273173971364.      ,   2.2205353276044302     
   34549052117669004.      ,   2.2097225466055836     
   34795831061366640.      ,   2.1990660711243710     
   35042610005064272.      ,   2.1885625931411701     
   35289388948761908.      ,   2.1782088995186633     
   35536167892459544.      ,   2.1680018685387354     
   35782946836157176.      ,   2.1579384665916841     
   36029725779854816.      ,   2.1480157450099893     
   36276504723552456.      ,   2.1382308370393868     
   36523283667250088.      ,   2.1285809549403316     
   36770062610947720.      ,   2.1190633872133828     
   37016841554645352.      ,   2.1096754959423762     
   37263620498342992.      ,   2.1004147142495939     
   37510399442040632.      ,   2.0912785438574706     
   37757178385738264.      ,   2.0822645527516630     
   38003957329435904.      ,   2.0733703729405932     
   38250736273133536.      ,   2.0645936983068585     
   38497515216831168.      ,   2.0559322825461197     
   38744294160528800.      ,   2.0473839371893394     
   38991073104226448.      ,   2.0389465297044493     
   39237852047924080.      ,   2.0306179816737373     
   39484630991621712.      ,   2.0223962670434368     
   39731409935319344.      ,   2.0142794104421848     
   39978188879016984.      ,   2.0062654855651991     
   40224967822714624.      ,   1.9983526136211738     
   40471746766412248.      ,   1.9905389618390397     
   40718525710109896.      ,   1.9828227420319244     
   40965304653807536.      ,   1.9752022092157180     
   41212083597505160.      ,   1.9676756602798413     
   41458862541202808.      ,   1.9602414327078912     
   41705641484900432.      ,   1.9528979033459868     
   41952420428598064.      ,   1.9456434872167154     
   42199199372295704.      ,   1.9384766363767141     
   42445978315993344.      ,   1.9313958388159955     
   42692757259690976.      ,   1.9243996173972260     
   42939536203388608.      ,   1.9174865288332572     
   43186315147086256.      ,   1.9106551627012873     
   43433094090783888.      ,   1.9039041404921091     
   43679873034481520.      ,   1.8972321146929694     
   43926651978179160.      ,   1.8906377679026549     
   44173430921876792.      ,   1.8841198119774538     
   44420209865574432.      ,   1.8776769872067332     
   44666988809272064.      ,   1.8713080615169200     
   44913767752969696.      ,   1.8650118297027265     
   45160546696667336.      ,   1.8587871126845263     
   45407325640364968.      ,   1.8526327567908207     
   45654104584062600.      ,   1.8465476330648039     
   45900883527760248.      ,   1.8405306365940604     
   46147662471457880.      ,   1.8345806858624940     
   46394441415155512.      ,   1.8286967221236003     
   46641220358853152.      ,   1.8228777087942645     
   46887999302550792.      ,   1.8171226308682806     
   47134778246248424.      ,   1.8114304943488380     
   47381557189946056.      ,   1.8058003256992383     
   47628336133643696.      ,   1.8002311713111625     
   47875115077341320.      ,   1.7947220969898117     
   48121894021038960.      ,   1.7892721874552906     
   48368672964736600.      ,   1.7838805458596281     
   48615451908434232.      ,   1.7785462933188501     
   48862230852131872.      ,   1.7732685684595477     
   49109009795829504.      ,   1.7680465269794130     
   49355788739527144.      ,   1.7628793412212180     
   49602567683224784.      ,   1.7577661997597707     
   49849346626922416.      ,   1.7527063070013542     
   50096125570620048.      ,   1.7476988827952207     
   50342904514317680.      ,   1.7427431620566964     
   50589683458015320.      ,   1.7378383944014921     
   50836462401712944.      ,   1.7329838437908223     
   51083241345410592.      ,   1.7281787881869490     
   51330020289108232.      ,   1.7234225192187953     
   51576799232805856.      ,   1.7187143418572706     
   51823578176503496.      ,   1.7140535740999734     
   52070357120201144.      ,   1.7094395466649552     
   52317136063898768.      ,   1.7048716026932353     
   52563915007596408.      ,   1.7003490974597584     
   52810693951294048.      ,   1.6958713980925297     
   53057472894991680.      ,   1.6914378832996337     
   53304251838689304.      ,   1.6870479431038885     
   53551030782386944.      ,   1.6827009785848701     
   53797809726084584.      ,   1.6783964016280766     
   54044588669782216.      ,   1.6741336346809830     
   54291367613479856.      ,   1.6699121105157766     
   54538146557177496.      ,   1.6657312719985440     
   54784925500875128.      ,   1.6615905718647097     
   55031704444572768.      ,   1.6574894725005187     
   55278483388270392.      ,   1.6534274457303804     
   55525262331968040.      ,   1.6494039726098724     
   55772041275665680.      ,   1.6454185432242412     
   56018820219363296.      ,   1.6414706564922170     
   56265599163060944.      ,   1.6375598199749788     
   56512378106758576.      ,   1.6336855496901108     
   56759157050456208.      ,   1.6298473699303970     
   57005935994153848.      ,   1.6260448130873002     
   57252714937851488.      ,   1.6222774194789868     
   57499493881549120.      ,   1.6185447371827602     
   57746272825246752.      ,   1.6148463218717579     
   57993051768944392.      ,   1.6111817366558030     
   58239830712642032.      ,   1.6075505519262669     
   58486609656339664.      ,   1.6039523452048359     
   58733388600037304.      ,   1.6003867009960586     
   58980167543734928.      ,   1.5968532106435660     
   59226946487432568.      ,   1.5933514721898570     
   59473725431130208.      ,   1.5898810902395419     
   59720504374827840.      ,   1.5864416758259476     
   59967283318525480.      ,   1.5830328462809786     
   60214062262223112.      ,   1.5796542251081542     
   60460841205920744.      ,   1.5763054418587155     
   60707620149618392.      ,   1.5729861320107255     
   60954399093316024.      ,   1.5696959368510726     
   61201178037013656.      ,   1.5664345033602980     
   61447956980711296.      ,   1.5632014841001585     
   61694735924408936.      ,   1.5599965371038658     
   61941514868106552.      ,   1.5568193257689129     
   62188293811804192.      ,   1.5536695187524121     
   62435072755501840.      ,   1.5505467898689014     
   62681851699199464.      ,   1.5474508179905155     
   62928630642897104.      ,   1.5443812869494835     
   63175409586594744.      ,   1.5413378854428819     
   63422188530292376.      ,   1.5383203069395737     
   63668967473990016.      ,   1.5353282495892906     
   63915746417687648.      ,   1.5323614161337862     
   64162525361385288.      ,   1.5294195138200102     
   64409304305082928.      ,   1.5265022543152513     
   64656083248780552.      ,   1.5236093536241979     
   64902862192478192.      ,   1.5207405320078549     
   65149641136175824.      ,   1.5178955139042873     
   65396420079873464.      ,   1.5150740278511217     
   65643199023571088.      ,   1.5122758064097730     
   65889977967268736.      ,   1.5095005860913513     
   66136756910966368.      ,   1.5067481072841959     
   66383535854664000.      ,   1.5040181141830082     
   66630314798361640.      ,   1.5013103547195275     
   66877093742059288.      ,   1.4986245804947231     
   67123872685756920.      ,   1.4959605467124599     
   67370651629454552.      ,   1.4933180121145910     
   67617430573152192.      ,   1.4906967389174617     
   67864209516849808.      ,   1.4880964927497646     
   68110988460547456.      ,   1.4855170425917354     
   68357767404245088.      ,   1.4829581607156348     
   68604546347942728.      ,   1.4804196226275059     
   68851325291640360.      ,   1.4779012070101523     
   69098104235338008.      ,   1.4754026956673287     
   69344883179035632.      ,   1.4729238734690999     
   69591662122733280.      ,   1.4704645282983437     
   69838441066430912.      ,   1.4680244509983700     
   70085220010128544.      ,   1.4656034353216334     
   70331998953826184.      ,   1.4632012778795018     
   70578777897523816.      ,   1.4608177780930678     
   70825556841221448.      ,   1.4584527381449692     
   71072335784919088.      ,   1.4561059629321977     
   71319114728616720.      ,   1.4537772600198759     
   71565893672314352.      ,   1.4514664395959680     
   71812672616011984.      ,   1.4491733144269174     
   72059451559709632.      ,   1.4468976998141783     
   72306230503407264.      ,   1.4446394135516241     
   72553009447104912.      ,   1.4423982758838099     
   72799788390802544.      ,   1.4401741094650751     
   73046567334500176.      ,   1.4379667393194580     
   73293346278197808.      ,   1.4357759928014082     
   73540125221895440.      ,   1.4336016995572853     
   73786904165593072.      ,   1.4314436914876052     
   74033683109290704.      ,   1.4293018027100410     
   74280462052988352.      ,   1.4271758695231482     
   74527240996685984.      ,   1.4250657303707968     
   74774019940383616.      ,   1.4229712258072988     
   75020798884081264.      ,   1.4208921984632148     
   75267577827778880.      ,   1.4188284930118238     
   75514356771476528.      ,   1.4167799561362346     
   75761135715174160.      ,   1.4147464364971427     
   76007914658871808.      ,   1.4127277847011936     
   76254693602569440.      ,   1.4107238532699597     
   76501472546267072.      ,   1.4087344966095057     
   76748251489964704.      ,   1.4067595709805334     
   76995030433662336.      ,   1.4047989344690923     
   77241809377359968.      ,   1.4028524469578461     
   77488588321057600.      ,   1.4009199700978745     
   77735367264755264.      ,   1.3990013672810127     
   77982146208452896.      ,   1.3970965036127030     
   78228925152150528.      ,   1.3952052458853541     
   78475704095848160.      ,   1.3933274625521979     
   78722483039545792.      ,   1.3914630237016299     
   78969261983243424.      ,   1.3896118010320255     
   79216040926941056.      ,   1.3877736678270183     
   79462819870638688.      ,   1.3859484989312345     
   79709598814336336.      ,   1.3841361707264748     
   79956377758033968.      ,   1.3823365611083240     
   80203156701731600.      ,   1.3805495494631941     
   80449935645429248.      ,   1.3787750166457815     
   80696714589126880.      ,   1.3770128449569308     
   80943493532824496.      ,   1.3752629181219027     
   81190272476522144.      ,   1.3735251212690278     
   81437051420219792.      ,   1.3717993409087457     
   81683830363917424.      ,   1.3700854649130236     
   81930609307615072.      ,   1.3683833824951332     
   82177388251312688.      ,   1.3666929841897937     
   82424167195010320.      ,   1.3650141618336675     
   82670946138707952.      ,   1.3633468085461955     
   82917725082405616.      ,   1.3616908187107775     
   83164504026103248.      ,   1.3600460879562741     
   83411282969800864.      ,   1.3584125131388451     
   83658061913498512.      ,   1.3567899923240940     
   83904840857196128.      ,   1.3551784247695295     
   84151619800893776.      ,   1.3535777109073299     
   84398398744591408.      ,   1.3519877523274095     
   84645177688289056.      ,   1.3504084517607733     
   84891956631986688.      ,   1.3488397130631591     
   85138735575684336.      ,   1.3472814411989638     
   85385514519381952.      ,   1.3457335422254426     
   85632293463079600.      ,   1.3441959232771783     
   85879072406777216.      ,   1.3426684925508148     
   86125851350474864.      ,   1.3411511592900502     
   86372630294172512.      ,   1.3396438337708880     
   86619409237870144.      ,   1.3381464272871288     
   86866188181567776.      ,   1.3366588521361142     
   87112967125265392.      ,   1.3351810216047078     
   87359746068963040.      ,   1.3337128499555080     
   87606525012660672.      ,   1.3322542524132963     
   87853303956358320.      ,   1.3308051451517064     
   88100082900055952.      ,   1.3293654452801185     
   88346861843753584.      ,   1.3279350708307682     
   88593640787451216.      ,   1.3265139407460689     
   88840419731148864.      ,   1.3251019748661439     
   89087198674846496.      ,   1.3236990939165625     
   89333977618544128.      ,   1.3223052194962768     
   89580756562241760.      ,   1.3209202740657555     
   89827535505939392.      ,   1.3195441809353123     
   90074314449637040.      ,   1.3181768642536225     
   90321093393334672.      ,   1.3168182489964262     
   90567872337032320.      ,   1.3154682609554127     
   90814651280729936.      ,   1.3141268267272888     
   91061430224427584.      ,   1.3127938737030138     
   91308209168125200.      ,   1.3114693300572171     
   91554988111822848.      ,   1.3101531247377773     
   91801767055520496.      ,   1.3088451874555729     
   92048545999218112.      ,   1.3075454486743905     
   92295324942915760.      ,   1.3062538396009971     
   92542103886613392.      ,   1.3049702921753696     
   92788882830311024.      ,   1.3036947390610731     
   93035661774008640.      ,   1.3024271136357983     
   93282440717706304.      ,   1.3011673499820411     
   93529219661403936.      ,   1.2999153828779297     
   93775998605101584.      ,   1.2986711477881976     
   94022777548799216.      ,   1.2974345808552914     
   94269556492496848.      ,   1.2962056188906230     
   94516335436194464.      ,   1.2949841993659525     
   94763114379892112.      ,   1.2937702604049057     
   95009893323589744.      ,   1.2925637407746231     
   95256672267287392.      ,   1.2913645798775342     
   95503451210985040.      ,   1.2901727177432636     
   95750230154682640.      ,   1.2889880950206529     
   95997009098380288.      ,   1.2878106529699103     
   96243788042077920.      ,   1.2866403334548768     
   96490566985775568.      ,   1.2854770789354115     
   96737345929473200.      ,   1.2843208324598889     
   96984124873170864.      ,   1.2831715376578114     
   97230903816868464.      ,   1.2820291387325351     
   97477682760566112.      ,   1.2808935804540982     
   97724461704263744.      ,   1.2797648081521633     
   97971240647961376.      ,   1.2786427677090639     
   98218019591659008.      ,   1.2775274055529489     
   98464798535356640.      ,   1.2764186686510361     
   98711577479054288.      ,   1.2753165045029624     
   98958356422751920.      ,   1.2742208611342309     
   99205135366449568.      ,   1.2731316870897569     
   99451914310147184.      ,   1.2720489314275067     
   99698693253844832.      ,   1.2709725437122337     
   99945472197542464.      ,   1.2699024740092990     
   1.0019225114124010E+017 ,   1.2688386728785890     
   1.0043903008493774E+017 ,   1.2677810913685186     
   1.0068580902863536E+017 ,   1.2667296810101214     
   1.0093258797233301E+017 ,   1.2656843938112243     
   1.0117936691603064E+017 ,   1.2646451822507108     
   1.0142614585972829E+017 ,   1.2636119992728601     
   1.0167292480342589E+017 ,   1.2625847982817737     
   1.0191970374712354E+017 ,   1.2615635331358779     
   1.0216648269082118E+017 ,   1.2605481581425073     
   1.0241326163451883E+017 ,   1.2595386280525649     
   1.0266004057821646E+017 ,   1.2585348980552555     
   1.0290681952191411E+017 ,   1.2575369237729002     
   1.0315359846561171E+017 ,   1.2565446612558160     
   1.0340037740930934E+017 ,   1.2555580669772761     
   1.0364715635300699E+017 ,   1.2545770978285349     
   1.0389393529670464E+017 ,   1.2536017111139242     
   1.0414071424040229E+017 ,   1.2526318645460215     
   1.0438749318409990E+017 ,   1.2516675162408837     
   1.0463427212779754E+017 ,   1.2507086247133434     
   1.0488105107149517E+017 ,   1.2497551488723790     
   1.0512783001519282E+017 ,   1.2488070480165416     
   1.0537460895889045E+017 ,   1.2478642818294499     
   1.0562138790258810E+017 ,   1.2469268103753424     
   1.0586816684628573E+017 ,   1.2459945940946990     
   1.0611494578998336E+017 ,   1.2450675937999132     
   1.0636172473368099E+017 ,   1.2441457706710315     
   1.0660850367737861E+017 ,   1.2432290862515465     
   1.0685528262107626E+017 ,   1.2423175024442501     
   1.0710206156477389E+017 ,   1.2414109815071404     
   1.0734884050847155E+017 ,   1.2405094860493868     
   1.0759561945216917E+017 ,   1.2396129790273507     
   1.0784239839586682E+017 ,   1.2387214237406536     
   1.0808917733956443E+017 ,   1.2378347838283084     
   1.0833595628326208E+017 ,   1.2369530232648929     
   1.0858273522695971E+017 ,   1.2360761063567809     
   1.0882951417065736E+017 ,   1.2352039977384224     
   1.0907629311435499E+017 ,   1.2343366623686733     
   1.0932307205805261E+017 ,   1.2334740655271708     
   1.0956985100175026E+017 ,   1.2326161728107652     
   1.0981662994544789E+017 ,   1.2317629501299883     
   1.1006340888914554E+017 ,   1.2309143637055806     
   1.1031018783284317E+017 ,   1.2300703800650523     
   1.1055696677654078E+017 ,   1.2292309660392990     
   1.1080374572023843E+017 ,   1.2283960887592569     
   1.1105052466393608E+017 ,   1.2275657156526030     
   1.1129730360763371E+017 ,   1.2267398144405020     
   1.1154408255133136E+017 ,   1.2259183531343871     
   1.1179086149502898E+017 ,   1.2251013000327942     
   1.1203764043872659E+017 ,   1.2242886237182280     
   1.1228441938242424E+017 ,   1.2234802930540714     
   1.1253119832612189E+017 ,   1.2226762771815385     
   1.1277797726981954E+017 ,   1.2218765455166625     
   1.1302475621351715E+017 ,   1.2210810677473245     
   1.1327153515721480E+017 ,   1.2202898138303198     
   1.1351831410091242E+017 ,   1.2195027539884622     
   1.1376509304461006E+017 ,   1.2187198587077259     
   1.1401187198830770E+017 ,   1.2179410987344235     
   1.1425865093200534E+017 ,   1.2171664450724187     
   1.1450542987570298E+017 ,   1.2163958689803762     
   1.1475220881940062E+017 ,   1.2156293419690480     
   1.1499898776309824E+017 ,   1.2148668357985881     
   1.1524576670679586E+017 ,   1.2141083224759088     
   1.1549254565049350E+017 ,   1.2133537742520648     
   1.1573932459419114E+017 ,   1.2126031636196717     
   1.1598610353788878E+017 ,   1.2118564633103590     
   1.1623288248158643E+017 ,   1.2111136462922527     
   1.1647966142528406E+017 ,   1.2103746857674884     
   1.1672644036898168E+017 ,   1.2096395551697581     
   1.1697321931267933E+017 ,   1.2089082281618890     
   1.1721999825637696E+017 ,   1.2081806786334457     
   1.1746677720007461E+017 ,   1.2074568806983677     
   1.1771355614377224E+017 ,   1.2067368086926367     
   1.1796033508746986E+017 ,   1.2060204371719694     
   1.1820711403116750E+017 ,   1.2053077409095385     
   1.1845389297486514E+017 ,   1.2045986948937255     
   1.1870067191856278E+017 ,   1.2038932743258981     
   1.1894745086226042E+017 ,   1.2031914546182156     
   1.1919422980595805E+017 ,   1.2024932113914613     
   1.1944100874965568E+017 ,   1.2017985204729009     
   1.1968778769335333E+017 ,   1.2011073578941667     
   1.1993456663705096E+017 ,   1.2004196998891679     
   1.2018134558074861E+017 ,   1.1997355228920290     
   1.2042812452444622E+017 ,   1.1990548035350468     
   1.2067490346814386E+017 ,   1.1983775186466767     
   1.2092168241184149E+017 ,   1.1977036452495435     
   1.2116846135553914E+017 ,   1.1970331605584748     
   1.2141524029923678E+017 ,   1.1963660419785553     
   1.2166201924293440E+017 ,   1.1957022671032107     
   1.2190879818663205E+017 ,   1.1950418137123096     
   1.2215557713032968E+017 ,   1.1943846597702878     
   1.2240235607402731E+017 ,   1.1937307834242985     
   1.2264913501772493E+017 ,   1.1930801630023813     
   1.2289591396142259E+017 ,   1.1924327770116545     
   1.2314269290512022E+017 ,   1.1917886041365291     
   1.2338947184881787E+017 ,   1.1911476232369407     
   1.2363625079251550E+017 ,   1.1905098133466072     
   1.2388302973621310E+017 ,   1.1898751536713030     
   1.2412980867991075E+017 ,   1.1892436235871553     
   1.2437658762360838E+017 ,   1.1886152026389587     
   1.2462336656730603E+017 ,   1.1879898705385137     
   1.2487014551100368E+017 ,   1.1873676071629775     
   1.2511692445470133E+017 ,   1.1867483925532423     
   1.2536370339839893E+017 ,   1.1861322069123241     
   1.2561048234209658E+017 ,   1.1855190306037775     
   1.2585726128579421E+017 ,   1.1849088441501248     
   1.2610404022949186E+017 ,   1.1843016282313024     
   1.2635081917318949E+017 ,   1.1836973636831292     
   1.2659759811688712E+017 ,   1.1830960314957903     
   1.2684437706058475E+017 ,   1.1824976128123339     
   1.2709115600428238E+017 ,   1.1819020889271958     
   1.2733793494798003E+017 ,   1.1813094412847289     
   1.2758471389167766E+017 ,   1.1807196514777603     
   1.2783149283537530E+017 ,   1.1801327012461551     
   1.2807827177907293E+017 ,   1.1795485724754027     
   1.2832505072277058E+017 ,   1.1789672471952208     
   1.2857182966646821E+017 ,   1.1783887075781663     
   1.2881860861016586E+017 ,   1.1778129359382721     
   1.2906538755386347E+017 ,   1.1772399147296935     
   1.2931216649756110E+017 ,   1.1766696265453702     
   1.2955894544125875E+017 ,   1.1761020541157043     
   1.2980572438495638E+017 ,   1.1755371803072570     
   1.3005250332865403E+017 ,   1.1749749881214508     
   1.3029928227235165E+017 ,   1.1744154606932935     
   1.3054606121604930E+017 ,   1.1738585812901161     
   1.3079284015974693E+017 ,   1.1733043333103215     
   1.3103961910344458E+017 ,   1.1727527002821483     
   1.3128639804714218E+017 ,   1.1722036658624506     
   1.3153317699083982E+017 ,   1.1716572138354879     
   1.3177995593453747E+017 ,   1.1711133281117301     
   1.3202673487823514E+017 ,   1.1705719927266767     
   1.3227351382193274E+017 ,   1.1700331918396878     
   1.3252029276563037E+017 ,   1.1694969097328249     
   1.3276707170932800E+017 ,   1.1689631308097137     
   1.3301385065302563E+017 ,   1.1684318395944071     
   1.3326062959672328E+017 ,   1.1679030207302719     
   1.3350740854042091E+017 ,   1.1673766589788781     
   1.3375418748411858E+017 ,   1.1668527392189081     
   1.3400096642781621E+017 ,   1.1663312464450730     
   1.3424774537151384E+017 ,   1.1658121657670433     
   1.3449452431521144E+017 ,   1.1652954824083883     
   1.3474130325890910E+017 ,   1.1647811817055300     
   1.3498808220260674E+017 ,   1.1642692491067073     
   1.3523486114630438E+017 ,   1.1637596701709503     
   1.3548164009000202E+017 ,   1.1632524305670680     
   1.3572841903369962E+017 ,   1.1627475160726422     
   1.3597519797739728E+017 ,   1.1622449125730381     
   1.3622197692109491E+017 ,   1.1617446060604248     
   1.3646875586479254E+017 ,   1.1612465826327985     
   1.3671553480849018E+017 ,   1.1607508284930261     
   1.3696231375218784E+017 ,   1.1602573299478944     
   1.3720909269588546E+017 ,   1.1597660734071691     
   1.3745587163958309E+017 ,   1.1592770453826640     
   1.3770265058328072E+017 ,   1.1587902324873216     
   1.3794942952697835E+017 ,   1.1583056214343033     
   1.3819620847067602E+017 ,   1.1578231990360850     
   1.3844298741437362E+017 ,   1.1573429522035703     
   1.3868976635807126E+017 ,   1.1568648679452038     
   1.3893654530176890E+017 ,   1.1563889333661026     
   1.3918332424546656E+017 ,   1.1559151356671884     
   1.3943010318916416E+017 ,   1.1554434621443350     
   1.3967688213286182E+017 ,   1.1549739001875248     
   1.3992366107655946E+017 ,   1.1545064372800078     
   1.4017044002025709E+017 ,   1.1540410609974756     
   1.4041721896395474E+017 ,   1.1535777590072422     
   1.4066399790765237E+017 ,   1.1531165190674324     
   1.4091077685135000E+017 ,   1.1526573290261801     
   1.4115755579504763E+017 ,   1.1522001768208323     
   1.4140433473874526E+017 ,   1.1517450504771651     
   1.4165111368244290E+017 ,   1.1512919381086058     
   1.4189789262614053E+017 ,   1.1508408279154607     
   1.4214467156983818E+017 ,   1.1503917081841548     
   1.4239145051353581E+017 ,   1.1499445672864794     
   1.4263822945723344E+017 ,   1.1494993936788420     
   1.4288500840093110E+017 ,   1.1490561759015308     
   1.4313178734462870E+017 ,   1.1486149025779815     
   1.4337856628832634E+017 ,   1.1481755624140559     
   1.4362534523202397E+017 ,   1.1477381441973225     
   1.4387212417572162E+017 ,   1.1473026367963495     
   1.4411890311941926E+017 ,   1.1468690291600032     
   1.4436568206311686E+017 ,   1.1464373103167533     
   1.4461246100681453E+017 ,   1.1460074693739832     
   1.4485923995051216E+017 ,   1.1455794955173122     
   1.4510601889420982E+017 ,   1.1451533780099195     
   1.4535279783790746E+017 ,   1.1447291061918783     
   1.4559957678160509E+017 ,   1.1443066694794959     
   1.4584635572530272E+017 ,   1.1438860573646585     
   1.4609313466900035E+017 ,   1.1434672594141848     
   1.4633991361269798E+017 ,   1.1430502652691865     
   1.4658669255639562E+017 ,   1.1426350646444332     
   1.4683347150009325E+017 ,   1.1422216473277245     
   1.4708025044379088E+017 ,   1.1418100031792666     
   1.4732702938748851E+017 ,   1.1414001221310610     
   1.4757380833118614E+017 ,   1.1409919941862934     
   1.4782058727488378E+017 ,   1.1405856094187266     
   1.4806736621858141E+017 ,   1.1401809579721101     
   1.4831414516227907E+017 ,   1.1397780300595841     
   1.4856092410597670E+017 ,   1.1393768159630950     
   1.4880770304967437E+017 ,   1.1389773060328165     
   1.4905448199337197E+017 ,   1.1385794906865734     
   1.4930126093706963E+017 ,   1.1381833604092768     
   1.4954803988076723E+017 ,   1.1377889057523589     
   1.4979481882446486E+017 ,   1.1373961173332152     
   1.5004159776816253E+017 ,   1.1370049858346547     
   1.5028837671186016E+017 ,   1.1366155020043518     
   1.5053515565555776E+017 ,   1.1362276566543064     
   1.5078193459925539E+017 ,   1.1358414406603086     
   1.5102871354295306E+017 ,   1.1354568449614042     
   1.5127549248665069E+017 ,   1.1350738605593755     
   1.5152227143034832E+017 ,   1.1346924785182169     
   1.5176905037404598E+017 ,   1.1343126899636189     
   1.5201582931774362E+017 ,   1.1339344860824612     
   1.5226260826144125E+017 ,   1.1335578581223051     
   1.5250938720513888E+017 ,   1.1331827973908928     
   1.5275616614883651E+017 ,   1.1328092952556539     
   1.5300294509253414E+017 ,   1.1324373431432104     
   1.5324972403623178E+017 ,   1.1320669325388972     
   1.5349650297992941E+017 ,   1.1316980549862725     
   1.5374328192362704E+017 ,   1.1313307020866483     
   1.5399006086732467E+017 ,   1.1309648654986122     
   1.5423683981102234E+017 ,   1.1306005369375633     
   1.5448361875471994E+017 ,   1.1302377081752484     
   1.5473039769841757E+017 ,   1.1298763710393014     
   1.5497717664211520E+017 ,   1.1295165174127897     
   1.5522395558581286E+017 ,   1.1291581392337648     
   1.5547073452951053E+017 ,   1.1288012284948148     
   1.5571751347320813E+017 ,   1.1284457772426235     
   1.5596429241690579E+017 ,   1.1280917775775323     
   1.5621107136060342E+017 ,   1.1277392216531075     
   1.5645785030430106E+017 ,   1.1273881016757112     
   1.5670462924799866E+017 ,   1.1270384099040724     
   1.5695140819169632E+017 ,   1.1266901386488726     
   1.5719818713539392E+017 ,   1.1263432802723217     
   1.5744496607909158E+017 ,   1.1259978271877487     
   1.5769174502278922E+017 ,   1.1256537718591888     
   1.5793852396648685E+017 ,   1.1253111068009818     
   1.5818530291018448E+017 ,   1.1249698245773667     
   1.5843208185388211E+017 ,   1.1246299178020844     
   1.5867886079757978E+017 ,   1.1242913791379840     
   1.5892563974127738E+017 ,   1.1239542012966308     
   1.5917241868497507E+017 ,   1.1236183770379207     
   1.5941919762867267E+017 ,   1.1232838991696954     
   1.5966597657237030E+017 ,   1.1229507605473612     
   1.5991275551606794E+017 ,   1.1226189540735156     
   1.6015953445976557E+017 ,   1.1222884726975710     
   1.6040631340346320E+017 ,   1.1219593094153877     
   1.6065309234716086E+017 ,   1.1216314572689048     
   1.6089987129085850E+017 ,   1.1213049093457810     
   1.6114665023455613E+017 ,   1.1209796587790317     
   1.6139342917825376E+017 ,   1.1206556987466743     
   1.6164020812195136E+017 ,   1.1203330224713759     
   1.6188698706564899E+017 ,   1.1200116232201005     
   1.6213376600934666E+017 ,   1.1196914943037684     
   1.6238054495304429E+017 ,   1.1193726290769057     
   1.6262732389674195E+017 ,   1.1190550209373087     
   1.6287410284043958E+017 ,   1.1187386633257055     
   1.6312088178413722E+017 ,   1.1184235497254222     
   1.6336766072783485E+017 ,   1.1181096736620513     
   1.6361443967153248E+017 ,   1.1177970287031236     
   1.6386121861523014E+017 ,   1.1174856084577827     
   1.6410799755892771E+017 ,   1.1171754065764659     
   1.6435477650262538E+017 ,   1.1168664167505797     
   1.6460155544632301E+017 ,   1.1165586327121881     
   1.6484833439002064E+017 ,   1.1162520482336957     
   1.6509511333371827E+017 ,   1.1159466571275418     
   1.6534189227741590E+017 ,   1.1156424532458846     
   1.6558867122111357E+017 ,   1.1153394304803046     
   1.6583545016481123E+017 ,   1.1150375827614953     
   1.6608222910850883E+017 ,   1.1147369040589683     
   1.6632900805220650E+017 ,   1.1144373883807548     
   1.6657578699590410E+017 ,   1.1141390297731082     
   1.6682256593960173E+017 ,   1.1138418223202173     
   1.6706934488329936E+017 ,   1.1135457601439145     
   1.6731612382699702E+017 ,   1.1132508374033869     
   1.6756290277069466E+017 ,   1.1129570482948985     
   1.6780968171439226E+017 ,   1.1126643870515021     
   1.6805646065808992E+017 ,   1.1123728479427639     
   1.6830323960178755E+017 ,   1.1120824252744865     
   1.6855001854548522E+017 ,   1.1117931133884329     
   1.6879679748918282E+017 ,   1.1115049066620581     
   1.6904357643288045E+017 ,   1.1112177995082362     
   1.6929035537657811E+017 ,   1.1109317863749957     
   1.6953713432027571E+017 ,   1.1106468617452538     
   1.6978391326397338E+017 ,   1.1103630201365546     
   1.7003069220767101E+017 ,   1.1100802561008090     
   1.7027747115136867E+017 ,   1.1097985642240373     
   1.7052425009506627E+017 ,   1.1095179391261132     
   1.7077102903876390E+017 ,   1.1092383754605100     
   1.7101780798246157E+017 ,   1.1089598679140500     
   1.7126458692615920E+017 ,   1.1086824112066576     
   1.7151136586985680E+017 ,   1.1084060000911096     
   1.7175814481355443E+017 ,   1.1081306293527913     
   1.7200492375725206E+017 ,   1.1078562938094558     
   1.7225170270094973E+017 ,   1.1075829883109825     
   1.7249848164464736E+017 ,   1.1073107077391369     
   1.7274526058834502E+017 ,   1.1070394470073390     
   1.7299203953204266E+017 ,   1.1067692010604246     
   1.7323881847574029E+017 ,   1.1064999648744160     
   1.7348559741943792E+017 ,   1.1062317334562906     
   1.7373237636313555E+017 ,   1.1059645018437514     
   1.7397915530683322E+017 ,   1.1056982651050056     
   1.7422593425053078E+017 ,   1.1054330183385339     
   1.7447271319422845E+017 ,   1.1051687566728732     
   1.7471949213792608E+017 ,   1.1049054752663929     
   1.7496627108162371E+017 ,   1.1046431693070788     
   1.7521305002532134E+017 ,   1.1043818340123155     
   1.7545982896901898E+017 ,   1.1041214646286694     
   1.7570660791271664E+017 ,   1.1038620564316799     
   1.7595338685641424E+017 ,   1.1036036047256439     
   1.7620016580011190E+017 ,   1.1033461048434097     
   1.7644694474380954E+017 ,   1.1030895521461672     
   1.7669372368750717E+017 ,   1.1028339420232429     
   1.7694050263120480E+017 ,   1.1025792698918955     
   1.7718728157490243E+017 ,   1.1023255311971141     
   1.7743406051860010E+017 ,   1.1020727214114163     
   1.7768083946229773E+017 ,   1.1018208360346495     
   1.7792761840599533E+017 ,   1.1015698705937951     
   1.7817439734969299E+017 ,   1.1013198206427703     
   1.7842117629339062E+017 ,   1.1010706817622362     
   1.7866795523708826E+017 ,   1.1008224495594037     
   1.7891473418078586E+017 ,   1.1005751196678446     
   1.7916151312448352E+017 ,   1.1003286877472997     
   1.7940829206818115E+017 ,   1.1000831494834926     
   1.7965507101187878E+017 ,   1.0998385005879461     
   1.7990184995557645E+017 ,   1.0995947367977930     
   1.8014862889927408E+017 ,   1.0993518538755958     
   1.8039540784297174E+017 ,   1.0991098476091659     
   1.8064218678666934E+017 ,   1.0988687138113817     
   1.8088896573036698E+017 ,   1.0986284483200108     
   1.8113574467406464E+017 ,   1.0983890469975337     
   1.8138252361776221E+017 ,   1.0981505057309680     
   1.8162930256145987E+017 ,   1.0979128204316939     
   1.8187608150515750E+017 ,   1.0976759870352810     
   1.8212286044885517E+017 ,   1.0974400015013195     
   1.8236963939255277E+017 ,   1.0972048598132476     
   1.8261641833625040E+017 ,   1.0969705579781850     
   1.8286319727994806E+017 ,   1.0967370920267643     
   1.8310997622364570E+017 ,   1.0965044580129677     
   1.8335675516734336E+017 ,   1.0962726520139596     
   1.8360353411104099E+017 ,   1.0960416701299265     
   1.8385031305473859E+017 ,   1.0958115084839140     
   1.8409709199843622E+017 ,   1.0955821632216656     
   1.8434387094213386E+017 ,   1.0953536305114668     
   1.8459064988583152E+017 ,   1.0951259065439836     
   1.8483742882952915E+017 ,   1.0948989875321087     
   1.8508420777322678E+017 ,   1.0946728697108064     
   1.8533098671692442E+017 ,   1.0944475493369563     
   1.8557776566062205E+017 ,   1.0942230226892042     
   1.8582454460431971E+017 ,   1.0939992860678065     
   1.8607132354801728E+017 ,   1.0937763357944843     
   1.8631810249171498E+017 ,   1.0935541682122720     
   1.8656488143541261E+017 ,   1.0933327796853702     
   1.8681166037911021E+017 ,   1.0931121665989978     
   1.8705843932280787E+017 ,   1.0928923253592504     
   1.8730521826650550E+017 ,   1.0926732523929501     
   1.8755199721020317E+017 ,   1.0924549441475100     
   1.8779877615390077E+017 ,   1.0922373970907850     
   1.8804555509759843E+017 ,   1.0920206077109349     
   1.8829233404129606E+017 ,   1.0918045725162853     
   1.8853911298499370E+017 ,   1.0915892880351872     
   1.8878589192869130E+017 ,   1.0913747508158802     
   1.8903267087238893E+017 ,   1.0911609574263570     
   1.8927944981608659E+017 ,   1.0909479044542256     
   1.8952622875978422E+017 ,   1.0907355885065799     
   1.8977300770348182E+017 ,   1.0905240062098618     
   1.9001978664717949E+017 ,   1.0903131542097317     
   1.9026656559087715E+017 ,   1.0901030291709375     
   1.9051334453457478E+017 ,   1.0898936277771829     
   1.9076012347827242E+017 ,   1.0896849467310010     
   1.9100690242197008E+017 ,   1.0894769827536253     
   1.9125368136566771E+017 ,   1.0892697325848606     
   1.9150046030936528E+017 ,   1.0890631929829635     
   1.9174723925306294E+017 ,   1.0888573607245080     
   1.9199401819676058E+017 ,   1.0886522326042709     
   1.9224079714045824E+017 ,   1.0884478054351034     
   1.9248757608415584E+017 ,   1.0882440760478107     
   1.9273435502785347E+017 ,   1.0880410412910302     
   1.9298113397155114E+017 ,   1.0878386980311139     
   1.9322791291524874E+017 ,   1.0876370431520059     
   1.9347469185894640E+017 ,   1.0874360735551269     
   1.9372147080264403E+017 ,   1.0872357861592556     
   1.9396824974634173E+017 ,   1.0870361779004123     
   1.9421502869003930E+017 ,   1.0868372457317446     
   1.9446180763373693E+017 ,   1.0866389866234123     
   1.9470858657743459E+017 ,   1.0864413975624723     
   1.9495536552113222E+017 ,   1.0862444755527685     
   1.9520214446482986E+017 ,   1.0860482176148183     
   1.9544892340852749E+017 ,   1.0858526207857013     
   1.9569570235222512E+017 ,   1.0856576821189501     
   1.9594248129592275E+017 ,   1.0854633986844417     
   1.9618926023962035E+017 ,   1.0852697675682850     
   1.9643603918331802E+017 ,   1.0850767858727191     
   1.9668281812701565E+017 ,   1.0848844507160027     
   1.9692959707071328E+017 ,   1.0846927592323088     
   1.9717637601441094E+017 ,   1.0845017085716195     
   1.9742315495810858E+017 ,   1.0843112958996217     
   1.9766993390180624E+017 ,   1.0841215183976056     
   1.9791671284550384E+017 ,   1.0839323732623574     
   1.9816349178920150E+017 ,   1.0837438577060623     
   1.9841027073289914E+017 ,   1.0835559689561993     
   1.9865704967659670E+017 ,   1.0833687042554450     
   1.9890382862029437E+017 ,   1.0831820608615694     
   1.9915060756399200E+017 ,   1.0829960360473394     
   1.9939738650768966E+017 ,   1.0828106271004219     
   1.9964416545138726E+017 ,   1.0826258313232828     
   1.9989094439508493E+017 ,   1.0824416460330948     
   2.0013772333878256E+017 ,   1.0822580685616381     
   2.0038450228248019E+017 ,   1.0820750962552059     
   2.0063128122617786E+017 ,   1.0818927264745117     
   2.0087806016987549E+017 ,   1.0817109565945930     
   2.0112483911357315E+017 ,   1.0815297840047207     
   2.0137161805727072E+017 ,   1.0813492061083052     
   2.0161839700096835E+017 ,   1.0811692203228038     
   2.0186517594466602E+017 ,   1.0809898240796341     
   2.0211195488836365E+017 ,   1.0808110148240779     
   2.0235873383206128E+017 ,   1.0806327900151969     
   2.0260551277575891E+017 ,   1.0804551471257400     
   2.0285229171945658E+017 ,   1.0802780836420565     
   2.0309907066315421E+017 ,   1.0801015970640089     
   2.0334584960685178E+017 ,   1.0799256849048859     
   2.0359262855054947E+017 ,   1.0797503446913166     
   2.0383940749424707E+017 ,   1.0795755739631814     
   2.0408618643794474E+017 ,   1.0794013702735328     
   2.0433296538164237E+017 ,   1.0792277311885050     
   2.0457974432534000E+017 ,   1.0790546542872381     
   2.0482652326903766E+017 ,   1.0788821371617838     
   2.0507330221273526E+017 ,   1.0787101774170345     
   2.0532008115643293E+017 ,   1.0785387726706324     
   2.0556686010013056E+017 ,   1.0783679205528949     
   2.0581363904382822E+017 ,   1.0781976187067295     
   2.0606041798752579E+017 ,   1.0780278647875556     
   2.0630719693122342E+017 ,   1.0778586564632249     
   2.0655397587492109E+017 ,   1.0776899914139420     
   2.0680075481861869E+017 ,   1.0775218673321862     
   2.0704753376231635E+017 ,   1.0773542819226367     
   2.0729431270601398E+017 ,   1.0771872329020882     
   2.0754109164971165E+017 ,   1.0770207179993831     
   2.0778787059340928E+017 ,   1.0768547349553290     
   2.0803464953710691E+017 ,   1.0766892815226268     
   2.0828142848080458E+017 ,   1.0765243554657926     
   2.0852820742450221E+017 ,   1.0763599545610882     
   2.0877498636819981E+017 ,   1.0761960765964422     
   2.0902176531189744E+017 ,   1.0760327193713803     
   2.0926854425559507E+017 ,   1.0758698806969500     
   2.0951532319929274E+017 ,   1.0757075583956499     
   2.0976210214299034E+017 ,   1.0755457503013592     
   2.1000888108668800E+017 ,   1.0753844542592628     
   2.1025566003038563E+017 ,   1.0752236681257841     
   2.1050243897408323E+017 ,   1.0750633897685145     
   2.1074921791778090E+017 ,   1.0749036170661417     
   2.1099599686147853E+017 ,   1.0747443479083816     
   2.1124277580517619E+017 ,   1.0745855801959119     
   2.1148955474887379E+017 ,   1.0744273118403000     
   2.1173633369257146E+017 ,   1.0742695407639395     
   2.1198311263626909E+017 ,   1.0741122648999792     
   2.1222989157996672E+017 ,   1.0739554821922590     
   2.1247667052366435E+017 ,   1.0737991905952426     
   2.1272344946736198E+017 ,   1.0736433880739538     
   2.1297022841105965E+017 ,   1.0734880726039078     
   2.1321700735475722E+017 ,   1.0733332421710498     
   2.1346378629845485E+017 ,   1.0731788947716878     
   2.1371056524215251E+017 ,   1.0730250284124321     
   2.1395734418585014E+017 ,   1.0728716411101287     
   2.1420412312954778E+017 ,   1.0727187308917983     
   2.1445090207324544E+017 ,   1.0725662957945732     
   2.1469768101694310E+017 ,   1.0724143338656353     
   2.1494445996064074E+017 ,   1.0722628431621557     
   2.1519123890433834E+017 ,   1.0721118217512311     
   2.1543801784803600E+017 ,   1.0719612677098256     
   2.1568479679173363E+017 ,   1.0718111791247080     
   2.1593157573543123E+017 ,   1.0716615540923951     
   2.1617835467912886E+017 ,   1.0715123907190900     
   2.1642513362282650E+017 ,   1.0713636871206220     
   2.1667191256652416E+017 ,   1.0712154414223920     
   2.1691869151022176E+017 ,   1.0710676517593105     
   2.1716547045391942E+017 ,   1.0709203162757419     
   2.1741224939761706E+017 ,   1.0707734331254468     
   2.1765902834131472E+017 ,   1.0706270004715241     
   2.1790580728501232E+017 ,   1.0704810164863565     
   2.1815258622870998E+017 ,   1.0703354793515518     
   2.1839936517240765E+017 ,   1.0701903872578893     
   2.1864614411610522E+017 ,   1.0700457384052628     
   2.1889292305980288E+017 ,   1.0699015310026290     
   2.1913970200350051E+017 ,   1.0697577632679460     
   2.1938648094719814E+017 ,   1.0696144334281279     
   2.1963325989089578E+017 ,   1.0694715397189838     
   2.1988003883459341E+017 ,   1.0693290803851687     
   2.2012681777829107E+017 ,   1.0691870536801278     
   2.2037359672198870E+017 ,   1.0690454578660458     
   2.2062037566568634E+017 ,   1.0689042912137932     
   2.2086715460938394E+017 ,   1.0687635520028749     
   2.2111393355308157E+017 ,   1.0686232385213796     
   2.2136071249677923E+017 ,   1.0684833490659258     
   2.2160749144047686E+017 ,   1.0683438819416133     
   2.2185427038417453E+017 ,   1.0682048354619729     
   2.2210104932787216E+017 ,   1.0680662079489145     
   2.2234782827156976E+017 ,   1.0679279977326770     
   2.2259460721526742E+017 ,   1.0677902031517823     
   2.2284138615896506E+017 ,   1.0676528225529829     
   2.2308816510266272E+017 ,   1.0675158542912127     
   2.2333494404636029E+017 ,   1.0673792967295415     
   2.2358172299005795E+017 ,   1.0672431482391243     
   2.2382850193375558E+017 ,   1.0671074071991544     
   2.2407528087745318E+017 ,   1.0669720719968163     
   2.2432205982115085E+017 ,   1.0668371410272381     
   2.2456883876484848E+017 ,   1.0667026126934440     
   2.2481561770854614E+017 ,   1.0665684854063102     
   2.2506239665224378E+017 ,   1.0664347575845150     
   2.2530917559594141E+017 ,   1.0663014276544964     
   2.2555595453963907E+017 ,   1.0661684940504044     
   2.2580273348333667E+017 ,   1.0660359552140575     
   2.2604951242703430E+017 ,   1.0659038095948952     
   2.2629629137073194E+017 ,   1.0657720556499366     
   2.2654307031442960E+017 ,   1.0656406918437342     
   2.2678984925812723E+017 ,   1.0655097166483285     
   2.2703662820182483E+017 ,   1.0653791285432077     
   2.2728340714552250E+017 ,   1.0652489260152613     
   2.2753018608922013E+017 ,   1.0651191075587394     
   2.2777696503291776E+017 ,   1.0649896716752068     
   2.2802374397661539E+017 ,   1.0648606168735049     
   2.2827052292031302E+017 ,   1.0647319416697030     
   2.2851730186401069E+017 ,   1.0646036445870637     
   2.2876408080770829E+017 ,   1.0644757241559963     
   2.2901085975140595E+017 ,   1.0643481789140168     
   2.2925763869510358E+017 ,   1.0642210074057061     
   2.2950441763880125E+017 ,   1.0640942081826708     
   2.2975119658249885E+017 ,   1.0639677798035008     
   2.2999797552619648E+017 ,   1.0638417208337303     
   2.3024475446989414E+017 ,   1.0637160298457966     
   2.3049153341359171E+017 ,   1.0635907054190026     
   2.3073831235728938E+017 ,   1.0634657461394736     
   2.3098509130098701E+017 ,   1.0633411506001207     
   2.3123187024468464E+017 ,   1.0632169174006028     
   2.3147864918838227E+017 ,   1.0630930451472846     
   2.3172542813207994E+017 ,   1.0629695324532007     
   2.3197220707577757E+017 ,   1.0628463779380168     
   2.3221898601947523E+017 ,   1.0627235802279915     
   2.3246576496317286E+017 ,   1.0626011379559384     
   2.3271254390687050E+017 ,   1.0624790497611891     
   2.3295932285056813E+017 ,   1.0623573142895564     
   2.3320610179426573E+017 ,   1.0622359301932958     
   2.3345288073796336E+017 ,   1.0621148961310714     
   2.3369965968166102E+017 ,   1.0619942107679163     
   2.3394643862535866E+017 ,   1.0618738727751993     
   2.3419321756905626E+017 ,   1.0617538808305871     
   2.3443999651275392E+017 ,   1.0616342336180089     
   2.3468677545645155E+017 ,   1.0615149298276212     
   2.3493355440014922E+017 ,   1.0613959681557725     
   2.3518033334384682E+017 ,   1.0612773473049686     
   2.3542711228754448E+017 ,   1.0611590659838370     
   2.3567389123124214E+017 ,   1.0610411229070924     
   2.3592067017493971E+017 ,   1.0609235167955045     
   2.3616744911863738E+017 ,   1.0608062463758590     
   2.3641422806233501E+017 ,   1.0606893103809298     
   2.3666100700603267E+017 ,   1.0605727075494402     
   2.3690778594973027E+017 ,   1.0604564366260336     
   2.3715456489342790E+017 ,   1.0603404963612362     
   2.3740134383712557E+017 ,   1.0602248855114269     
   2.3764812278082320E+017 ,   1.0601096028388044     
   2.3789490172452083E+017 ,   1.0599946471113524     
   2.3814168066821843E+017 ,   1.0598800171028095     
   2.3838845961191610E+017 ,   1.0597657115926360     
   2.3863523855561373E+017 ,   1.0596517293659828     
   2.3888201749931136E+017 ,   1.0595380692136587     
   2.3912879644300902E+017 ,   1.0594247299320976     
   2.3937557538670666E+017 ,   1.0593117103233314     
   2.3962235433040429E+017 ,   1.0591990091949546     
   2.3986913327410192E+017 ,   1.0590866253600957     
   2.4011591221779955E+017 ,   1.0589745576373844     
   2.4036269116149722E+017 ,   1.0588628048509239     
   2.4060947010519478E+017 ,   1.0587513658302590     
   2.4085624904889245E+017 ,   1.0586402394103456     
   2.4110302799259008E+017 ,   1.0585294244315211     
   2.4134980693628771E+017 ,   1.0584189197394744     
   2.4159658587998534E+017 ,   1.0583087241852183     
   2.4184336482368298E+017 ,   1.0581988366250576     
   2.4209014376738064E+017 ,   1.0580892559205597     
   2.4233692271107827E+017 ,   1.0579799809385289     
   2.4258370165477594E+017 ,   1.0578710105509737     
   2.4283048059847357E+017 ,   1.0577623436350814     
   2.4307725954217117E+017 ,   1.0576539790731876     
   2.4332403848586880E+017 ,   1.0575459157527478     
   2.4357081742956643E+017 ,   1.0574381525663110     
   2.4381759637326410E+017 ,   1.0573306884114908     
   2.4406437531696173E+017 ,   1.0572235221909374     
   2.4431115426065936E+017 ,   1.0571166528123106     
   2.4455793320435699E+017 ,   1.0570100791882522     
   2.4480471214805462E+017 ,   1.0569038002363593     
   2.4505149109175226E+017 ,   1.0567978148791566     
   2.4529827003544986E+017 ,   1.0566921220440684     
   2.4554504897914755E+017 ,   1.0565867206633963     
   2.4579182792284518E+017 ,   1.0564816096742866     
   2.4603860686654278E+017 ,   1.0563767880187098     
   2.4628538581024045E+017 ,   1.0562722546434289     
   2.4653216475393808E+017 ,   1.0561680084999792     
   2.4677894369763574E+017 ,   1.0560640485446366     
   2.4702572264133334E+017 ,   1.0559603737383960     
   2.4727250158503101E+017 ,   1.0558569830469453     
   2.4751928052872864E+017 ,   1.0557538754406388     
   2.4776605947242621E+017 ,   1.0556510498944713     
   2.4801283841612387E+017 ,   1.0555485053880556     
   2.4825961735982150E+017 ,   1.0554462409055960     
   2.4850639630351917E+017 ,   1.0553442554358634     
   2.4875317524721677E+017 ,   1.0552425479721717     
   2.4899995419091440E+017 ,   1.0551411175123526     
   2.4924673313461206E+017 ,   1.0550399630587310     
   2.4949351207830973E+017 ,   1.0549390836181025     
   2.4974029102200736E+017 ,   1.0548384782017080     
   2.4998706996570499E+017 ,   1.0547381458252103     
   2.5023384890940266E+017 ,   1.0546380855086699     
   2.5048062785310022E+017 ,   1.0545382962765220     
   2.5072740679679786E+017 ,   1.0544387771575545     
   2.5097418574049552E+017 ,   1.0543395271848819     
   2.5122096468419315E+017 ,   1.0542405453959245     
   2.5146774362789078E+017 ,   1.0541418308323842     
   2.5171452257158842E+017 ,   1.0540433825402225     
   2.5196130151528605E+017 ,   1.0539451995696381     
   2.5220808045898371E+017 ,   1.0538472809750425     
   2.5245485940268131E+017 ,   1.0537496258150398     
   2.5270163834637898E+017 ,   1.0536522331524039     
   2.5294841729007661E+017 ,   1.0535551020540554     
   2.5319519623377424E+017 ,   1.0534582315910406     
   2.5344197517747187E+017 ,   1.0533616208385097     
   2.5368875412116950E+017 ,   1.0532652688756947     
   2.5393553306486717E+017 ,   1.0531691747858871     
   2.5418231200856477E+017 ,   1.0530733376564194     
   2.5442909095226243E+017 ,   1.0529777565786398     
   2.5467586989596006E+017 ,   1.0528824306478932     
   2.5492264883965770E+017 ,   1.0527873589635013     
   2.5516942778335533E+017 ,   1.0526925406287393     
   2.5541620672705293E+017 ,   1.0525979747508158     
   2.5566298567075059E+017 ,   1.0525036604408537     
   2.5590976461444819E+017 ,   1.0524095968138678     
   2.5615654355814586E+017 ,   1.0523157829887451     
   2.5640332250184352E+017 ,   1.0522222180882244     
   2.5665010144554115E+017 ,   1.0521289012388773     
   2.5689688038923878E+017 ,   1.0520358315710845     
   2.5714365933293642E+017 ,   1.0519430082190226     
   2.5739043827663408E+017 ,   1.0518504303206369     
   2.5763721722033171E+017 ,   1.0517580970176257     
   2.5788399616402928E+017 ,   1.0516660074554218     
   2.5813077510772694E+017 ,   1.0515741607831703     
   2.5837755405142458E+017 ,   1.0514825561537093     
   2.5862433299512221E+017 ,   1.0513911927235540     
   2.5887111193881984E+017 ,   1.0513000696528740     
   2.5911789088251750E+017 ,   1.0512091861054758     
   2.5936466982621514E+017 ,   1.0511185412487847     
   2.5961144876991277E+017 ,   1.0510281342538255     
   2.5985822771361040E+017 ,   1.0509379642952013     
   2.6010500665730806E+017 ,   1.0508480305510812     
   2.6035178560100573E+017 ,   1.0507583322031750     
   2.6059856454470330E+017 ,   1.0506688684367200     
   2.6084534348840093E+017 ,   1.0505796384404589     
   2.6109212243209859E+017 ,   1.0504906414066242     
   2.6133890137579619E+017 ,   1.0504018765309218     
   2.6158568031949386E+017 ,   1.0503133430125082     
   2.6183245926319149E+017 ,   1.0502250400539772     
   2.6207923820688915E+017 ,   1.0501369668613407     
   2.6232601715058675E+017 ,   1.0500491226440096     
   2.6257279609428435E+017 ,   1.0499615066147807     
   2.6281957503798205E+017 ,   1.0498741179898130     
   2.6306635398167965E+017 ,   1.0497869559886175     
   2.6331313292537731E+017 ,   1.0497000198340349     
   2.6355991186907494E+017 ,   1.0496133087522199     
   2.6380669081277258E+017 ,   1.0495268219726261     
   2.6405346975647027E+017 ,   1.0494405587279869     
   2.6430024870016784E+017 ,   1.0493545182543000     
   2.6454702764386547E+017 ,   1.0492686997908105     
   2.6479380658756310E+017 ,   1.0491831025799936     
   2.6504058553126074E+017 ,   1.0490977258675405     
   2.6528736447495837E+017 ,   1.0490125689023400     
   2.6553414341865600E+017 ,   1.0489276309364612     
   2.6578092236235370E+017 ,   1.0488429112251412     
   2.6602770130605126E+017 ,   1.0487584090267654     
   2.6627448024974896E+017 ,   1.0486741236028536     
   2.6652125919344656E+017 ,   1.0485900542180442     
   2.6676803813714422E+017 ,   1.0485062001400758     
   2.6701481708084182E+017 ,   1.0484225606397755     
   2.6726159602453946E+017 ,   1.0483391349910405     
   2.6750837496823715E+017 ,   1.0482559224708243     
   2.6775515391193472E+017 ,   1.0481729223591192     
   2.6800193285563242E+017 ,   1.0480901339389437     
   2.6824871179933005E+017 ,   1.0480075564963247     
   2.6849549074302768E+017 ,   1.0479251893202848     
   2.6874226968672531E+017 ,   1.0478430317028244     
   2.6898904863042288E+017 ,   1.0477610829389108     
   2.6923582757412058E+017 ,   1.0476793423264592     
   2.6948260651781821E+017 ,   1.0475978091663194     
   2.6972938546151578E+017 ,   1.0475164827622641     
   2.6997616440521347E+017 ,   1.0474353624209682     
   2.7022294334891110E+017 ,   1.0473544474520002     
   2.7046972229260877E+017 ,   1.0472737371678043     
   2.7071650123630640E+017 ,   1.0471932308836875     
   2.7096328018000403E+017 ,   1.0471129279178037     
   2.7121005912370166E+017 ,   1.0470328275911427     
   2.7145683806739923E+017 ,   1.0469529292275133     
   2.7170361701109693E+017 ,   1.0468732321535297     
   2.7195039595479456E+017 ,   1.0467937356985975     
   2.7219717489849219E+017 ,   1.0467144391949033     
   2.7244395384218982E+017 ,   1.0466353419773933     
   2.7269073278588746E+017 ,   1.0465564433837686     
   2.7293751172958509E+017 ,   1.0464777427544656     
   2.7318429067328272E+017 ,   1.0463992394326438     
   2.7343106961698035E+017 ,   1.0463209327641720     
   2.7367784856067802E+017 ,   1.0462428220976183     
   2.7392462750437568E+017 ,   1.0461649067842318     
   2.7417140644807328E+017 ,   1.0460871861779322     
   2.7441818539177091E+017 ,   1.0460096596352968     
   2.7466496433546854E+017 ,   1.0459323265155462     
   2.7491174327916618E+017 ,   1.0458551861805314     
   2.7515852222286381E+017 ,   1.0457782379947229     
   2.7540530116656144E+017 ,   1.0457014813251948     
   2.7565208011025907E+017 ,   1.0456249155416146     
   2.7589885905395670E+017 ,   1.0455485400162290     
   2.7614563799765434E+017 ,   1.0454723541238506     
   2.7639241694135203E+017 ,   1.0453963572418488     
   2.7663919588504960E+017 ,   1.0453205487501331     
   2.7688597482874723E+017 ,   1.0452449280311427     
   2.7713275377244490E+017 ,   1.0451694944698351     
   2.7737953271614253E+017 ,   1.0450942474536715     
   2.7762631165984022E+017 ,   1.0450191863726070     
   2.7787309060353779E+017 ,   1.0449443106190761     
   2.7811986954723549E+017 ,   1.0448696195879827     
   2.7836664849093312E+017 ,   1.0447951126766861     
   2.7861342743463069E+017 ,   1.0447207892849921     
   2.7886020637832832E+017 ,   1.0446466488151367     
   2.7910698532202595E+017 ,   1.0445726906717794     
   2.7935376426572365E+017 ,   1.0444989142619869     
   2.7960054320942122E+017 ,   1.0444253189952242     
   2.7984732215311891E+017 ,   1.0443519042833427     
   2.8009410109681654E+017 ,   1.0442786695405675     
   2.8034088004051418E+017 ,   1.0442056141834866     
   2.8058765898421181E+017 ,   1.0441327376310401     
   2.8083443792790947E+017 ,   1.0440600393045079     
   2.8108121687160710E+017 ,   1.0439875186274992     
   2.8132799581530474E+017 ,   1.0439151750259397     
   2.8157477475900230E+017 ,   1.0438430079280632     
   2.8182155370270000E+017 ,   1.0437710167643985     
   2.8206833264639763E+017 ,   1.0436992009677581     
   2.8231511159009526E+017 ,   1.0436275599732294     
   2.8256189053379290E+017 ,   1.0435560932181607     
   2.8280866947749053E+017 ,   1.0434848001421526     
   2.8305544842118816E+017 ,   1.0434136801870484     
   2.8330222736488579E+017 ,   1.0433427327969176     
   2.8354900630858342E+017 ,   1.0432719574180549     
   2.8379578525228106E+017 ,   1.0432013534989588     
   2.8404256419597869E+017 ,   1.0431309204903283     
   2.8428934313967635E+017 ,   1.0430606578450523     
   2.8453612208337398E+017 ,   1.0429905650181932     
   2.8478290102707162E+017 ,   1.0429206414669832     
   2.8502967997076925E+017 ,   1.0428508866508110     
   2.8527645891446688E+017 ,   1.0427813000312123     
   2.8552323785816451E+017 ,   1.0427118810718574     
   2.8577001680186221E+017 ,   1.0426426292385449     
   2.8601679574555978E+017 ,   1.0425735439991883     
   2.8626357468925741E+017 ,   1.0425046248238083     
   2.8651035363295504E+017 ,   1.0424358711845205     
   2.8675713257665267E+017 ,   1.0423672825555275     
   2.8700391152035030E+017 ,   1.0422988584131081     
   2.8725069046404794E+017 ,   1.0422305982356082     
   2.8749746940774560E+017 ,   1.0421625015034299     
   2.8774424835144323E+017 ,   1.0420945676990223     
   2.8799102729514086E+017 ,   1.0420267963068728     
   2.8823780623883853E+017 ,   1.0419591868134956     
   2.8848458518253619E+017 ,   1.0418917387074247     
   2.8873136412623373E+017 ,   1.0418244514792010     
   2.8897814306993139E+017 ,   1.0417573246213676     
   2.8922492201362906E+017 ,   1.0416903576284537     
   2.8947170095732672E+017 ,   1.0416235499969728     
   2.8971847990102432E+017 ,   1.0415569012254084     
   2.8996525884472198E+017 ,   1.0414904108142060     
   2.9021203778841965E+017 ,   1.0414240782657644     
   2.9045881673211718E+017 ,   1.0413579030844256     
   2.9070559567581491E+017 ,   1.0412918847764678     
   2.9095237461951251E+017 ,   1.0412260228500931     
   2.9119915356321018E+017 ,   1.0411603168154226     
   2.9144593250690771E+017 ,   1.0410947661844829     
   2.9169271145060544E+017 ,   1.0410293704712015     
   2.9193949039430304E+017 ,   1.0409641291913938     
   2.9218626933800070E+017 ,   1.0408990418627586     
   2.9243304828169830E+017 ,   1.0408341080048669     
   2.9267982722539597E+017 ,   1.0407693271391525     
   2.9292660616909357E+017 ,   1.0407046987889050     
   2.9317338511279123E+017 ,   1.0406402224792606     
   2.9342016405648883E+017 ,   1.0405758977371944     
   2.9366694300018650E+017 ,   1.0405117240915094     
   2.9391372194388416E+017 ,   1.0404477010728310     
   2.9416050088758176E+017 ,   1.0403838282135960     
   2.9440727983127942E+017 ,   1.0403201050480477     
   2.9465405877497702E+017 ,   1.0402565311122225     
   2.9490083771867469E+017 ,   1.0401931059439469     
   2.9514761666237229E+017 ,   1.0401298290828260     
   2.9539439560606995E+017 ,   1.0400667000702351     
   2.9564117454976755E+017 ,   1.0400037184493138     
   2.9588795349346522E+017 ,   1.0399408837649569     
   2.9613473243716282E+017 ,   1.0398781955638057     
   2.9638151138086048E+017 ,   1.0398156533942391     
   2.9662829032455814E+017 ,   1.0397532568063699     
   2.9687506926825574E+017 ,   1.0396910053520312     
   2.9712184821195341E+017 ,   1.0396288985847719     
   2.9736862715565101E+017 ,   1.0395669360598492     
   2.9761540609934874E+017 ,   1.0395051173342185     
   2.9786218504304627E+017 ,   1.0394434419665275     
   2.9810896398674394E+017 ,   1.0393819095171071     
   2.9835574293044160E+017 ,   1.0393205195479656     
   2.9860252187413926E+017 ,   1.0392592716227791     
   2.9884930081783680E+017 ,   1.0391981653068858     
   2.9909607976153446E+017 ,   1.0391372001672754     
   2.9934285870523213E+017 ,   1.0390763757725847     
   2.9958963764892973E+017 ,   1.0390156916930906     
   2.9983641659262739E+017 ,   1.0389551475006971     
   3.0008319553632506E+017 ,   1.0388947427689350     
   3.0032997448002272E+017 ,   1.0388344770729507     
   3.0057675342372032E+017 ,   1.0387743499894986     
   3.0082353236741798E+017 ,   1.0387143610969354     
   3.0107031131111552E+017 ,   1.0386545099752122     
   3.0131709025481325E+017 ,   1.0385947962058668     
   3.0156386919851078E+017 ,   1.0385352193720183     
   3.0181064814220851E+017 ,   1.0384757790583568     
   3.0205742708590611E+017 ,   1.0384164748511391     
   3.0230420602960371E+017 ,   1.0383573063381804     
   3.0255098497330138E+017 ,   1.0382982731088486     
   3.0279776391699904E+017 ,   1.0382393747540548     
   3.0304454286069664E+017 ,   1.0381806108662492     
   3.0329132180439424E+017 ,   1.0381219810394120     
   3.0353810074809197E+017 ,   1.0380634848690471     
   3.0378487969178957E+017 ,   1.0380051219521764     
   3.0403165863548723E+017 ,   1.0379468918873316     
   3.0427843757918483E+017 ,   1.0378887942745472     
   3.0452521652288250E+017 ,   1.0378308287153564     
   3.0477199546658010E+017 ,   1.0377729948127807     
   3.0501877441027776E+017 ,   1.0377152921713264     
   3.0526555335397536E+017 ,   1.0376577203969752     
   3.0551233229767302E+017 ,   1.0376002790971806     
   3.0575911124137062E+017 ,   1.0375429678808576     
   3.0600589018506829E+017 ,   1.0374857863583811     
   3.0625266912876589E+017 ,   1.0374287341415740     
   3.0649944807246355E+017 ,   1.0373718108437047     
   3.0674622701616115E+017 ,   1.0373150160794806     
   3.0699300595985882E+017 ,   1.0372583494650374     
   3.0723978490355648E+017 ,   1.0372018106179381     
   3.0748656384725408E+017 ,   1.0371453991571637     
   3.0773334279095174E+017 ,   1.0370891147031074     
   3.0798012173464934E+017 ,   1.0370329568775691     
   3.0822690067834701E+017 ,   1.0369769253037477     
   3.0847367962204467E+017 ,   1.0369210196062366     
   3.0872045856574227E+017 ,   1.0368652394110172     
   3.0896723750943987E+017 ,   1.0368095843454501     
   3.0921401645313754E+017 ,   1.0367540540382736     
   3.0946079539683514E+017 ,   1.0366986481195932     
   3.0970757434053280E+017 ,   1.0366433662208803     
   3.0995435328423040E+017 ,   1.0365882079749604     
   3.1020113222792806E+017 ,   1.0365331730160123     
   3.1044791117162573E+017 ,   1.0364782609795589     
   3.1069469011532333E+017 ,   1.0364234715024627     
   3.1094146905902106E+017 ,   1.0363688042229207     
   3.1118824800271866E+017 ,   1.0363142587804561     
   3.1143502694641626E+017 ,   1.0362598348159142     
   3.1168180589011392E+017 ,   1.0362055319714576     
   3.1192858483381158E+017 ,   1.0361513498905564     
   3.1217536377750918E+017 ,   1.0360972882179880     
   3.1242214272120685E+017 ,   1.0360433465998264     
   3.1266892166490445E+017 ,   1.0359895246834407     
   3.1291570060860211E+017 ,   1.0359358221174855     
   3.1316247955229965E+017 ,   1.0358822385518984     
   3.1340925849599731E+017 ,   1.0358287736378928     
   3.1365603743969498E+017 ,   1.0357754270279533     
   3.1390281638339264E+017 ,   1.0357221983758282     
   3.1414959532709024E+017 ,   1.0356690873365280     
   3.1439637427078784E+017 ,   1.0356160935663141     
   3.1464315321448557E+017 ,   1.0355632167226987     
   3.1488993215818317E+017 ,   1.0355104564644375     
   3.1513671110188083E+017 ,   1.0354578124515224     
   3.1538349004557843E+017 ,   1.0354052843451800     
   3.1563026898927610E+017 ,   1.0353528718078615     
   3.1587704793297370E+017 ,   1.0353005745032420     
   3.1612382687667136E+017 ,   1.0352483920962119     
   3.1637060582036896E+017 ,   1.0351963242528739     
   3.1661738476406662E+017 ,   1.0351443706405363     
   3.1686416370776422E+017 ,   1.0350925309277077     
   3.1711094265146189E+017 ,   1.0350408047840931     
   3.1735772159515955E+017 ,   1.0349891918805880     
   3.1760450053885722E+017 ,   1.0349376918892721     
   3.1785127948255475E+017 ,   1.0348863044834073     
   3.1809805842625248E+017 ,   1.0348350293374300     
   3.1834483736995014E+017 ,   1.0347838661269448     
   3.1859161631364768E+017 ,   1.0347328145287242     
   3.1883839525734534E+017 ,   1.0346818742206996     
   3.1908517420104294E+017 ,   1.0346310448819571     
   3.1933195314474061E+017 ,   1.0345803261927342     
   3.1957873208843821E+017 ,   1.0345297178344117     
   3.1982551103213587E+017 ,   1.0344792194895127     
   3.2007228997583347E+017 ,   1.0344288308416947     
   3.2031906891953114E+017 ,   1.0343785515757467     
   3.2056584786322880E+017 ,   1.0343283813775817     
   3.2081262680692640E+017 ,   1.0342783199342354     
   3.2105940575062406E+017 ,   1.0342283669338590     
   3.2130618469432173E+017 ,   1.0341785220657149     
   3.2155296363801933E+017 ,   1.0341287850201730     
   3.2179974258171699E+017 ,   1.0340791554887041     
   3.2204652152541466E+017 ,   1.0340296331638772     
   3.2229330046911226E+017 ,   1.0339802177393533     
   3.2254007941280992E+017 ,   1.0339309089098816     
   3.2278685835650752E+017 ,   1.0338817063712944     
   3.2303363730020518E+017 ,   1.0338326098205037     
   3.2328041624390272E+017 ,   1.0337836189554948     
   3.2352719518760038E+017 ,   1.0337347334753217     
   3.2377397413129798E+017 ,   1.0336859530801064     
   3.2402075307499571E+017 ,   1.0336372774710283     
   3.2426753201869331E+017 ,   1.0335887063503246     
   3.2451431096239091E+017 ,   1.0335402394212843     
   3.2476108990608858E+017 ,   1.0334918763882426     
   3.2500786884978618E+017 ,   1.0334436169565786     
   3.2525464779348390E+017 ,   1.0333954608327087     
   3.2550142673718150E+017 ,   1.0333474077240838     
   3.2574820568087917E+017 ,   1.0332994573391849     
   3.2599498462457677E+017 ,   1.0332516093875177     
   3.2624176356827443E+017 ,   1.0332038635796090     
   3.2648854251197203E+017 ,   1.0331562196270021     
   3.2673532145566970E+017 ,   1.0331086772422544     
   3.2698210039936730E+017 ,   1.0330612361389289     
   3.2722887934306496E+017 ,   1.0330138960315942     
   3.2747565828676262E+017 ,   1.0329666566358184     
   3.2772243723046029E+017 ,   1.0329195176681651     
   3.2796921617415789E+017 ,   1.0328724788461900     
   3.2821599511785542E+017 ,   1.0328255398884345     
   3.2846277406155309E+017 ,   1.0327787005144236     
   3.2870955300525075E+017 ,   1.0327319604446634     
   3.2895633194894842E+017 ,   1.0326853194006320     
   3.2920311089264602E+017 ,   1.0326387771047802     
   3.2944988983634368E+017 ,   1.0325923332805249     
   3.2969666878004128E+017 ,   1.0325459876522463     
   3.2994344772373901E+017 ,   1.0324997399452838     
   3.3019022666743654E+017 ,   1.0324535898859299     
   3.3043700561113421E+017 ,   1.0324075372014292     
   3.3068378455483181E+017 ,   1.0323615816199734     
   3.3093056349852947E+017 ,   1.0323157228706972     
   3.3117734244222714E+017 ,   1.0322699606836729     
   3.3142412138592480E+017 ,   1.0322242947899096     
   3.3167090032962246E+017 ,   1.0321787249213477     
   3.3191767927332000E+017 ,   1.0321332508108538     
   3.3216445821701766E+017 ,   1.0320878721922184     
   3.3241123716071533E+017 ,   1.0320425888001534     
   3.3265801610441299E+017 ,   1.0319974003702841     
   3.3290479504811059E+017 ,   1.0319523066391503     
   3.3315157399180819E+017 ,   1.0319073073441987     
   3.3339835293550592E+017 ,   1.0318624022237814     
   3.3364513187920346E+017 ,   1.0318175910171519     
   3.3389191082290106E+017 ,   1.0317728734644596     
   3.3413868976659872E+017 ,   1.0317282493067488     
   3.3438546871029638E+017 ,   1.0316837182859526     
   3.3463224765399405E+017 ,   1.0316392801448917     
   3.3487902659769165E+017 ,   1.0315949346272684     
   3.3512580554138931E+017 ,   1.0315506814776643     
   3.3537258448508698E+017 ,   1.0315065204415357     
   3.3561936342878451E+017 ,   1.0314624512652120     
   3.3586614237248224E+017 ,   1.0314184736958893     
   3.3611292131617984E+017 ,   1.0313745874816296     
   3.3635970025987750E+017 ,   1.0313307923713559     
   3.3660647920357510E+017 ,   1.0312870881148475     
   3.3685325814727277E+017 ,   1.0312434744627399     
   3.3710003709097043E+017 ,   1.0311999511665180     
   3.3734681603466803E+017 ,   1.0311565179785136     
   3.3759359497836563E+017 ,   1.0311131746519027     
   3.3784037392206323E+017 ,   1.0310699209407015     
   3.3808715286576090E+017 ,   1.0310267565997637     
   3.3833393180945862E+017 ,   1.0309836813847744     
   3.3858071075315622E+017 ,   1.0309406950522511     
   3.3882748969685382E+017 ,   1.0308977973595368     
   3.3907426864055142E+017 ,   1.0308549880647979     
   3.3932104758424902E+017 ,   1.0308122669270214     
   3.3956782652794675E+017 ,   1.0307696337060102     
   3.3981460547164435E+017 ,   1.0307270881623811     
   3.4006138441534202E+017 ,   1.0306846300575603     
   3.4030816335903962E+017 ,   1.0306422591537816     
   3.4055494230273734E+017 ,   1.0305999752140813     
   3.4080172124643494E+017 ,   1.0305577780022988     
   3.4104850019013254E+017 ,   1.0305156672830653     
   3.4129527913383014E+017 ,   1.0304736428218111     
   3.4154205807752781E+017 ,   1.0304317043847544     
   3.4178883702122547E+017 ,   1.0303898517389014     
   3.4203561596492314E+017 ,   1.0303480846520423     
   3.4228239490862080E+017 ,   1.0303064028927500     
   3.4252917385231840E+017 ,   1.0302648062303728     
   3.4277595279601594E+017 ,   1.0302232944350354     
   3.4302273173971360E+017 ,   1.0301818672776346     
   3.4326951068341126E+017 ,   1.0301405245298347     
   3.4351628962710886E+017 ,   1.0300992659640666     
   3.4376306857080653E+017 ,   1.0300580913535231     
   3.4400984751450413E+017 ,   1.0300170004721561     
   3.4425662645820186E+017 ,   1.0299759930946752     
   3.4450340540189946E+017 ,   1.0299350689965416     
   3.4475018434559706E+017 ,   1.0298942279539693     
   3.4499696328929472E+017 ,   1.0298534697439170     
   3.4524374223299232E+017 ,   1.0298127941440895     
   3.4549052117669005E+017 ,   1.0297722009329320     
   3.4573730012038765E+017 ,   1.0297316898896294     
   3.4598407906408531E+017 ,   1.0296912607941007     
   3.4623085800778291E+017 ,   1.0296509134269984     
   3.4647763695148058E+017 ,   1.0296106475697053     
   3.4672441589517818E+017 ,   1.0295704630043285     
   3.4697119483887584E+017 ,   1.0295303595137020     
   3.4721797378257344E+017 ,   1.0294903368813788     
   3.4746475272627110E+017 ,   1.0294503948916311     
   3.4771153166996877E+017 ,   1.0294105333294457     
   3.4795831061366643E+017 ,   1.0293707519805222     
   3.4820508955736397E+017 ,   1.0293310506312692     
   3.4845186850106157E+017 ,   1.0292914290688036     
   3.4869864744475923E+017 ,   1.0292518870809451     
   3.4894542638845690E+017 ,   1.0292124244562151     
   3.4919220533215456E+017 ,   1.0291730409838333     
   3.4943898427585216E+017 ,   1.0291337364537152     
   3.4968576321954982E+017 ,   1.0290945106564695     
   3.4993254216324742E+017 ,   1.0290553633833954     
   3.5017932110694509E+017 ,   1.0290162944264780     
   3.5042610005064269E+017 ,   1.0289773035783889     
   3.5067287899434035E+017 ,   1.0289383906324827     
   3.5091965793803795E+017 ,   1.0288995553827902     
   3.5116643688173568E+017 ,   1.0288607976240216     
   3.5141321582543328E+017 ,   1.0288221171515606     
   3.5165999476913094E+017 ,   1.0287835137614625     
   3.5190677371282848E+017 ,   1.0287449872504508     
   3.5215355265652614E+017 ,   1.0287065374159154     
   3.5240033160022381E+017 ,   1.0286681640559108     
   3.5264711054392147E+017 ,   1.0286298669691509     
   3.5289388948761907E+017 ,   1.0285916459550095     
   3.5314066843131667E+017 ,   1.0285535008135158     
   3.5338744737501434E+017 ,   1.0285154313453513     
   3.5363422631871194E+017 ,   1.0284774373518490     
   3.5388100526240960E+017 ,   1.0284395186349915     
   3.5412778420610720E+017 ,   1.0284016749974043     
   3.5437456314980486E+017 ,   1.0283639062423582     
   3.5462134209350246E+017 ,   1.0283262121737629     
   3.5486812103720019E+017 ,   1.0282885925961682     
   3.5511489998089779E+017 ,   1.0282510473147588     
   3.5536167892459546E+017 ,   1.0282135761353519     
   3.5560845786829306E+017 ,   1.0281761788643962     
   3.5585523681199066E+017 ,   1.0281388553089683     
   3.5610201575568838E+017 ,   1.0281016052767706     
   3.5634879469938598E+017 ,   1.0280644285761291     
   3.5659557364308365E+017 ,   1.0280273250159915     
   3.5684235258678125E+017 ,   1.0279902944059232     
   3.5708913153047898E+017 ,   1.0279533365561058     
   3.5733591047417651E+017 ,   1.0279164512773351     
   3.5758268941787411E+017 ,   1.0278796383810178     
   3.5782946836157171E+017 ,   1.0278428976791714     
   3.5807624730526938E+017 ,   1.0278062289844176     
   3.5832302624896704E+017 ,   1.0277696321099850     
   3.5856980519266470E+017 ,   1.0277331068697015     
   3.5881658413636230E+017 ,   1.0276966530779974     
   3.5906336308005990E+017 ,   1.0276602705498994     
   3.5931014202375757E+017 ,   1.0276239591010288     
   3.5955692096745523E+017 ,   1.0275877185476008     
   3.5980369991115290E+017 ,   1.0275515487064202     
   3.6005047885485050E+017 ,   1.0275154493948806     
   3.6029725779854816E+017 ,   1.0274794204309619     
   3.6054403674224576E+017 ,   1.0274434616332275     
   3.6079081568594349E+017 ,   1.0274075728208214     
   3.6103759462964102E+017 ,   1.0273717538134699     
   3.6128437357333869E+017 ,   1.0273360044314719     
   3.6153115251703629E+017 ,   1.0273003244957057     
   3.6177793146073395E+017 ,   1.0272647138276203     
   3.6202471040443162E+017 ,   1.0272291722492342     
   3.6227148934812928E+017 ,   1.0271936995831357     
   3.6251826829182688E+017 ,   1.0271582956524792     
   3.6276504723552442E+017 ,   1.0271229602809826     
   3.6301182617922208E+017 ,   1.0270876932929260     
   3.6325860512291974E+017 ,   1.0270524945131490     
   3.6350538406661741E+017 ,   1.0270173637670492     
   3.6375216301031501E+017 ,   1.0269823008805792     
   3.6399894195401267E+017 ,   1.0269473056802447     
   3.6424572089771034E+017 ,   1.0269123779931040     
   3.6449249984140800E+017 ,   1.0268775176467635     
   3.6473927878510554E+017 ,   1.0268427244693763     
   3.6498605772880320E+017 ,   1.0268079982896414     
   3.6523283667250080E+017 ,   1.0267733389367999     
   3.6547961561619853E+017 ,   1.0267387462406354     
   3.6572639455989613E+017 ,   1.0267042200314682     
   3.6597317350359379E+017 ,   1.0266697601401571     
   3.6621995244729139E+017 ,   1.0266353663980947     
   3.6646673139098899E+017 ,   1.0266010386372071     
   3.6671351033468672E+017 ,   1.0265667766899496     
   3.6696028927838432E+017 ,   1.0265325803893084     
   3.6720706822208198E+017 ,   1.0264984495687952     
   3.6745384716577958E+017 ,   1.0264643840624461     
   3.6770062610947718E+017 ,   1.0264303837048212     
   3.6794740505317491E+017 ,   1.0263964483309997     
   3.6819418399687245E+017 ,   1.0263625777765817     
   3.6844096294057005E+017 ,   1.0263287718776828     
   3.6868774188426771E+017 ,   1.0262950304709335     
   3.6893452082796538E+017 ,   1.0262613533934781     
   3.6918129977166304E+017 ,   1.0262277404829723     
   3.6942807871536064E+017 ,   1.0261941915775792     
   3.6967485765905830E+017 ,   1.0261607065159710     
   3.6992163660275597E+017 ,   1.0261272851373242     
   3.7016841554645357E+017 ,   1.0260939272813190     
   3.7041519449015123E+017 ,   1.0260606327881381     
   3.7066197343384883E+017 ,   1.0260274014984623     
   3.7090875237754650E+017 ,   1.0259942332534717     
   3.7115553132124410E+017 ,   1.0259611278948415     
   3.7140231026494182E+017 ,   1.0259280852647421     
   3.7164908920863942E+017 ,   1.0258951052058336     
   3.7189586815233702E+017 ,   1.0258621875612706     
   3.7214264709603456E+017 ,   1.0258293321746930     
   3.7238942603973222E+017 ,   1.0257965388902288     
   3.7263620498342995E+017 ,   1.0257638075524909     
   3.7288298392712755E+017 ,   1.0257311380065757     
   3.7312976287082522E+017 ,   1.0256985300980606     
   3.7337654181452282E+017 ,   1.0256659836730024     
   3.7362332075822042E+017 ,   1.0256334985779363     
   3.7387009970191808E+017 ,   1.0256010746598732     
   3.7411687864561574E+017 ,   1.0255687117662984     
   3.7436365758931334E+017 ,   1.0255364097451707     
   3.7461043653301101E+017 ,   1.0255041684449171     
   3.7485721547670867E+017 ,   1.0254719877144363     
   3.7510399442040634E+017 ,   1.0254398674030938     
   3.7535077336410394E+017 ,   1.0254078073607191     
   3.7559755230780154E+017 ,   1.0253758074376076     
   3.7584433125149914E+017 ,   1.0253438674845154     
   3.7609111019519686E+017 ,   1.0253119873526602     
   3.7633788913889446E+017 ,   1.0252801668937173     
   3.7658466808259213E+017 ,   1.0252484059598201     
   3.7683144702628979E+017 ,   1.0252167044035567     
   3.7707822596998739E+017 ,   1.0251850620779692     
   3.7732500491368506E+017 ,   1.0251534788365517     
   3.7757178385738259E+017 ,   1.0251219545332484     
   3.7781856280108026E+017 ,   1.0250904890224524     
   3.7806534174477786E+017 ,   1.0250590821590051     
   3.7831212068847552E+017 ,   1.0250277337981906     
   3.7855889963217318E+017 ,   1.0249964437957393     
   3.7880567857587085E+017 ,   1.0249652120078228     
   3.7905245751956845E+017 ,   1.0249340382910535     
   3.7929923646326605E+017 ,   1.0249029225024811     
   3.7954601540696365E+017 ,   1.0248718644995960     
   3.7979279435066138E+017 ,   1.0248408641403215     
   3.8003957329435898E+017 ,   1.0248099212830164     
   3.8028635223805664E+017 ,   1.0247790357864710     
   3.8053313118175430E+017 ,   1.0247482075099077     
   3.8077991012545197E+017 ,   1.0247174363129776     
   3.8102668906914957E+017 ,   1.0246867220557605     
   3.8127346801284717E+017 ,   1.0246560645987608     
   3.8152024695654483E+017 ,   1.0246254638029093     
   3.8176702590024243E+017 ,   1.0245949195295596     
   3.8201380484394016E+017 ,   1.0245644316404865     
   3.8226058378763776E+017 ,   1.0245339999978851     
   3.8250736273133542E+017 ,   1.0245036244643688     
   3.8275414167503290E+017 ,   1.0244733049029688     
   3.8300092061873056E+017 ,   1.0244430411771317     
   3.8324769956242822E+017 ,   1.0244128331507174     
   3.8349447850612589E+017 ,   1.0243826806879996     
   3.8374125744982355E+017 ,   1.0243525836536613     
   3.8398803639352115E+017 ,   1.0243225419127970     
   3.8423481533721882E+017 ,   1.0242925553309083     
   3.8448159428091648E+017 ,   1.0242626237739032     
   3.8472837322461408E+017 ,   1.0242327471080950     
   3.8497515216831168E+017 ,   1.0242029252002010     
   3.8522193111200934E+017 ,   1.0241731579173410     
   3.8546871005570694E+017 ,   1.0241434451270344     
   3.8571548899940467E+017 ,   1.0241137866972017     
   3.8596226794310227E+017 ,   1.0240841824961584     
   3.8620904688679994E+017 ,   1.0240546323926207     
   3.8645582583049747E+017 ,   1.0240251362556958     
   3.8670260477419507E+017 ,   1.0239956939548864     
   3.8694938371789280E+017 ,   1.0239663053600878     
   3.8719616266159046E+017 ,   1.0239369703415850     
   3.8744294160528806E+017 ,   1.0239076887700531     
   3.8768972054898566E+017 ,   1.0238784605165541     
   3.8793649949268346E+017 ,   1.0238492854525385     
   3.8818327843638093E+017 ,   1.0238201634498403     
   3.8843005738007859E+017 ,   1.0237910943806785     
   3.8867683632377619E+017 ,   1.0237620781176535     
   3.8892361526747386E+017 ,   1.0237331145337476     
   3.8917039421117152E+017 ,   1.0237042035023227     
   3.8941717315486918E+017 ,   1.0236753448971185     
   3.8966395209856678E+017 ,   1.0236465385922529     
   3.8991073104226445E+017 ,   1.0236177844622181     
   3.9015750998596205E+017 ,   1.0235890823818814     
   3.9040428892965971E+017 ,   1.0235604322264829     
   3.9065106787335738E+017 ,   1.0235318338716350     
   3.9089784681705498E+017 ,   1.0235032871933196     
   3.9114462576075264E+017 ,   1.0234747920678877     
   3.9139140470445024E+017 ,   1.0234463483720591     
   3.9163818364814797E+017 ,   1.0234179559829180     
   3.9188496259184550E+017 ,   1.0233896147779162     
   3.9213174153554310E+017 ,   1.0233613246348663     
   3.9237852047924070E+017 ,   1.0233330854319469     
   3.9262529942293843E+017 ,   1.0233048970476957     
   3.9287207836663603E+017 ,   1.0232767593610101     
   3.9311885731033370E+017 ,   1.0232486722511469     
   3.9336563625403130E+017 ,   1.0232206355977211     
   3.9361241519772890E+017 ,   1.0231926492807024     
   3.9385919414142656E+017 ,   1.0231647131804162     
   3.9410597308512422E+017 ,   1.0231368271775412     
   3.9435275202882189E+017 ,   1.0231089911531090     
   3.9459953097251949E+017 ,   1.0230812049885014     
   3.9484630991621715E+017 ,   1.0230534685654518     
   3.9509308885991482E+017 ,   1.0230257817660398     
   3.9533986780361248E+017 ,   1.0229981444726950     
   3.9558664674731002E+017 ,   1.0229705565681910     
   3.9583342569100768E+017 ,   1.0229430179356487     
   3.9608020463470528E+017 ,   1.0229155284585312     
   3.9632698357840301E+017 ,   1.0228880880206441     
   3.9657376252210061E+017 ,   1.0228606965061346     
   3.9682054146579827E+017 ,   1.0228333537994914     
   3.9706732040949587E+017 ,   1.0228060597855404     
   3.9731409935319341E+017 ,   1.0227788143494461     
   3.9756087829689114E+017 ,   1.0227516173767091     
   3.9780765724058874E+017 ,   1.0227244687531669     
   3.9805443618428640E+017 ,   1.0226973683649894     
   3.9830121512798400E+017 ,   1.0226703160986808     
   3.9854799407168173E+017 ,   1.0226433118410767     
   3.9879477301537933E+017 ,   1.0226163554793439     
   3.9904155195907699E+017 ,   1.0225894469009786     
   3.9928833090277453E+017 ,   1.0225625859938048     
   3.9953510984647219E+017 ,   1.0225357726459747     
   3.9978188879016986E+017 ,   1.0225090067459670     
   4.0002866773386752E+017 ,   1.0224822881825844     
   4.0027544667756512E+017 ,   1.0224556168449535     
   4.0052222562126278E+017 ,   1.0224289926225250     
   4.0076900456496038E+017 ,   1.0224024154050702     
   4.0101578350865805E+017 ,   1.0223758850826801     
   4.0126256245235571E+017 ,   1.0223494015457677     
   4.0150934139605331E+017 ,   1.0223229646850620     
   4.0175612033975098E+017 ,   1.0222965743916097     
   4.0200289928344851E+017 ,   1.0222702305567746     
   4.0224967822714630E+017 ,   1.0222439330722346     
   4.0249645717084390E+017 ,   1.0222176818299817     
   4.0274323611454144E+017 ,   1.0221914767223204     
   4.0299001505823904E+017 ,   1.0221653176418679     
   4.0323679400193670E+017 ,   1.0221392044815514     
   4.0348357294563437E+017 ,   1.0221131371346082     
   4.0373035188933203E+017 ,   1.0220871154945828     
   4.0397713083302963E+017 ,   1.0220611394553289     
   4.0422390977672730E+017 ,   1.0220352089110054     
   4.0447068872042496E+017 ,   1.0220093237560774     
   4.0471746766412256E+017 ,   1.0219834838853137     
   4.0496424660782022E+017 ,   1.0219576891937863     
   4.0521102555151782E+017 ,   1.0219319395768691     
   4.0545780449521549E+017 ,   1.0219062349302390     
   4.0570458343891315E+017 ,   1.0218805751498714     
   4.0595136238261082E+017 ,   1.0218549601320404     
   4.0619814132630842E+017 ,   1.0218293897733199     
   4.0644492027000602E+017 ,   1.0218038639705789     
   4.0669169921370355E+017 ,   1.0217783826209836     
   4.0693847815740134E+017 ,   1.0217529456219951     
   4.0718525710109894E+017 ,   1.0217275528713687     
   4.0743203604479654E+017 ,   1.0217022042671520     
   4.0767881498849414E+017 ,   1.0216768997076848     
   4.0792559393219181E+017 ,   1.0216516390915988     
   4.0817237287588947E+017 ,   1.0216264223178138     
   4.0841915181958707E+017 ,   1.0216012492855404     
   4.0866593076328474E+017 ,   1.0215761198942765     
   4.0891270970698234E+017 ,   1.0215510340438076     
   4.0915948865068000E+017 ,   1.0215259916342041     
   4.0940626759437766E+017 ,   1.0215009925658218     
   4.0965304653807533E+017 ,   1.0214760367393019     
   4.0989982548177293E+017 ,   1.0214511240555673     
   4.1014660442547053E+017 ,   1.0214262544158230     
   4.1039338336916813E+017 ,   1.0214014277215571     
   4.1064016231286586E+017 ,   1.0213766438745353     
   4.1088694125656346E+017 ,   1.0213519027768045     
   4.1113372020026112E+017 ,   1.0213272043306898     
   4.1138049914395872E+017 ,   1.0213025484387921     
   4.1162727808765645E+017 ,   1.0212779350039911     
   4.1187405703135398E+017 ,   1.0212533639294405     
   4.1212083597505158E+017 ,   1.0212288351185688     
   4.1236761491874925E+017 ,   1.0212043484750788     
   4.1261439386244685E+017 ,   1.0211799039029452     
   4.1286117280614458E+017 ,   1.0211555013064149     
   4.1310795174984218E+017 ,   1.0211311405900063     
   4.1335473069353984E+017 ,   1.0211068216585062     
   4.1360150963723738E+017 ,   1.0210825444169722     
   4.1384828858093504E+017 ,   1.0210583087707292     
   4.1409506752463270E+017 ,   1.0210341146253699     
   4.1434184646833037E+017 ,   1.0210099618867523     
   4.1458862541202797E+017 ,   1.0209858504610001     
   4.1483540435572563E+017 ,   1.0209617802545032     
   4.1508218329942330E+017 ,   1.0209377511739133     
   4.1532896224312096E+017 ,   1.0209137631261449     
   4.1557574118681856E+017 ,   1.0208898160183766     
   4.1582252013051616E+017 ,   1.0208659097580450     
   4.1606929907421382E+017 ,   1.0208420442528487     
   4.1631607801791149E+017 ,   1.0208182194107454     
   4.1656285696160915E+017 ,   1.0207944351399509     
   4.1680963590530675E+017 ,   1.0207706913489385     
   4.1705641484900442E+017 ,   1.0207469879464384     
   4.1730319379270189E+017 ,   1.0207233248414362     
   4.1754997273639962E+017 ,   1.0206997019431732     
   4.1779675168009722E+017 ,   1.0206761191611438     
   4.1804353062379488E+017 ,   1.0206525764050958     
   4.1829030956749254E+017 ,   1.0206290735850310     
   4.1853708851119014E+017 ,   1.0206056106112009     
   4.1878386745488787E+017 ,   1.0205821873941072     
   4.1903064639858547E+017 ,   1.0205588038445057     
   4.1927742534228307E+017 ,   1.0205354598733951     
   4.1952420428598067E+017 ,   1.0205121553920271     
   4.1977098322967834E+017 ,   1.0204888903118983     
   4.2001776217337600E+017 ,   1.0204656645447532     
   4.2026454111707366E+017 ,   1.0204424780025809     
   4.2051132006077126E+017 ,   1.0204193305976172     
   4.2075809900446893E+017 ,   1.0203962222423397     
   4.2100487794816646E+017 ,   1.0203731528494711     
   4.2125165689186419E+017 ,   1.0203501223319753     
   4.2149843583556179E+017 ,   1.0203271306030592     
   4.2174521477925939E+017 ,   1.0203041775761701     
   4.2199199372295706E+017 ,   1.0202812631649938     
   4.2223877266665478E+017 ,   1.0202583872834585     
   4.2248555161035238E+017 ,   1.0202355498457287     
   4.2273233055404992E+017 ,   1.0202127507662073     
   4.2297910949774758E+017 ,   1.0201899899595326     
   4.2322588844144518E+017 ,   1.0201672673405824     
   4.2347266738514291E+017 ,   1.0201445828244669     
   4.2371944632884051E+017 ,   1.0201219363265319     
   4.2396622527253818E+017 ,   1.0200993277623571     
   4.2421300421623578E+017 ,   1.0200767570477542     
   4.2445978315993344E+017 ,   1.0200542240987693     
   4.2470656210363104E+017 ,   1.0200317288316783     
   4.2495334104732870E+017 ,   1.0200092711629882     
   4.2520011999102630E+017 ,   1.0199868510094359     
   4.2544689893472397E+017 ,   1.0199644682879887     
   4.2569367787842163E+017 ,   1.0199421229158403     
   4.2594045682211930E+017 ,   1.0199198148104129     
   4.2618723576581696E+017 ,   1.0198975438893574     
   4.2643401470951443E+017 ,   1.0198753100705484     
   4.2668079365321210E+017 ,   1.0198531132720874     
   4.2692757259690970E+017 ,   1.0198309534123002     
   4.2717435154060742E+017 ,   1.0198088304097375     
   4.2742113048430502E+017 ,   1.0197867441831709     
   4.2766790942800269E+017 ,   1.0197646946515981     
   4.2791468837170029E+017 ,   1.0197426817342341     
   4.2816146731539789E+017 ,   1.0197207053505204     
   4.2840824625909555E+017 ,   1.0196987654201140     
   4.2865502520279322E+017 ,   1.0196768618628944     
   4.2890180414649088E+017 ,   1.0196549945989584     
   4.2914858309018848E+017 ,   1.0196331635486229     
   4.2939536203388621E+017 ,   1.0196113686324204     
   4.2964214097758381E+017 ,   1.0195896097711010     
   4.2988891992128147E+017 ,   1.0195678868856310     
   4.3013569886497901E+017 ,   1.0195461998971920     
   4.3038247780867667E+017 ,   1.0195245487271802     
   4.3062925675237434E+017 ,   1.0195029332972054     
   4.3087603569607200E+017 ,   1.0194813535290919     
   4.3112281463976960E+017 ,   1.0194598093448746     
   4.3136959358346726E+017 ,   1.0194383006668029     
   4.3161637252716486E+017 ,   1.0194168274173345     
   4.3186315147086246E+017 ,   1.0193953895191401     
   4.3210993041456013E+017 ,   1.0193739868950986     
   4.3235670935825773E+017 ,   1.0193526194682991     
   4.3260348830195539E+017 ,   1.0193312871620386     
   4.3285026724565299E+017 ,   1.0193099898998221     
   4.3309704618935072E+017 ,   1.0192887276053622     
   4.3334382513304832E+017 ,   1.0192675002025768     
   4.3359060407674598E+017 ,   1.0192463076155902     
   4.3383738302044352E+017 ,   1.0192251497687328     
   4.3408416196414125E+017 ,   1.0192040265865379     
   4.3433094090783885E+017 ,   1.0191829379937434     
   4.3457771985153651E+017 ,   1.0191618839152901     
   4.3482449879523411E+017 ,   1.0191408642763220     
   4.3507127773893178E+017 ,   1.0191198790021843     
   4.3531805668262944E+017 ,   1.0190989280184228     
   4.3556483562632704E+017 ,   1.0190780112507856     
   4.3581161457002464E+017 ,   1.0190571286252186     
   4.3605839351372230E+017 ,   1.0190362800678694     
   4.3630517245741997E+017 ,   1.0190154655050805     
   4.3655195140111763E+017 ,   1.0189946848633966     
   4.3679873034481530E+017 ,   1.0189739380695577     
   4.3704550928851283E+017 ,   1.0189532250505002     
   4.3729228823221043E+017 ,   1.0189325457333571     
   4.3753906717590803E+017 ,   1.0189119000454570     
   4.3778584611960576E+017 ,   1.0188912879143230     
   4.3803262506330336E+017 ,   1.0188707092676721     
   4.3827940400700102E+017 ,   1.0188501640334158     
   4.3852618295069862E+017 ,   1.0188296521396580     
   4.3877296189439629E+017 ,   1.0188091735146947     
   4.3901974083809395E+017 ,   1.0187887280870140     
   4.3926651978179155E+017 ,   1.0187683157852956     
   4.3951329872548922E+017 ,   1.0187479365384080     
   4.3976007766918682E+017 ,   1.0187275902754118     
   4.4000685661288454E+017 ,   1.0187072769255554     
   4.4025363555658214E+017 ,   1.0186869964182759     
   4.4050041450027981E+017 ,   1.0186667486831997     
   4.4074719344397741E+017 ,   1.0186465336501394     
   4.4099397238767494E+017 ,   1.0186263512490956     
   4.4124075133137267E+017 ,   1.0186062014102528     
   4.4148753027507034E+017 ,   1.0185860840639855     
   4.4173430921876787E+017 ,   1.0185659991408491     
   4.4198108816246554E+017 ,   1.0185459465715854     
   4.4222786710616314E+017 ,   1.0185259262871207     
   4.4247464604986086E+017 ,   1.0185059382185622     
   4.4272142499355846E+017 ,   1.0184859822972037     
   4.4296820393725606E+017 ,   1.0184660584545175     
   4.4321498288095373E+017 ,   1.0184461666221600     
   4.4346176182465133E+017 ,   1.0184263067319679     
   4.4370854076834906E+017 ,   1.0184064787159572     
   4.4395531971204666E+017 ,   1.0183866825063252     
   4.4420209865574432E+017 ,   1.0183669180354484     
   4.4444887759944192E+017 ,   1.0183471852358819     
   4.4469565654313952E+017 ,   1.0183274840403589     
   4.4494243548683718E+017 ,   1.0183078143817892     
   4.4518921443053485E+017 ,   1.0182881761932616     
   4.4543599337423245E+017 ,   1.0182685694080404     
   4.4568277231793011E+017 ,   1.0182489939595665     
   4.4592955126162778E+017 ,   1.0182294497814546     
   4.4617633020532544E+017 ,   1.0182099368074962     
   4.4642310914902298E+017 ,   1.0181904549716556     
   4.4666988809272058E+017 ,   1.0181710042080714     
   4.4691666703641824E+017 ,   1.0181515844510567     
   4.4716344598011590E+017 ,   1.0181321956350950     
   4.4741022492381357E+017 ,   1.0181128376948434     
   4.4765700386751117E+017 ,   1.0180935105651294     
   4.4790378281120883E+017 ,   1.0180742141809542     
   4.4815056175490637E+017 ,   1.0180549484774852     
   4.4839734069860410E+017 ,   1.0180357133900642     
   4.4864411964230170E+017 ,   1.0180165088541986     
   4.4889089858599936E+017 ,   1.0179973348055684     
   4.4913767752969696E+017 ,   1.0179781911800190     
   4.4938445647339462E+017 ,   1.0179590779135650     
   4.4963123541709229E+017 ,   1.0179399949423886     
   4.4987801436078995E+017 ,   1.0179209422028377     
   4.5012479330448755E+017 ,   1.0179019196314274     
   4.5037157224818515E+017 ,   1.0178829271648377     
   4.5061835119188282E+017 ,   1.0178639647399157     
   4.5086513013558048E+017 ,   1.0178450322936705     
   4.5111190907927814E+017 ,   1.0178261297632778     
   4.5135868802297574E+017 ,   1.0178072570860759     
   4.5160546696667334E+017 ,   1.0177884141995663     
   4.5185224591037088E+017 ,   1.0177696010414137     
   4.5209902485406861E+017 ,   1.0177508175494439     
   4.5234580379776621E+017 ,   1.0177320636616467     
   4.5259258274146387E+017 ,   1.0177133393161695     
   4.5283936168516147E+017 ,   1.0176946444513242     
   4.5308614062885920E+017 ,   1.0176759790055805     
   4.5333291957255680E+017 ,   1.0176573429175677     
   4.5357969851625446E+017 ,   1.0176387361260755     
   4.5382647745995206E+017 ,   1.0176201585700522     
   4.5407325640364966E+017 ,   1.0176016101886030     
   4.5432003534734739E+017 ,   1.0175830909209922     
   4.5456681429104499E+017 ,   1.0175646007066408     
   4.5481359323474266E+017 ,   1.0175461394851266     
   4.5506037217844026E+017 ,   1.0175277071961830     
   4.5530715112213792E+017 ,   1.0175093037797001     
   4.5555393006583552E+017 ,   1.0174909291757233     
   4.5580070900953318E+017 ,   1.0174725833244518     
   4.5604748795323078E+017 ,   1.0174542661662407     
   4.5629426689692838E+017 ,   1.0174359776415971     
   4.5654104584062605E+017 ,   1.0174177176911834     
   4.5678782478432378E+017 ,   1.0173994862558129     
   4.5703460372802138E+017 ,   1.0173812832764533     
   4.5728138267171891E+017 ,   1.0173631086942230     
   4.5752816161541658E+017 ,   1.0173449624503919     
   4.5777494055911424E+017 ,   1.0173268444863819     
   4.5802171950281190E+017 ,   1.0173087547437645     
   4.5826849844650950E+017 ,   1.0172906931642618     
   4.5851527739020717E+017 ,   1.0172726596897461     
   4.5876205633390477E+017 ,   1.0172546542622365     
   4.5900883527760250E+017 ,   1.0172366768239045     
   4.5925561422130003E+017 ,   1.0172187273170668     
   4.5950239316499770E+017 ,   1.0172008056841897     
   4.5974917210869530E+017 ,   1.0171829118678857     
   4.5999595105239296E+017 ,   1.0171650458109152     
   4.6024272999609062E+017 ,   1.0171472074561836     
   4.6048950893978829E+017 ,   1.0171293967467450     
   4.6073628788348595E+017 ,   1.0171116136257958     
   4.6098306682718342E+017 ,   1.0170938580366811     
   4.6122984577088109E+017 ,   1.0170761299228868     
   4.6147662471457875E+017 ,   1.0170584292280460     
   4.6172340365827642E+017 ,   1.0170407558959345     
   4.6197018260197402E+017 ,   1.0170231098704716     
   4.6221696154567168E+017 ,   1.0170054910957191     
   4.6246374048936928E+017 ,   1.0169878995158819     
   4.6271051943306694E+017 ,   1.0169703350753070     
   4.6295729837676454E+017 ,   1.0169527977184829     
   4.6320407732046221E+017 ,   1.0169352873900384     
   4.6345085626415987E+017 ,   1.0169178040347449     
   4.6369763520785754E+017 ,   1.0169003475975131     
   4.6394441415155514E+017 ,   1.0168829180233923     
   4.6419119309525280E+017 ,   1.0168655152575734     
   4.6443797203895046E+017 ,   1.0168481392453865     
   4.6468475098264800E+017 ,   1.0168307899322981     
   4.6493152992634573E+017 ,   1.0168134672639149     
   4.6517830887004333E+017 ,   1.0167961711859805     
   4.6542508781374099E+017 ,   1.0167789016443762     
   4.6567186675743859E+017 ,   1.0167616585851211     
   4.6591864570113626E+017 ,   1.0167444419543692     
   4.6616542464483392E+017 ,   1.0167272516984112     
   4.6641220358853146E+017 ,   1.0167100877636746     
   4.6665898253222906E+017 ,   1.0166929500967203     
   4.6690576147592672E+017 ,   1.0166758386442465     
   4.6715254041962438E+017 ,   1.0166587533530840     
   4.6739931936332205E+017 ,   1.0166416941701983     
   4.6764609830701971E+017 ,   1.0166246610426892     
   4.6789287725071731E+017 ,   1.0166076539177886     
   4.6813965619441491E+017 ,   1.0165906727428629     
   4.6838643513811251E+017 ,   1.0165737174654088     
   4.6863321408181024E+017 ,   1.0165567880330575     
   4.6887999302550784E+017 ,   1.0165398843935700     
   4.6912677196920550E+017 ,   1.0165230064948396     
   4.6937355091290310E+017 ,   1.0165061542848906     
   4.6962032985660083E+017 ,   1.0164893277118776     
   4.6986710880029843E+017 ,   1.0164725267240839     
   4.7011388774399603E+017 ,   1.0164557512699259     
   4.7036066668769363E+017 ,   1.0164390012979463     
   4.7060744563139130E+017 ,   1.0164222767568176     
   4.7085422457508896E+017 ,   1.0164055775953411     
   4.7110100351878662E+017 ,   1.0163889037624469     
   4.7134778246248429E+017 ,   1.0163722552071914     
   4.7159456140618182E+017 ,   1.0163556318787605     
   4.7184134034987942E+017 ,   1.0163390337264642     
   4.7208811929357709E+017 ,   1.0163224606997427     
   4.7233489823727475E+017 ,   1.0163059127481591     
   4.7258167718097235E+017 ,   1.0162893898214056     
   4.7282845612467002E+017 ,   1.0162728918692969     
   4.7307523506836762E+017 ,   1.0162564188417751     
   4.7332201401206534E+017 ,   1.0162399706889063     
   4.7356879295576294E+017 ,   1.0162235473608801     
   4.7381557189946054E+017 ,   1.0162071488080118     
   4.7406235084315821E+017 ,   1.0161907749807402     
   4.7430912978685581E+017 ,   1.0161744258296259     
   4.7455590873055354E+017 ,   1.0161581013053533     
   4.7480268767425114E+017 ,   1.0161418013587296     
   4.7504946661794880E+017 ,   1.0161255259406849     
   4.7529624556164640E+017 ,   1.0161092750022691     
   4.7554302450534394E+017 ,   1.0160930484946555     
   4.7578980344904166E+017 ,   1.0160768463691374     
   4.7603658239273933E+017 ,   1.0160606685771298     
   4.7628336133643686E+017 ,   1.0160445150701676     
   4.7653014028013453E+017 ,   1.0160283857999051     
   4.7677691922383219E+017 ,   1.0160122807181169     
   4.7702369816752986E+017 ,   1.0159961997766978     
   4.7727047711122746E+017 ,   1.0159801429276598     
   4.7751725605492506E+017 ,   1.0159641101231363     
   4.7776403499862272E+017 ,   1.0159481013153753     
   4.7801081394232038E+017 ,   1.0159321164567450     
   4.7825759288601805E+017 ,   1.0159161554997318     
   4.7850437182971565E+017 ,   1.0159002183969377     
   4.7875115077341331E+017 ,   1.0158843051010817     
   4.7899792971711091E+017 ,   1.0158684155650015     
   4.7924470866080858E+017 ,   1.0158525497416486     
   4.7949148760450618E+017 ,   1.0158367075840908     
   4.7973826654820384E+017 ,   1.0158208890455127     
   4.7998504549190144E+017 ,   1.0158050940792125     
   4.8023182443559910E+017 ,   1.0157893226386043     
   4.8047860337929677E+017 ,   1.0157735746772167     
   4.8072538232299443E+017 ,   1.0157578501486919     
   4.8097216126669197E+017 ,   1.0157421490067859     
   4.8121894021038957E+017 ,   1.0157264712053695     
   4.8146571915408730E+017 ,   1.0157108166984246     
   4.8171249809778490E+017 ,   1.0156951854400478     
   4.8195927704148256E+017 ,   1.0156795773844467     
   4.8220605598518016E+017 ,   1.0156639924859430     
   4.8245283492887782E+017 ,   1.0156484306989682     
   4.8269961387257542E+017 ,   1.0156328919780668     
   4.8294639281627309E+017 ,   1.0156173762778928     
   4.8319317175997069E+017 ,   1.0156018835532137     
   4.8343995070366835E+017 ,   1.0155864137589052     
   4.8368672964736595E+017 ,   1.0155709668499542     
   4.8393350859106368E+017 ,   1.0155555427814573     
   4.8418028753476128E+017 ,   1.0155401415086212     
   4.8442706647845894E+017 ,   1.0155247629867605     
   4.8467384542215654E+017 ,   1.0155094071713009     
   4.8492062436585414E+017 ,   1.0154940740177749     
   4.8516740330955187E+017 ,   1.0154787634818236     
   4.8541418225324947E+017 ,   1.0154634755191967     
   4.8566096119694714E+017 ,   1.0154482100857518     
   4.8590774014064474E+017 ,   1.0154329671374529     
   4.8615451908434234E+017 ,   1.0154177466303715     
   4.8640129802803994E+017 ,   1.0154025485206861     
   4.8664807697173760E+017 ,   1.0153873727646818     
   4.8689485591543520E+017 ,   1.0153722193187484     
   4.8714163485913286E+017 ,   1.0153570881393836     
   4.8738841380283053E+017 ,   1.0153419791831890     
   4.8763519274652819E+017 ,   1.0153268924068726     
   4.8788197169022579E+017 ,   1.0153118277672459     
   4.8812875063392346E+017 ,   1.0152967852212267     
   4.8837552957762106E+017 ,   1.0152817647258359     
   4.8862230852131872E+017 ,   1.0152667662381989     
   4.8886908746501638E+017 ,   1.0152517897155431     
   4.8911586640871398E+017 ,   1.0152368351152026     
   4.8936264535241165E+017 ,   1.0152219023946123     
   4.8960942429610925E+017 ,   1.0152069915113104     
   4.8985620323980698E+017 ,   1.0151921024229371     
   4.9010298218350451E+017 ,   1.0151772350872366     
   4.9034976112720218E+017 ,   1.0151623894620521     
   4.9059654007089971E+017 ,   1.0151475655053315     
   4.9084331901459738E+017 ,   1.0151327631751210     
   4.9109009795829510E+017 ,   1.0151179824295711     
   4.9133687690199270E+017 ,   1.0151032232269297     
   4.9158365584569037E+017 ,   1.0150884855255482     
   4.9183043478938790E+017 ,   1.0150737692838756     
   4.9207721373308557E+017 ,   1.0150590744604633     
   4.9232399267678323E+017 ,   1.0150444010139597     
   4.9257077162048090E+017 ,   1.0150297489031141     
   4.9281755056417850E+017 ,   1.0150151180867748     
   4.9306432950787616E+017 ,   1.0150005085238878     
   4.9331110845157382E+017 ,   1.0149859201734990     
   4.9355788739527149E+017 ,   1.0149713529947513     
