   0.0000000000000000      ,   2.8149999999999999     
   246778943697635.72      ,   2.8143872180370675     
   493557887395271.44      ,   2.8125558768204950     
   740336831092907.12      ,   2.8095263612132166     
   987115774790542.88      ,   2.8053307030134449     
   1233894718488178.5      ,   2.8000101441574774     
   1480673662185814.2      ,   2.7936124923020302     
   1727452605883449.8      ,   2.7861896996103761     
   1974231549581085.8      ,   2.7777959301085340     
   2221010493278721.5      ,   2.7684861981529645     
   2467789436976357.0      ,   2.7583155218788069     
   2714568380673993.0      ,   2.7473384635669502     
   2961347324371628.5      ,   2.7356089150612144     
   3208126268069264.5      ,   2.7231800083406412     
   3454905211766899.5      ,   2.7101040672971188     
   3701684155464535.5      ,   2.6964325519993944     
   3948463099162171.5      ,   2.6822159742144480     
   4195242042859807.5      ,   2.6675037811099491     
   4442020986557443.0      ,   2.6523442141299909     
   4688799930255079.0      ,   2.6367841542432164     
   4935578873952714.0      ,   2.6208689652684996     
   5182357817650351.0      ,   2.6046423454759777     
   5429136761347986.0      ,   2.5881461952922740     
   5675915705045621.0      ,   2.5714205064118625     
   5922694648743257.0      ,   2.5545032753121832     
   6169473592440893.0      ,   2.5374304422584055     
   6416252536138529.0      ,   2.5202358554090654     
   6663031479836163.0      ,   2.5029512585727223     
   6909810423533799.0      ,   2.4856063004628743     
   7156589367231436.0      ,   2.4682285628877181     
   7403368310929071.0      ,   2.4508436051280529     
   7650147254626707.0      ,   2.4334750217424097     
   7896926198324343.0      ,   2.4161445111440383     
   8143705142021978.0      ,   2.3988719524795412     
   8390484085719615.0      ,   2.3816754885721769     
   8637263029417251.0      ,   2.3645716129501411     
   8884041973114886.0      ,   2.3475752592438432     
   9130820916812522.0      ,   2.3306998914936545     
   9377599860510158.0      ,   2.3139575941526380     
   9624378804207792.0      ,   2.2973591607919079     
   9871157747905428.0      ,   2.2809141807168878     
   10117936691603062.      ,   2.2646311228796843     
   10364715635300702.      ,   2.2485174166263735     
   10611494578998336.      ,   2.2325795289492190     
   10858273522695972.      ,   2.2168230380243656     
   11105052466393608.      ,   2.2012527029073188     
   11351831410091242.      ,   2.1858725293335195     
   11598610353788878.      ,   2.1706858316316757     
   11845389297486514.      ,   2.1556952908052205     
   12092168241184150.      ,   2.1409030088740817     
   12338947184881786.      ,   2.1263105595967118     
   12585726128579420.      ,   2.1119190357124187     
   12832505072277058.      ,   2.0977290928578980     
   13079284015974692.      ,   2.0837409903205599     
   13326062959672326.      ,   2.0699546287959043     
   13572841903369964.      ,   2.0563695853174835     
   13819620847067598.      ,   2.0429851455268335     
   14066399790765236.      ,   2.0298003334475574     
   14313178734462872.      ,   2.0168139389231254     
   14559957678160508.      ,   2.0040245428722603     
   14806736621858142.      ,   1.9914305405093453     
   15053515565555778.      ,   1.9790301626703799     
   15300294509253414.      ,   1.9668214953778371     
   15547073452951048.      ,   1.9548024977704883     
   15793852396648686.      ,   1.9429710185169973     
   16040631340346322.      ,   1.9313248108249437     
   16287410284043956.      ,   1.9198615461499602     
   16534189227741592.      ,   1.9085788267029551     
   16780968171439230.      ,   1.8974741968469280     
   17027747115136864.      ,   1.8865451534687281     
   17274526058834502.      ,   1.8757891554052639     
   17521305002532136.      ,   1.8652036319981196     
   17768083946229772.      ,   1.8547859908453217     
   18014862889927408.      ,   1.8445336248140891     
   18261641833625044.      ,   1.8344439183737631     
   18508420777322676.      ,   1.8245142533038254     
   18755199721020316.      ,   1.8147420138278403     
   19001978664717952.      ,   1.8051245912203930     
   19248757608415584.      ,   1.7956593879305804     
   19495536552113224.      ,   1.7863438212623119     
   19742315495810856.      ,   1.7771753266486390     
   19989094439508492.      ,   1.7681513605544779     
   20235873383206124.      ,   1.7592694030394576     
   20482652326903768.      ,   1.7505269600101638     
   20729431270601404.      ,   1.7419215651887827     
   20976210214299032.      ,   1.7334507818230254     
   21222989157996672.      ,   1.7251122041602631     
   21469768101694304.      ,   1.7169034587069909     
   21716547045391944.      ,   1.7088222052930466     
   21963325989089580.      ,   1.7008661379584706     
   22210104932787216.      ,   1.6930329856794335     
   22456883876484848.      ,   1.6853205129483577     
   22703662820182484.      ,   1.6777265202220899     
   22950441763880124.      ,   1.6702488442508758     
   23197220707577756.      ,   1.6628853582998240     
   23443999651275396.      ,   1.6556339722735742     
   23690778594973028.      ,   1.6484926327539986     
   23937557538670660.      ,   1.6414593229599288     
   24184336482368300.      ,   1.6345320626371491     
   24431115426065936.      ,   1.6277089078861873     
   24677894369763572.      ,   1.6209879509347884     
   24924673313461208.      ,   1.6143673198613675     
   25171452257158840.      ,   1.6078451782751788     
   25418231200856472.      ,   1.6014197249584401     
   25665010144554116.      ,   1.5950891934751872     
   25911789088251748.      ,   1.5888518517512058     
   26158568031949384.      ,   1.5827060016289844     
   26405346975647024.      ,   1.5766499784012977     
   26652125919344652.      ,   1.5706821503266686     
   26898904863042292.      ,   1.5648009181296696     
   27145683806739928.      ,   1.5590047144887516     
   27392462750437564.      ,   1.5532920035140101     
   27639241694135196.      ,   1.5476612802170893     
   27886020637832840.      ,   1.5421110699751919     
   28132799581530472.      ,   1.5366399279909773     
   28379578525228104.      ,   1.5312464387499398     
   28626357468925744.      ,   1.5259292154767121     
   28873136412623376.      ,   1.5206868995915630     
   29119915356321016.      ,   1.5155181601682481     
   29366694300018652.      ,   1.5104216933942263     
   29613473243716284.      ,   1.5053962220341524     
   29860252187413920.      ,   1.5004404948974446     
   30107031131111556.      ,   1.4955532863106402     
   30353810074809196.      ,   1.4907333955951492     
   30600589018506828.      ,   1.4859796465509607     
   30847367962204468.      ,   1.4812908869467625     
   31094146905902096.      ,   1.4766659880168818     
   31340925849599732.      ,   1.4721038439653966     
   31587704793297372.      ,   1.4676033714777093     
   31834483736995008.      ,   1.4631635092398234     
   32081262680692644.      ,   1.4587832174655324     
   32328041624390276.      ,   1.4544614774316720     
   32574820568087912.      ,   1.4501972910215724     
   32821599511785544.      ,   1.4459896802767989     
   33068378455483184.      ,   1.4418376869572453     
   33315157399180820.      ,   1.4377403721096234     
   33561936342878460.      ,   1.4336968156443581     
   33808715286576096.      ,   1.4297061159208964     
   34055494230273728.      ,   1.4257673893413898     
   34302273173971364.      ,   1.4218797699527295     
   34549052117669004.      ,   1.4180424090568620     
   34795831061366640.      ,   1.4142544748293386     
   35042610005064272.      ,   1.4105151519460004     
   35289388948761908.      ,   1.4068236412177308     
   35536167892459544.      ,   1.4031791592331604     
   35782946836157176.      ,   1.3995809380092383     
   36029725779854816.      ,   1.3960282246495470     
   36276504723552456.      ,   1.3925202810102484     
   36523283667250088.      ,   1.3890563833735476     
   36770062610947720.      ,   1.3856358221285414     
   37016841554645352.      ,   1.3822579014593270     
   37263620498342992.      ,   1.3789219390402485     
   37510399442040632.      ,   1.3756272657381390     
   37757178385738264.      ,   1.3723732253214329     
   38003957329435904.      ,   1.3691591741760147     
   38250736273133536.      ,   1.3659844810276638     
   38497515216831168.      ,   1.3628485266709700     
   38744294160528800.      ,   1.3597507037045775     
   38991073104226448.      ,   1.3566904162726312     
   39237852047924080.      ,   1.3536670798122841     
   39484630991621712.      ,   1.3506801208071417     
   39731409935319344.      ,   1.3477289765465077     
   39978188879016984.      ,   1.3448130948903037     
   40224967822714624.      ,   1.3419319340395350     
   40471746766412248.      ,   1.3390849623121741     
   40718525710109896.      ,   1.3362716579243372     
   40965304653807536.      ,   1.3334915087766410     
   41212083597505160.      ,   1.3307440122455989     
   41458862541202808.      ,   1.3280286749799555     
   41705641484900432.      ,   1.3253450127018394     
   41952420428598064.      ,   1.3226925500126101     
   42199199372295704.      ,   1.3200708202032989     
   42445978315993344.      ,   1.3174793650695240     
   42692757259690976.      ,   1.3149177347307761     
   42939536203388608.      ,   1.3123854874539702     
   43186315147086256.      ,   1.3098821894811523     
   43433094090783888.      ,   1.3074074148612700     
   43679873034481520.      ,   1.3049607452858969     
   43926651978179160.      ,   1.3025417699288218     
   44173430921876792.      ,   1.3001500852894017     
   44420209865574432.      ,   1.2977852950395918     
   44666988809272064.      ,   1.2954470098745527     
   44913767752969696.      ,   1.2931348473667579     
   45160546696667336.      ,   1.2908484318235032     
   45407325640364968.      ,   1.2885873941477404     
   45654104584062600.      ,   1.2863513717021531     
   45900883527760248.      ,   1.2841400081763883     
   46147662471457880.      ,   1.2819529534573724     
   46394441415155512.      ,   1.2797898635026270     
   46641220358853152.      ,   1.2776504002165168     
   46887999302550792.      ,   1.2755342313293556     
   47134778246248424.      ,   1.2734410302792907     
   47381557189946056.      ,   1.2713704760969076     
   47628336133643696.      ,   1.2693222532924857     
   47875115077341320.      ,   1.2672960517458256     
   48121894021038960.      ,   1.2652915665986049     
   48368672964736600.      ,   1.2633084981491820     
   48615451908434232.      ,   1.2613465517497966     
   48862230852131872.      ,   1.2594054377061044     
   49109009795829504.      ,   1.2574848711789868     
   49355788739527144.      ,   1.2555845720885823     
   49602567683224784.      ,   1.2537042650204799     
   49849346626922416.      ,   1.2518436791340277     
   50096125570620048.      ,   1.2500025480726962     
   50342904514317680.      ,   1.2481806098764519     
   50589683458015320.      ,   1.2463776068960897     
   50836462401712944.      ,   1.2445932857094750     
   51083241345410592.      ,   1.2428273970396457     
   51330020289108232.      ,   1.2410796956747383     
   51576799232805856.      ,   1.2393499403896799     
   51823578176503496.      ,   1.2376378938696131     
   52070357120201144.      ,   1.2359433226350065     
   52317136063898768.      ,   1.2342659969684124     
   52563915007596408.      ,   1.2326056908428256     
   52810693951294048.      ,   1.2309621818516145     
   53057472894991680.      ,   1.2293352511399767     
   53304251838689304.      ,   1.2277246833378854     
   53551030782386944.      ,   1.2261302664944929     
   53797809726084584.      ,   1.2245517920139521     
   54044588669782216.      ,   1.2229890545926250     
   54291367613479856.      ,   1.2214418521576411     
   54538146557177496.      ,   1.2199099858067788     
   54784925500875128.      ,   1.2183932597496294     
   55031704444572768.      ,   1.2168914812500240     
   55278483388270392.      ,   1.2154044605696837     
   55525262331968040.      ,   1.2139320109130671     
   55772041275665680.      ,   1.2124739483733895     
   56018820219363296.      ,   1.2110300918797821     
   56265599163060944.      ,   1.2096002631455629     
   56512378106758576.      ,   1.2081842866176014     
   56759157050456208.      ,   1.2067819894267395     
   57005935994153848.      ,   1.2053932013392523     
   57252714937851488.      ,   1.2040177547093218     
   57499493881549120.      ,   1.2026554844324990     
   57746272825246752.      ,   1.2013062279001321     
   57993051768944392.      ,   1.1999698249547368     
   58239830712642032.      ,   1.1986461178462893     
   58486609656339664.      ,   1.1973349511894187     
   58733388600037304.      ,   1.1960361719214778     
   58980167543734928.      ,   1.1947496292614750     
   59226946487432568.      ,   1.1934751746698384     
   59473725431130208.      ,   1.1922126618090079     
   59720504374827840.      ,   1.1909619465048233     
   59967283318525480.      ,   1.1897228867086931     
   60214062262223112.      ,   1.1884953424605309     
   60460841205920744.      ,   1.1872791758524384     
   60707620149618392.      ,   1.1860742509931153     
   60954399093316024.      ,   1.1848804339729853     
   61201178037013656.      ,   1.1836975928300191     
   61447956980711296.      ,   1.1825255975162376     
   61694735924408936.      ,   1.1813643198648804     
   61941514868106552.      ,   1.1802136335582285     
   62188293811804192.      ,   1.1790734140960588     
   62435072755501840.      ,   1.1779435387647259     
   62681851699199464.      ,   1.1768238866068466     
   62928630642897104.      ,   1.1757143383915840     
   63175409586594744.      ,   1.1746147765855102     
   63422188530292376.      ,   1.1735250853240371     
   63668967473990016.      ,   1.1724451503834081     
   63915746417687648.      ,   1.1713748591532247     
   64162525361385288.      ,   1.1703141006095132     
   64409304305082928.      ,   1.1692627652883081     
   64656083248780552.      ,   1.1682207452597420     
   64902862192478192.      ,   1.1671879341026381     
   65149641136175824.      ,   1.1661642268795849     
   65396420079873464.      ,   1.1651495201124893     
   65643199023571088.      ,   1.1641437117585944     
   65889977967268736.      ,   1.1631467011869552     
   66136756910966368.      ,   1.1621583891553562     
   66383535854664000.      ,   1.1611786777876698     
   66630314798361640.      ,   1.1602074705516385     
   66877093742059288.      ,   1.1592446722370757     
   67123872685756920.      ,   1.1582901889344781     
   67370651629454552.      ,   1.1573439280140307     
   67617430573152192.      ,   1.1564057981050140     
   67864209516849808.      ,   1.1554757090755854     
   68110988460547456.      ,   1.1545535720129416     
   68357767404245088.      ,   1.1536392992038440     
   68604546347942728.      ,   1.1527328041155087     
   68851325291640360.      ,   1.1518340013768447     
   69098104235338008.      ,   1.1509428067600342     
   69344883179035632.      ,   1.1500591371624622     
   69591662122733280.      ,   1.1491829105889597     
   69838441066430912.      ,   1.1483140461343848     
   70085220010128544.      ,   1.1474524639665127     
   70331998953826184.      ,   1.1465980853092383     
   70578777897523816.      ,   1.1457508324260850     
   70825556841221448.      ,   1.1449106286040054     
   71072335784919088.      ,   1.1440773981374799     
   71319114728616720.      ,   1.1432510663128974     
   71565893672314352.      ,   1.1424315593932155     
   71812672616011984.      ,   1.1416188046028979     
   72059451559709632.      ,   1.1408127301131152     
   72306230503407264.      ,   1.1400132650272146     
   72553009447104912.      ,   1.1392203393664422     
   72799788390802544.      ,   1.1384338840559205     
   73046567334500176.      ,   1.1376538309108750     
   73293346278197808.      ,   1.1368801126230985     
   73540125221895440.      ,   1.1361126627476572     
   73786904165593072.      ,   1.1353514156898274     
   74033683109290704.      ,   1.1345963066922624     
   74280462052988352.      ,   1.1338472718223809     
   74527240996685984.      ,   1.1331042479599778     
   74774019940383616.      ,   1.1323671727850444     
   75020798884081264.      ,   1.1316359847658066     
   75267577827778880.      ,   1.1309106231469648     
   75514356771476528.      ,   1.1301910279381351     
   75761135715174160.      ,   1.1294771399024950     
   76007914658871808.      ,   1.1287689005456181     
   76254693602569440.      ,   1.1280662521045022     
   76501472546267072.      ,   1.1273691375367838     
   76748251489964704.      ,   1.1266775005101375     
   76995030433662336.      ,   1.1259912853918528     
   77241809377359968.      ,   1.1253104372385903     
   77488588321057600.      ,   1.1246349017863089     
   77735367264755264.      ,   1.1239646254403628     
   77982146208452896.      ,   1.1232995552657694     
   78228925152150528.      ,   1.1226396389776314     
   78475704095848160.      ,   1.1219848249317295     
   78722483039545792.      ,   1.1213350621152642     
   78969261983243424.      ,   1.1206903001377573     
   79216040926941056.      ,   1.1200504892221017     
   79462819870638688.      ,   1.1194155801957599     
   79709598814336336.      ,   1.1187855244821092     
   79956377758033968.      ,   1.1181602740919288     
   80203156701731600.      ,   1.1175397816150274     
   80449935645429248.      ,   1.1169240002120109     
   80696714589126880.      ,   1.1163128836061789     
   80943493532824496.      ,   1.1157063860755603     
   81190272476522144.      ,   1.1151044624450748     
   81437051420219792.      ,   1.1145070680788247     
   81683830363917424.      ,   1.1139141588725101     
   81930609307615072.      ,   1.1133256912459675     
   82177388251312688.      ,   1.1127416221358297     
   82424167195010320.      ,   1.1121619089883026     
   82670946138707952.      ,   1.1115865097520616     
   82917725082405616.      ,   1.1110153828712588     
   83164504026103248.      ,   1.1104484872786444     
   83411282969800864.      ,   1.1098857823887947     
   83658061913498512.      ,   1.1093272280914543     
   83904840857196128.      ,   1.1087727847449791     
   84151619800893776.      ,   1.1082224131698857     
   84398398744591408.      ,   1.1076760746425030     
   84645177688289056.      ,   1.1071337308887221     
   84891956631986688.      ,   1.1065953440778498     
   85138735575684336.      ,   1.1060608768165545     
   85385514519381952.      ,   1.1055302921429075     
   85632293463079600.      ,   1.1050035535205207     
   85879072406777216.      ,   1.1044806248327732     
   86125851350474864.      ,   1.1039614703771305     
   86372630294172512.      ,   1.1034460548595506     
   86619409237870144.      ,   1.1029343433889760     
   86866188181567776.      ,   1.1024263014719149     
   87112967125265392.      ,   1.1019218950071026     
   87359746068963040.      ,   1.1014210902802484     
   87606525012660672.      ,   1.1009238539588604     
   87853303956358320.      ,   1.1004301530871528     
   88100082900055952.      ,   1.0999399550810307     
   88346861843753584.      ,   1.0994532277231490     
   88593640787451216.      ,   1.0989699391580532     
   88840419731148864.      ,   1.0984900578873860     
   89087198674846496.      ,   1.0980135527651755     
   89333977618544128.      ,   1.0975403929931864     
   89580756562241760.      ,   1.0970705481163510     
   89827535505939392.      ,   1.0966039880182599     
   90074314449637040.      ,   1.0961406829167297     
   90321093393334672.      ,   1.0956806033594300     
   90567872337032320.      ,   1.0952237202195807     
   90814651280729936.      ,   1.0947700046917137     
   91061430224427584.      ,   1.0943194282874955     
   91308209168125200.      ,   1.0938719628316145     
   91554988111822848.      ,   1.0934275804577294     
   91801767055520496.      ,   1.0929862536044777     
   92048545999218112.      ,   1.0925479550115422     
   92295324942915760.      ,   1.0921126577157791     
   92542103886613392.      ,   1.0916803350473991     
   92788882830311024.      ,   1.0912509606262097     
   93035661774008640.      ,   1.0908245083579089     
   93282440717706304.      ,   1.0904009524304350     
   93529219661403936.      ,   1.0899802673103707     
   93775998605101584.      ,   1.0895624277393989     
   94022777548799216.      ,   1.0891474087308113     
   94269556492496848.      ,   1.0887351855660667     
   94516335436194464.      ,   1.0883257337913999     
   94763114379892112.      ,   1.0879190292144809     
   95009893323589744.      ,   1.0875150479011220     
   95256672267287392.      ,   1.0871137661720314     
   95503451210985040.      ,   1.0867151605996159     
   95750230154682640.      ,   1.0863192080048285     
   95997009098380288.      ,   1.0859258854540612     
   96243788042077920.      ,   1.0855351702560818     
   96490566985775568.      ,   1.0851470399590197     
   96737345929473200.      ,   1.0847614723473851     
   96984124873170864.      ,   1.0843784454391416     
   97230903816868464.      ,   1.0839979374828126     
   97477682760566112.      ,   1.0836199269546332     
   97724461704263744.      ,   1.0832443925557402     
   97971240647961376.      ,   1.0828713132094046     
   98218019591659008.      ,   1.0825006680583000     
   98464798535356640.      ,   1.0821324364618128     
   98711577479054288.      ,   1.0817665979933870     
   98958356422751920.      ,   1.0814031324379094     
   99205135366449568.      ,   1.0810420197891319     
   99451914310147184.      ,   1.0806832402471249     
   99698693253844832.      ,   1.0803267742157718     
   99945472197542464.      ,   1.0799726023002976     
   1.0019225114124010E+017 ,   1.0796207053048299     
   1.0043903008493774E+017 ,   1.0792710642299945     
   1.0068580902863536E+017 ,   1.0789236602705448     
   1.0093258797233301E+017 ,   1.0785784748130252     
   1.0117936691603064E+017 ,   1.0782354894334656     
   1.0142614585972829E+017 ,   1.0778946858951071     
   1.0167292480342589E+017 ,   1.0775560461461602     
   1.0191970374712354E+017 ,   1.0772195523175936     
   1.0216648269082118E+017 ,   1.0768851867209548     
   1.0241326163451883E+017 ,   1.0765529318462168     
   1.0266004057821646E+017 ,   1.0762227703596576     
   1.0290681952191411E+017 ,   1.0758946851017694     
   1.0315359846561171E+017 ,   1.0755686590851921     
   1.0340037740930934E+017 ,   1.0752446754926792     
   1.0364715635300699E+017 ,   1.0749227176750893     
   1.0389393529670464E+017 ,   1.0746027691494049     
   1.0414071424040229E+017 ,   1.0742848135967789     
   1.0438749318409990E+017 ,   1.0739688348606076     
   1.0463427212779754E+017 ,   1.0736548169446269     
   1.0488105107149517E+017 ,   1.0733427440110392     
   1.0512783001519282E+017 ,   1.0730326003786612     
   1.0537460895889045E+017 ,   1.0727243705210983     
   1.0562138790258810E+017 ,   1.0724180390649420     
   1.0586816684628573E+017 ,   1.0721135907879957     
   1.0611494578998336E+017 ,   1.0718110106175183     
   1.0636172473368099E+017 ,   1.0715102836284949     
   1.0660850367737861E+017 ,   1.0712113950419300     
   1.0685528262107626E+017 ,   1.0709143302231645     
   1.0710206156477389E+017 ,   1.0706190746802093     
   1.0734884050847155E+017 ,   1.0703256140621100     
   1.0759561945216917E+017 ,   1.0700339341573262     
   1.0784239839586682E+017 ,   1.0697440208921334     
   1.0808917733956443E+017 ,   1.0694558603290505     
   1.0833595628326208E+017 ,   1.0691694386652797     
   1.0858273522695971E+017 ,   1.0688847422311762     
   1.0882951417065736E+017 ,   1.0686017574887312     
   1.0907629311435499E+017 ,   1.0683204710300762     
   1.0932307205805261E+017 ,   1.0680408695760095     
   1.0956985100175026E+017 ,   1.0677629399745379     
   1.0981662994544789E+017 ,   1.0674866691994425     
   1.1006340888914554E+017 ,   1.0672120443488562     
   1.1031018783284317E+017 ,   1.0669390526438665     
   1.1055696677654078E+017 ,   1.0666676814271330     
   1.1080374572023843E+017 ,   1.0663979181615213     
   1.1105052466393608E+017 ,   1.0661297504287590     
   1.1129730360763371E+017 ,   1.0658631659281046     
   1.1154408255133136E+017 ,   1.0655981524750364     
   1.1179086149502898E+017 ,   1.0653346979999558     
   1.1203764043872659E+017 ,   1.0650727905469113     
   1.1228441938242424E+017 ,   1.0648124182723329     
   1.1253119832612189E+017 ,   1.0645535694437875     
   1.1277797726981954E+017 ,   1.0642962324387495     
   1.1302475621351715E+017 ,   1.0640403957433846     
   1.1327153515721480E+017 ,   1.0637860479513503     
   1.1351831410091242E+017 ,   1.0635331777626142     
   1.1376509304461006E+017 ,   1.0632817739822815     
   1.1401187198830770E+017 ,   1.0630318255194440     
   1.1425865093200534E+017 ,   1.0627833213860389     
   1.1450542987570298E+017 ,   1.0625362506957234     
   1.1475220881940062E+017 ,   1.0622906026627639     
   1.1499898776309824E+017 ,   1.0620463666009399     
   1.1524576670679586E+017 ,   1.0618035319224572     
   1.1549254565049350E+017 ,   1.0615620881368821     
   1.1573932459419114E+017 ,   1.0613220248500825     
   1.1598610353788878E+017 ,   1.0610833317631851     
   1.1623288248158643E+017 ,   1.0608459986715457     
   1.1647966142528406E+017 ,   1.0606100154637306     
   1.1672644036898168E+017 ,   1.0603753721205129     
   1.1697321931267933E+017 ,   1.0601420587138788     
   1.1721999825637696E+017 ,   1.0599100654060494     
   1.1746677720007461E+017 ,   1.0596793824485102     
   1.1771355614377224E+017 ,   1.0594500001810578     
   1.1796033508746986E+017 ,   1.0592219090308526     
   1.1820711403116750E+017 ,   1.0589950995114898     
   1.1845389297486514E+017 ,   1.0587695622220754     
   1.1870067191856278E+017 ,   1.0585452878463149     
   1.1894745086226042E+017 ,   1.0583222671516201     
   1.1919422980595805E+017 ,   1.0581004909882157     
   1.1944100874965568E+017 ,   1.0578799502882652     
   1.1968778769335333E+017 ,   1.0576606360650038     
   1.1993456663705096E+017 ,   1.0574425394118829     
   1.2018134558074861E+017 ,   1.0572256515017238     
   1.2042812452444622E+017 ,   1.0570099635858849     
   1.2067490346814386E+017 ,   1.0567954669934339     
   1.2092168241184149E+017 ,   1.0565821531303341     
   1.2116846135553914E+017 ,   1.0563700134786407     
   1.2141524029923678E+017 ,   1.0561590395957015     
   1.2166201924293440E+017 ,   1.0559492231133749     
   1.2190879818663205E+017 ,   1.0557405557372512     
   1.2215557713032968E+017 ,   1.0555330292458855     
   1.2240235607402731E+017 ,   1.0553266354900410     
   1.2264913501772493E+017 ,   1.0551213663919385     
   1.2289591396142259E+017 ,   1.0549172139445175     
   1.2314269290512022E+017 ,   1.0547141702107043     
   1.2338947184881787E+017 ,   1.0545122273226899     
   1.2363625079251550E+017 ,   1.0543113774812163     
   1.2388302973621310E+017 ,   1.0541116129548698     
   1.2412980867991075E+017 ,   1.0539129260793862     
   1.2437658762360838E+017 ,   1.0537153092569600     
   1.2462336656730603E+017 ,   1.0535187549555636     
   1.2487014551100368E+017 ,   1.0533232557082763     
   1.2511692445470133E+017 ,   1.0531288041126188     
   1.2536370339839893E+017 ,   1.0529353928298937     
   1.2561048234209658E+017 ,   1.0527430145845418     
   1.2585726128579421E+017 ,   1.0525516621634936     
   1.2610404022949186E+017 ,   1.0523613284155420     
   1.2635081917318949E+017 ,   1.0521720062507096     
   1.2659759811688712E+017 ,   1.0519836886396334     
   1.2684437706058475E+017 ,   1.0517963686129508     
   1.2709115600428238E+017 ,   1.0516100392606933     
   1.2733793494798003E+017 ,   1.0514246937316925     
   1.2758471389167766E+017 ,   1.0512403252329834     
   1.2783149283537530E+017 ,   1.0510569270292249     
   1.2807827177907293E+017 ,   1.0508744924421205     
   1.2832505072277058E+017 ,   1.0506930148498448     
   1.2857182966646821E+017 ,   1.0505124876864844     
   1.2881860861016586E+017 ,   1.0503329044414749     
   1.2906538755386347E+017 ,   1.0501542586590538     
   1.2931216649756110E+017 ,   1.0499765439377118     
   1.2955894544125875E+017 ,   1.0497997539296562     
   1.2980572438495638E+017 ,   1.0496238823402773     
   1.3005250332865403E+017 ,   1.0494489229276216     
   1.3029928227235165E+017 ,   1.0492748695018725     
   1.3054606121604930E+017 ,   1.0491017159248333     
   1.3079284015974693E+017 ,   1.0489294561094218     
   1.3103961910344458E+017 ,   1.0487580840191619     
   1.3128639804714218E+017 ,   1.0485875936676923     
   1.3153317699083982E+017 ,   1.0484179791182708     
   1.3177995593453747E+017 ,   1.0482492344832888     
   1.3202673487823514E+017 ,   1.0480813539237914     
   1.3227351382193274E+017 ,   1.0479143316490016     
   1.3252029276563037E+017 ,   1.0477481619158502     
   1.3276707170932800E+017 ,   1.0475828390285122     
   1.3301385065302563E+017 ,   1.0474183573379450     
   1.3326062959672328E+017 ,   1.0472547112414365     
   1.3350740854042091E+017 ,   1.0470918951821551     
   1.3375418748411858E+017 ,   1.0469299036487045     
   1.3400096642781621E+017 ,   1.0467687311746863     
   1.3424774537151384E+017 ,   1.0466083723382631     
   1.3449452431521144E+017 ,   1.0464488217617314     
   1.3474130325890910E+017 ,   1.0462900741110963     
   1.3498808220260674E+017 ,   1.0461321240956492     
   1.3523486114630438E+017 ,   1.0459749664675557     
   1.3548164009000202E+017 ,   1.0458185960214421     
   1.3572841903369962E+017 ,   1.0456630075939912     
   1.3597519797739728E+017 ,   1.0455081960635380     
   1.3622197692109491E+017 ,   1.0453541563496749     
   1.3646875586479254E+017 ,   1.0452008834128570     
   1.3671553480849018E+017 ,   1.0450483722540138     
   1.3696231375218784E+017 ,   1.0448966179141652     
   1.3720909269588546E+017 ,   1.0447456154740400     
   1.3745587163958309E+017 ,   1.0445953600537015     
   1.3770265058328072E+017 ,   1.0444458468121731     
   1.3794942952697835E+017 ,   1.0442970709470742     
   1.3819620847067602E+017 ,   1.0441490276942522     
   1.3844298741437362E+017 ,   1.0440017123274237     
   1.3868976635807126E+017 ,   1.0438551201578208     
   1.3893654530176890E+017 ,   1.0437092465338347     
   1.3918332424546656E+017 ,   1.0435640868406717     
   1.3943010318916416E+017 ,   1.0434196365000044     
   1.3967688213286182E+017 ,   1.0432758909696345     
   1.3992366107655946E+017 ,   1.0431328457431521     
   1.4017044002025709E+017 ,   1.0429904963496048     
   1.4041721896395474E+017 ,   1.0428488383531656     
   1.4066399790765237E+017 ,   1.0427078673528081     
   1.4091077685135000E+017 ,   1.0425675789819819     
   1.4115755579504763E+017 ,   1.0424279689082951     
   1.4140433473874526E+017 ,   1.0422890328331949     
   1.4165111368244290E+017 ,   1.0421507664916581     
   1.4189789262614053E+017 ,   1.0420131656518794     
   1.4214467156983818E+017 ,   1.0418762261149670     
   1.4239145051353581E+017 ,   1.0417399437146377     
   1.4263822945723344E+017 ,   1.0416043143169196     
   1.4288500840093110E+017 ,   1.0414693338198522     
   1.4313178734462870E+017 ,   1.0413349981531974     
   1.4337856628832634E+017 ,   1.0412013032781446     
   1.4362534523202397E+017 ,   1.0410682451870270     
   1.4387212417572162E+017 ,   1.0409358199030361     
   1.4411890311941926E+017 ,   1.0408040234799389     
   1.4436568206311686E+017 ,   1.0406728520018040     
   1.4461246100681453E+017 ,   1.0405423015827202     
   1.4485923995051216E+017 ,   1.0404123683665298     
   1.4510601889420982E+017 ,   1.0402830485265544     
   1.4535279783790746E+017 ,   1.0401543382653313     
   1.4559957678160509E+017 ,   1.0400262338143484     
   1.4584635572530272E+017 ,   1.0398987314337818     
   1.4609313466900035E+017 ,   1.0397718274122394     
   1.4633991361269798E+017 ,   1.0396455180665025     
   1.4658669255639562E+017 ,   1.0395197997412760     
   1.4683347150009325E+017 ,   1.0393946688089333     
   1.4708025044379088E+017 ,   1.0392701216692721     
   1.4732702938748851E+017 ,   1.0391461547492684     
   1.4757380833118614E+017 ,   1.0390227645028314     
   1.4782058727488378E+017 ,   1.0388999474105651     
   1.4806736621858141E+017 ,   1.0387776999795291     
   1.4831414516227907E+017 ,   1.0386560187430052     
   1.4856092410597670E+017 ,   1.0385349002602611     
   1.4880770304967437E+017 ,   1.0384143411163236     
   1.4905448199337197E+017 ,   1.0382943379217462     
   1.4930126093706963E+017 ,   1.0381748873123864     
   1.4954803988076723E+017 ,   1.0380559859491800     
   1.4979481882446486E+017 ,   1.0379376305179213     
   1.5004159776816253E+017 ,   1.0378198177290419     
   1.5028837671186016E+017 ,   1.0377025443173959     
   1.5053515565555776E+017 ,   1.0375858070420434     
   1.5078193459925539E+017 ,   1.0374696026860399     
   1.5102871354295306E+017 ,   1.0373539280562232     
   1.5127549248665069E+017 ,   1.0372387799830085     
   1.5152227143034832E+017 ,   1.0371241553201784     
   1.5176905037404598E+017 ,   1.0370100509446829     
   1.5201582931774362E+017 ,   1.0368964637564340     
   1.5226260826144125E+017 ,   1.0367833906781077     
   1.5250938720513888E+017 ,   1.0366708286549446     
   1.5275616614883651E+017 ,   1.0365587746545553     
   1.5300294509253414E+017 ,   1.0364472256667248     
   1.5324972403623178E+017 ,   1.0363361787032221     
   1.5349650297992941E+017 ,   1.0362256307976101     
   1.5374328192362704E+017 ,   1.0361155790050536     
   1.5399006086732467E+017 ,   1.0360060204021382     
   1.5423683981102234E+017 ,   1.0358969520866821     
   1.5448361875471994E+017 ,   1.0357883711775551     
   1.5473039769841757E+017 ,   1.0356802748144962     
   1.5497717664211520E+017 ,   1.0355726601579360     
   1.5522395558581286E+017 ,   1.0354655243888189     
   1.5547073452951053E+017 ,   1.0353588647084278     
   1.5571751347320813E+017 ,   1.0352526783382077     
   1.5596429241690579E+017 ,   1.0351469625195977     
   1.5621107136060342E+017 ,   1.0350417145138580     
   1.5645785030430106E+017 ,   1.0349369316019015     
   1.5670462924799866E+017 ,   1.0348326110841259     
   1.5695140819169632E+017 ,   1.0347287502802514     
   1.5719818713539392E+017 ,   1.0346253465291519     
   1.5744496607909158E+017 ,   1.0345223971886974     
   1.5769174502278922E+017 ,   1.0344198996355902     
   1.5793852396648685E+017 ,   1.0343178512652076     
   1.5818530291018448E+017 ,   1.0342162494914438     
   1.5843208185388211E+017 ,   1.0341150917465529     
   1.5867886079757978E+017 ,   1.0340143754809958     
   1.5892563974127738E+017 ,   1.0339140981632875     
   1.5917241868497507E+017 ,   1.0338142572798432     
   1.5941919762867267E+017 ,   1.0337148503348315     
   1.5966597657237030E+017 ,   1.0336158748500226     
   1.5991275551606794E+017 ,   1.0335173283646435     
   1.6015953445976557E+017 ,   1.0334192084352309     
   1.6040631340346320E+017 ,   1.0333215126354884     
   1.6065309234716086E+017 ,   1.0332242385561405     
   1.6089987129085850E+017 ,   1.0331273838047961     
   1.6114665023455613E+017 ,   1.0330309460058020     
   1.6139342917825376E+017 ,   1.0329349228001092     
   1.6164020812195136E+017 ,   1.0328393118451327     
   1.6188698706564899E+017 ,   1.0327441108146163     
   1.6213376600934666E+017 ,   1.0326493173984972     
   1.6238054495304429E+017 ,   1.0325549293027725     
   1.6262732389674195E+017 ,   1.0324609442493662     
   1.6287410284043958E+017 ,   1.0323673599759995     
   1.6312088178413722E+017 ,   1.0322741742360597     
   1.6336766072783485E+017 ,   1.0321813847984724     
   1.6361443967153248E+017 ,   1.0320889894475727     
   1.6386121861523014E+017 ,   1.0319969859829814     
   1.6410799755892771E+017 ,   1.0319053722194771     
   1.6435477650262538E+017 ,   1.0318141459868748     
   1.6460155544632301E+017 ,   1.0317233051299017     
   1.6484833439002064E+017 ,   1.0316328475080765     
   1.6509511333371827E+017 ,   1.0315427709955880     
   1.6534189227741590E+017 ,   1.0314530734811780     
   1.6558867122111357E+017 ,   1.0313637528680200     
   1.6583545016481123E+017 ,   1.0312748070736051     
   1.6608222910850883E+017 ,   1.0311862340296245     
   1.6632900805220650E+017 ,   1.0310980316818561     
   1.6657578699590410E+017 ,   1.0310101979900486     
   1.6682256593960173E+017 ,   1.0309227309278086     
   1.6706934488329936E+017 ,   1.0308356284824935     
   1.6731612382699702E+017 ,   1.0307488886550946     
   1.6756290277069466E+017 ,   1.0306625094601327     
   1.6780968171439226E+017 ,   1.0305764889255460     
   1.6805646065808992E+017 ,   1.0304908250925846     
   1.6830323960178755E+017 ,   1.0304055160157022     
   1.6855001854548522E+017 ,   1.0303205597624527     
   1.6879679748918282E+017 ,   1.0302359544133839     
   1.6904357643288045E+017 ,   1.0301516980619341     
   1.6929035537657811E+017 ,   1.0300677888143299     
   1.6953713432027571E+017 ,   1.0299842247894846     
   1.6978391326397338E+017 ,   1.0299010041188956     
   1.7003069220767101E+017 ,   1.0298181249465477     
   1.7027747115136867E+017 ,   1.0297355854288115     
   1.7052425009506627E+017 ,   1.0296533837343451     
   1.7077102903876390E+017 ,   1.0295715180439995     
   1.7101780798246157E+017 ,   1.0294899865507201     
   1.7126458692615920E+017 ,   1.0294087874594522     
   1.7151136586985680E+017 ,   1.0293279189870459     
   1.7175814481355443E+017 ,   1.0292473793621624     
   1.7200492375725206E+017 ,   1.0291671668251829     
   1.7225170270094973E+017 ,   1.0290872796281136     
   1.7249848164464736E+017 ,   1.0290077160344973     
   1.7274526058834502E+017 ,   1.0289284743193210     
   1.7299203953204266E+017 ,   1.0288495527689281     
   1.7323881847574029E+017 ,   1.0287709496809287     
   1.7348559741943792E+017 ,   1.0286926633641122     
   1.7373237636313555E+017 ,   1.0286146921383581     
   1.7397915530683322E+017 ,   1.0285370343345548     
   1.7422593425053078E+017 ,   1.0284596882945070     
   1.7447271319422845E+017 ,   1.0283826523708581     
   1.7471949213792608E+017 ,   1.0283059249270008     
   1.7496627108162371E+017 ,   1.0282295043369949     
   1.7521305002532134E+017 ,   1.0281533889854879     
   1.7545982896901898E+017 ,   1.0280775772676287     
   1.7570660791271664E+017 ,   1.0280020675889909     
   1.7595338685641424E+017 ,   1.0279268583654888     
   1.7620016580011190E+017 ,   1.0278519480232990     
   1.7644694474380954E+017 ,   1.0277773349987838     
   1.7669372368750717E+017 ,   1.0277030177384092     
   1.7694050263120480E+017 ,   1.0276289946986696     
   1.7718728157490243E+017 ,   1.0275552643460106     
   1.7743406051860010E+017 ,   1.0274818251567528     
   1.7768083946229773E+017 ,   1.0274086756170162     
   1.7792761840599533E+017 ,   1.0273358142226456     
   1.7817439734969299E+017 ,   1.0272632394791366     
   1.7842117629339062E+017 ,   1.0271909499015603     
   1.7866795523708826E+017 ,   1.0271189440144950     
   1.7891473418078586E+017 ,   1.0270472203519474     
   1.7916151312448352E+017 ,   1.0269757774572872     
   1.7940829206818115E+017 ,   1.0269046138831721     
   1.7965507101187878E+017 ,   1.0268337281914797     
   1.7990184995557645E+017 ,   1.0267631189532360     
   1.8014862889927408E+017 ,   1.0266927847485490     
   1.8039540784297174E+017 ,   1.0266227241665369     
   1.8064218678666934E+017 ,   1.0265529358052619     
   1.8088896573036698E+017 ,   1.0264834182716633     
   1.8113574467406464E+017 ,   1.0264141701814899     
   1.8138252361776221E+017 ,   1.0263451901592346     
   1.8162930256145987E+017 ,   1.0262764768380677     
   1.8187608150515750E+017 ,   1.0262080288597730     
   1.8212286044885517E+017 ,   1.0261398448746821     
   1.8236963939255277E+017 ,   1.0260719235416131     
   1.8261641833625040E+017 ,   1.0260042635278035     
   1.8286319727994806E+017 ,   1.0259368635088508     
   1.8310997622364570E+017 ,   1.0258697221686486     
   1.8335675516734336E+017 ,   1.0258028381993241     
   1.8360353411104099E+017 ,   1.0257362103011793     
   1.8385031305473859E+017 ,   1.0256698371826289     
   1.8409709199843622E+017 ,   1.0256037175601387     
   1.8434387094213386E+017 ,   1.0255378501581693     
   1.8459064988583152E+017 ,   1.0254722337091142     
   1.8483742882952915E+017 ,   1.0254068669532432     
   1.8508420777322678E+017 ,   1.0253417486386420     
   1.8533098671692442E+017 ,   1.0252768775211569     
   1.8557776566062205E+017 ,   1.0252122523643357     
   1.8582454460431971E+017 ,   1.0251478719393734     
   1.8607132354801728E+017 ,   1.0250837350250528     
   1.8631810249171498E+017 ,   1.0250198404076927     
   1.8656488143541261E+017 ,   1.0249561868810895     
   1.8681166037911021E+017 ,   1.0248927732464641     
   1.8705843932280787E+017 ,   1.0248295983124065     
   1.8730521826650550E+017 ,   1.0247666608948236     
   1.8755199721020317E+017 ,   1.0247039598168837     
   1.8779877615390077E+017 ,   1.0246414939089659     
   1.8804555509759843E+017 ,   1.0245792620086061     
   1.8829233404129606E+017 ,   1.0245172629604451     
   1.8853911298499370E+017 ,   1.0244554956161780     
   1.8878589192869130E+017 ,   1.0243939588345010     
   1.8903267087238893E+017 ,   1.0243326514810642     
   1.8927944981608659E+017 ,   1.0242715724284164     
   1.8952622875978422E+017 ,   1.0242107205559605     
   1.8977300770348182E+017 ,   1.0241500947498996     
   1.9001978664717949E+017 ,   1.0240896939031905     
   1.9026656559087715E+017 ,   1.0240295169154940     
   1.9051334453457478E+017 ,   1.0239695626931276     
   1.9076012347827242E+017 ,   1.0239098301490170     
   1.9100690242197008E+017 ,   1.0238503182026484     
   1.9125368136566771E+017 ,   1.0237910257800218     
   1.9150046030936528E+017 ,   1.0237319518136041     
   1.9174723925306294E+017 ,   1.0236730952422843     
   1.9199401819676058E+017 ,   1.0236144550113246     
   1.9224079714045824E+017 ,   1.0235560300723183     
   1.9248757608415584E+017 ,   1.0234978193831421     
   1.9273435502785347E+017 ,   1.0234398219079117     
   1.9298113397155114E+017 ,   1.0233820366169397     
   1.9322791291524874E+017 ,   1.0233244624866886     
   1.9347469185894640E+017 ,   1.0232670984997283     
   1.9372147080264403E+017 ,   1.0232099436446942     
   1.9396824974634173E+017 ,   1.0231529969162407     
   1.9421502869003930E+017 ,   1.0230962573150035     
   1.9446180763373693E+017 ,   1.0230397238475524     
   1.9470858657743459E+017 ,   1.0229833955263525     
   1.9495536552113222E+017 ,   1.0229272713697222     
   1.9520214446482986E+017 ,   1.0228713504017910     
   1.9544892340852749E+017 ,   1.0228156316524599     
   1.9569570235222512E+017 ,   1.0227601141573590     
   1.9594248129592275E+017 ,   1.0227047969578094     
   1.9618926023962035E+017 ,   1.0226496791007822     
   1.9643603918331802E+017 ,   1.0225947596388580     
   1.9668281812701565E+017 ,   1.0225400376301903     
   1.9692959707071328E+017 ,   1.0224855121384633     
   1.9717637601441094E+017 ,   1.0224311822328565     
   1.9742315495810858E+017 ,   1.0223770469880027     
   1.9766993390180624E+017 ,   1.0223231054839546     
   1.9791671284550384E+017 ,   1.0222693568061425     
   1.9816349178920150E+017 ,   1.0222158000453407     
   1.9841027073289914E+017 ,   1.0221624342976265     
   1.9865704967659670E+017 ,   1.0221092586643477     
   1.9890382862029437E+017 ,   1.0220562722520825     
   1.9915060756399200E+017 ,   1.0220034741726063     
   1.9939738650768966E+017 ,   1.0219508635428531     
   1.9964416545138726E+017 ,   1.0218984394848813     
   1.9989094439508493E+017 ,   1.0218462011258378     
   2.0013772333878256E+017 ,   1.0217941475979244     
   2.0038450228248019E+017 ,   1.0217422780383603     
   2.0063128122617786E+017 ,   1.0216905915893504     
   2.0087806016987549E+017 ,   1.0216390873980481     
   2.0112483911357315E+017 ,   1.0215877646165257     
   2.0137161805727072E+017 ,   1.0215366224017355     
   2.0161839700096835E+017 ,   1.0214856599154805     
   2.0186517594466602E+017 ,   1.0214348763243783     
   2.0211195488836365E+017 ,   1.0213842707998306     
   2.0235873383206128E+017 ,   1.0213338425179901     
   2.0260551277575891E+017 ,   1.0212835906597253     
   2.0285229171945658E+017 ,   1.0212335144105928     
   2.0309907066315421E+017 ,   1.0211836129608021     
   2.0334584960685178E+017 ,   1.0211338855051859     
   2.0359262855054947E+017 ,   1.0210843312431661     
   2.0383940749424707E+017 ,   1.0210349493787279     
   2.0408618643794474E+017 ,   1.0209857391203816     
   2.0433296538164237E+017 ,   1.0209366996811384     
   2.0457974432534000E+017 ,   1.0208878302784772     
   2.0482652326903766E+017 ,   1.0208391301343143     
   2.0507330221273526E+017 ,   1.0207905984749732     
   2.0532008115643293E+017 ,   1.0207422345311570     
   2.0556686010013056E+017 ,   1.0206940375379165     
   2.0581363904382822E+017 ,   1.0206460067346228     
   2.0606041798752579E+017 ,   1.0205981413649363     
   2.0630719693122342E+017 ,   1.0205504406767811     
   2.0655397587492109E+017 ,   1.0205029039223119     
   2.0680075481861869E+017 ,   1.0204555303578904     
   2.0704753376231635E+017 ,   1.0204083192440532     
   2.0729431270601398E+017 ,   1.0203612698454874     
   2.0754109164971165E+017 ,   1.0203143814310001     
   2.0778787059340928E+017 ,   1.0202676532734922     
   2.0803464953710691E+017 ,   1.0202210846499313     
   2.0828142848080458E+017 ,   1.0201746748413247     
   2.0852820742450221E+017 ,   1.0201284231326906     
   2.0877498636819981E+017 ,   1.0200823288130350     
   2.0902176531189744E+017 ,   1.0200363911753219     
   2.0926854425559507E+017 ,   1.0199906095164497     
   2.0951532319929274E+017 ,   1.0199449831372227     
   2.0976210214299034E+017 ,   1.0198995113423273     
   2.1000888108668800E+017 ,   1.0198541934403056     
   2.1025566003038563E+017 ,   1.0198090287435297     
   2.1050243897408323E+017 ,   1.0197640165681772     
   2.1074921791778090E+017 ,   1.0197191562342054     
   2.1099599686147853E+017 ,   1.0196744470653267     
   2.1124277580517619E+017 ,   1.0196298883889843     
   2.1148955474887379E+017 ,   1.0195854795363271     
   2.1173633369257146E+017 ,   1.0195412198421854     
   2.1198311263626909E+017 ,   1.0194971086450473     
   2.1222989157996672E+017 ,   1.0194531452870357     
   2.1247667052366435E+017 ,   1.0194093291138817     
   2.1272344946736198E+017 ,   1.0193656594749039     
   2.1297022841105965E+017 ,   1.0193221357229831     
   2.1321700735475722E+017 ,   1.0192787572145410     
   2.1346378629845485E+017 ,   1.0192355233095147     
   2.1371056524215251E+017 ,   1.0191924333713358     
   2.1395734418585014E+017 ,   1.0191494867669071     
   2.1420412312954778E+017 ,   1.0191066828665802     
   2.1445090207324544E+017 ,   1.0190640210441326     
   2.1469768101694310E+017 ,   1.0190215006767462     
   2.1494445996064074E+017 ,   1.0189791211449846     
   2.1519123890433834E+017 ,   1.0189368818327724     
   2.1543801784803600E+017 ,   1.0188947821273719     
   2.1568479679173363E+017 ,   1.0188528214193633     
   2.1593157573543123E+017 ,   1.0188109991026217     
   2.1617835467912886E+017 ,   1.0187693145742971     
   2.1642513362282650E+017 ,   1.0187277672347923     
   2.1667191256652416E+017 ,   1.0186863564877437     
   2.1691869151022176E+017 ,   1.0186450817399992     
   2.1716547045391942E+017 ,   1.0186039424015967     
   2.1741224939761706E+017 ,   1.0185629378857461     
   2.1765902834131472E+017 ,   1.0185220676088076     
   2.1790580728501232E+017 ,   1.0184813309902716     
   2.1815258622870998E+017 ,   1.0184407274527387     
   2.1839936517240765E+017 ,   1.0184002564218999     
   2.1864614411610522E+017 ,   1.0183599173265185     
   2.1889292305980288E+017 ,   1.0183197095984065     
   2.1913970200350051E+017 ,   1.0182796326724106     
   2.1938648094719814E+017 ,   1.0182396859863883     
   2.1963325989089578E+017 ,   1.0181998689811915     
   2.1988003883459341E+017 ,   1.0181601811006460     
   2.2012681777829107E+017 ,   1.0181206217915337     
   2.2037359672198870E+017 ,   1.0180811905035747     
   2.2062037566568634E+017 ,   1.0180418866894059     
   2.2086715460938394E+017 ,   1.0180027098045645     
   2.2111393355308157E+017 ,   1.0179636593074703     
   2.2136071249677923E+017 ,   1.0179247346594065     
   2.2160749144047686E+017 ,   1.0178859353245013     
   2.2185427038417453E+017 ,   1.0178472607697113     
   2.2210104932787216E+017 ,   1.0178087104648033     
   2.2234782827156976E+017 ,   1.0177702838823353     
   2.2259460721526742E+017 ,   1.0177319804976406     
   2.2284138615896506E+017 ,   1.0176937997888105     
   2.2308816510266272E+017 ,   1.0176557412366762     
   2.2333494404636029E+017 ,   1.0176178043247919     
   2.2358172299005795E+017 ,   1.0175799885394177     
   2.2382850193375558E+017 ,   1.0175422933695029     
   2.2407528087745318E+017 ,   1.0175047183066701     
   2.2432205982115085E+017 ,   1.0174672628451960     
   2.2456883876484848E+017 ,   1.0174299264819981     
   2.2481561770854614E+017 ,   1.0173927087166166     
   2.2506239665224378E+017 ,   1.0173556090511975     
   2.2530917559594141E+017 ,   1.0173186269904779     
   2.2555595453963907E+017 ,   1.0172817620417689     
   2.2580273348333667E+017 ,   1.0172450137149405     
   2.2604951242703430E+017 ,   1.0172083815224056     
   2.2629629137073194E+017 ,   1.0171718649791028     
   2.2654307031442960E+017 ,   1.0171354636024830     
   2.2678984925812723E+017 ,   1.0170991769124931     
   2.2703662820182483E+017 ,   1.0170630044315607     
   2.2728340714552250E+017 ,   1.0170269456845775     
   2.2753018608922013E+017 ,   1.0169910001988860     
   2.2777696503291776E+017 ,   1.0169551675042641     
   2.2802374397661539E+017 ,   1.0169194471329095     
   2.2827052292031302E+017 ,   1.0168838386194252     
   2.2851730186401069E+017 ,   1.0168483415008043     
   2.2876408080770829E+017 ,   1.0168129553164171     
   2.2901085975140595E+017 ,   1.0167776796079935     
   2.2925763869510358E+017 ,   1.0167425139196120     
   2.2950441763880125E+017 ,   1.0167074577976833     
   2.2975119658249885E+017 ,   1.0166725107909362     
   2.2999797552619648E+017 ,   1.0166376724504047     
   2.3024475446989414E+017 ,   1.0166029423294123     
   2.3049153341359171E+017 ,   1.0165683199835589     
   2.3073831235728938E+017 ,   1.0165338049707087     
   2.3098509130098701E+017 ,   1.0164993968509726     
   2.3123187024468464E+017 ,   1.0164650951866978     
   2.3147864918838227E+017 ,   1.0164308995424542     
   2.3172542813207994E+017 ,   1.0163968094850180     
   2.3197220707577757E+017 ,   1.0163628245833618     
   2.3221898601947523E+017 ,   1.0163289444086399     
   2.3246576496317286E+017 ,   1.0162951685341752     
   2.3271254390687050E+017 ,   1.0162614965354462     
   2.3295932285056813E+017 ,   1.0162279279900723     
   2.3320610179426573E+017 ,   1.0161944624778059     
   2.3345288073796336E+017 ,   1.0161610995805126     
   2.3369965968166102E+017 ,   1.0161278388821655     
   2.3394643862535866E+017 ,   1.0160946799688277     
   2.3419321756905626E+017 ,   1.0160616224286412     
   2.3443999651275392E+017 ,   1.0160286658518147     
   2.3468677545645155E+017 ,   1.0159958098306123     
   2.3493355440014922E+017 ,   1.0159630539593389     
   2.3518033334384682E+017 ,   1.0159303978343295     
   2.3542711228754448E+017 ,   1.0158978410539381     
   2.3567389123124214E+017 ,   1.0158653832185220     
   2.3592067017493971E+017 ,   1.0158330239304345     
   2.3616744911863738E+017 ,   1.0158007627940098     
   2.3641422806233501E+017 ,   1.0157685994155525     
   2.3666100700603267E+017 ,   1.0157365334033264     
   2.3690778594973027E+017 ,   1.0157045643675413     
   2.3715456489342790E+017 ,   1.0156726919203420     
   2.3740134383712557E+017 ,   1.0156409156757986     
   2.3764812278082320E+017 ,   1.0156092352498933     
   2.3789490172452083E+017 ,   1.0155776502605089     
   2.3814168066821843E+017 ,   1.0155461603274187     
   2.3838845961191610E+017 ,   1.0155147650722756     
   2.3863523855561373E+017 ,   1.0154834641185988     
   2.3888201749931136E+017 ,   1.0154522570917663     
   2.3912879644300902E+017 ,   1.0154211436190002     
   2.3937557538670666E+017 ,   1.0153901233293599     
   2.3962235433040429E+017 ,   1.0153591958537262     
   2.3986913327410192E+017 ,   1.0153283608247967     
   2.4011591221779955E+017 ,   1.0152976178770701     
   2.4036269116149722E+017 ,   1.0152669666468386     
   2.4060947010519478E+017 ,   1.0152364067721760     
   2.4085624904889245E+017 ,   1.0152059378929272     
   2.4110302799259008E+017 ,   1.0151755596506997     
   2.4134980693628771E+017 ,   1.0151452716888516     
   2.4159658587998534E+017 ,   1.0151150736524812     
   2.4184336482368298E+017 ,   1.0150849651884186     
   2.4209014376738064E+017 ,   1.0150549459452136     
   2.4233692271107827E+017 ,   1.0150250155731273     
   2.4258370165477594E+017 ,   1.0149951737241214     
   2.4283048059847357E+017 ,   1.0149654200518483     
   2.4307725954217117E+017 ,   1.0149357542116426     
   2.4332403848586880E+017 ,   1.0149061758605082     
   2.4357081742956643E+017 ,   1.0148766846571138     
   2.4381759637326410E+017 ,   1.0148472802617770     
   2.4406437531696173E+017 ,   1.0148179623364606     
   2.4431115426065936E+017 ,   1.0147887305447589     
   2.4455793320435699E+017 ,   1.0147595845518913     
   2.4480471214805462E+017 ,   1.0147305240246907     
   2.4505149109175226E+017 ,   1.0147015486315951     
   2.4529827003544986E+017 ,   1.0146726580426391     
   2.4554504897914755E+017 ,   1.0146438519294438     
   2.4579182792284518E+017 ,   1.0146151299652086     
   2.4603860686654278E+017 ,   1.0145864918246998     
   2.4628538581024045E+017 ,   1.0145579371842450     
   2.4653216475393808E+017 ,   1.0145294657217225     
   2.4677894369763574E+017 ,   1.0145010771165521     
   2.4702572264133334E+017 ,   1.0144727710496866     
   2.4727250158503101E+017 ,   1.0144445472036034     
   2.4751928052872864E+017 ,   1.0144164052622957     
   2.4776605947242621E+017 ,   1.0143883449112634     
   2.4801283841612387E+017 ,   1.0143603658375062     
   2.4825961735982150E+017 ,   1.0143324677295118     
   2.4850639630351917E+017 ,   1.0143046502772510     
   2.4875317524721677E+017 ,   1.0142769131721674     
   2.4899995419091440E+017 ,   1.0142492561071696     
   2.4924673313461206E+017 ,   1.0142216787766221     
   2.4949351207830973E+017 ,   1.0141941808763384     
   2.4974029102200736E+017 ,   1.0141667621035710     
   2.4998706996570499E+017 ,   1.0141394221570066     
   2.5023384890940266E+017 ,   1.0141121607367534     
   2.5048062785310022E+017 ,   1.0140849775443372     
   2.5072740679679786E+017 ,   1.0140578722826910     
   2.5097418574049552E+017 ,   1.0140308446561479     
   2.5122096468419315E+017 ,   1.0140038943704328     
   2.5146774362789078E+017 ,   1.0139770211326564     
   2.5171452257158842E+017 ,   1.0139502246513041     
   2.5196130151528605E+017 ,   1.0139235046362318     
   2.5220808045898371E+017 ,   1.0138968607986558     
   2.5245485940268131E+017 ,   1.0138702928511458     
   2.5270163834637898E+017 ,   1.0138438005076178     
   2.5294841729007661E+017 ,   1.0138173834833268     
   2.5319519623377424E+017 ,   1.0137910414948583     
   2.5344197517747187E+017 ,   1.0137647742601217     
   2.5368875412116950E+017 ,   1.0137385814983417     
   2.5393553306486717E+017 ,   1.0137124629300547     
   2.5418231200856477E+017 ,   1.0136864182770957     
   2.5442909095226243E+017 ,   1.0136604472625954     
   2.5467586989596006E+017 ,   1.0136345496109724     
   2.5492264883965770E+017 ,   1.0136087250479247     
   2.5516942778335533E+017 ,   1.0135829733004234     
   2.5541620672705293E+017 ,   1.0135572940967055     
   2.5566298567075059E+017 ,   1.0135316871662681     
   2.5590976461444819E+017 ,   1.0135061522398590     
   2.5615654355814586E+017 ,   1.0134806890494714     
   2.5640332250184352E+017 ,   1.0134552973283375     
   2.5665010144554115E+017 ,   1.0134299768109210     
   2.5689688038923878E+017 ,   1.0134047272329090     
   2.5714365933293642E+017 ,   1.0133795483312082     
   2.5739043827663408E+017 ,   1.0133544398439349     
   2.5763721722033171E+017 ,   1.0133294015104120     
   2.5788399616402928E+017 ,   1.0133044330711591     
   2.5813077510772694E+017 ,   1.0132795342678873     
   2.5837755405142458E+017 ,   1.0132547048434923     
   2.5862433299512221E+017 ,   1.0132299445420503     
   2.5887111193881984E+017 ,   1.0132052531088072     
   2.5911789088251750E+017 ,   1.0131806302901749     
   2.5936466982621514E+017 ,   1.0131560758337257     
   2.5961144876991277E+017 ,   1.0131315894881843     
   2.5985822771361040E+017 ,   1.0131071710034212     
   2.6010500665730806E+017 ,   1.0130828201304483     
   2.6035178560100573E+017 ,   1.0130585366214118     
   2.6059856454470330E+017 ,   1.0130343202295859     
   2.6084534348840093E+017 ,   1.0130101707093657     
   2.6109212243209859E+017 ,   1.0129860878162631     
   2.6133890137579619E+017 ,   1.0129620713069005     
   2.6158568031949386E+017 ,   1.0129381209390020     
   2.6183245926319149E+017 ,   1.0129142364713923     
   2.6207923820688915E+017 ,   1.0128904176639852     
   2.6232601715058675E+017 ,   1.0128666642777828     
   2.6257279609428435E+017 ,   1.0128429760748658     
   2.6281957503798205E+017 ,   1.0128193528183900     
   2.6306635398167965E+017 ,   1.0127957942725800     
   2.6331313292537731E+017 ,   1.0127723002027227     
   2.6355991186907494E+017 ,   1.0127488703751617     
   2.6380669081277258E+017 ,   1.0127255045572927     
   2.6405346975647027E+017 ,   1.0127022025175576     
   2.6430024870016784E+017 ,   1.0126789640254372     
   2.6454702764386547E+017 ,   1.0126557888514480     
   2.6479380658756310E+017 ,   1.0126326767671350     
   2.6504058553126074E+017 ,   1.0126096275450671     
   2.6528736447495837E+017 ,   1.0125866409588304     
   2.6553414341865600E+017 ,   1.0125637167830259     
   2.6578092236235370E+017 ,   1.0125408547932584     
   2.6602770130605126E+017 ,   1.0125180547661377     
   2.6627448024974896E+017 ,   1.0124953164792678     
   2.6652125919344656E+017 ,   1.0124726397112469     
   2.6676803813714422E+017 ,   1.0124500242416559     
   2.6701481708084182E+017 ,   1.0124274698510587     
   2.6726159602453946E+017 ,   1.0124049763209935     
   2.6750837496823715E+017 ,   1.0123825434339695     
   2.6775515391193472E+017 ,   1.0123601709734609     
   2.6800193285563242E+017 ,   1.0123378587239027     
   2.6824871179933005E+017 ,   1.0123156064706837     
   2.6849549074302768E+017 ,   1.0122934140001436     
   2.6874226968672531E+017 ,   1.0122712810995664     
   2.6898904863042288E+017 ,   1.0122492075571772     
   2.6923582757412058E+017 ,   1.0122271931621352     
   2.6948260651781821E+017 ,   1.0122052377045301     
   2.6972938546151578E+017 ,   1.0121833409753767     
   2.6997616440521347E+017 ,   1.0121615027666098     
   2.7022294334891110E+017 ,   1.0121397228710809     
   2.7046972229260877E+017 ,   1.0121180010825508     
   2.7071650123630640E+017 ,   1.0120963371956877     
   2.7096328018000403E+017 ,   1.0120747310060592     
   2.7121005912370166E+017 ,   1.0120531823101306     
   2.7145683806739923E+017 ,   1.0120316909052598     
   2.7170361701109693E+017 ,   1.0120102565896902     
   2.7195039595479456E+017 ,   1.0119888791625478     
   2.7219717489849219E+017 ,   1.0119675584238383     
   2.7244395384218982E+017 ,   1.0119462941744382     
   2.7269073278588746E+017 ,   1.0119250862160949     
   2.7293751172958509E+017 ,   1.0119039343514191     
   2.7318429067328272E+017 ,   1.0118828383838812     
   2.7343106961698035E+017 ,   1.0118617981178071     
   2.7367784856067802E+017 ,   1.0118408133583736     
   2.7392462750437568E+017 ,   1.0118198839116039     
   2.7417140644807328E+017 ,   1.0117990095843634     
   2.7441818539177091E+017 ,   1.0117781901843546     
   2.7466496433546854E+017 ,   1.0117574255201141     
   2.7491174327916618E+017 ,   1.0117367154010075     
   2.7515852222286381E+017 ,   1.0117160596372248     
   2.7540530116656144E+017 ,   1.0116954580397761     
   2.7565208011025907E+017 ,   1.0116749104204887     
   2.7589885905395670E+017 ,   1.0116544165920021     
   2.7614563799765434E+017 ,   1.0116339763677629     
   2.7639241694135203E+017 ,   1.0116135895620206     
   2.7663919588504960E+017 ,   1.0115932559898275     
   2.7688597482874723E+017 ,   1.0115729754670280     
   2.7713275377244490E+017 ,   1.0115527478102597     
   2.7737953271614253E+017 ,   1.0115325728369475     
   2.7762631165984022E+017 ,   1.0115124503652986     
   2.7787309060353779E+017 ,   1.0114923802143010     
   2.7811986954723549E+017 ,   1.0114723622037163     
   2.7836664849093312E+017 ,   1.0114523961540793     
   2.7861342743463069E+017 ,   1.0114324818866915     
   2.7886020637832832E+017 ,   1.0114126192236170     
   2.7910698532202595E+017 ,   1.0113928079876811     
   2.7935376426572365E+017 ,   1.0113730480024636     
   2.7960054320942122E+017 ,   1.0113533390922973     
   2.7984732215311891E+017 ,   1.0113336810822617     
   2.8009410109681654E+017 ,   1.0113140737981823     
   2.8034088004051418E+017 ,   1.0112945170666239     
   2.8058765898421181E+017 ,   1.0112750107148873     
   2.8083443792790947E+017 ,   1.0112555545710098     
   2.8108121687160710E+017 ,   1.0112361484637535     
   2.8132799581530474E+017 ,   1.0112167922226092     
   2.8157477475900230E+017 ,   1.0111974856777890     
   2.8182155370270000E+017 ,   1.0111782286602224     
   2.8206833264639763E+017 ,   1.0111590210015542     
   2.8231511159009526E+017 ,   1.0111398625341408     
   2.8256189053379290E+017 ,   1.0111207530910451     
   2.8280866947749053E+017 ,   1.0111016925060350     
   2.8305544842118816E+017 ,   1.0110826806135773     
   2.8330222736488579E+017 ,   1.0110637172488375     
   2.8354900630858342E+017 ,   1.0110448022476730     
   2.8379578525228106E+017 ,   1.0110259354466318     
   2.8404256419597869E+017 ,   1.0110071166829482     
   2.8428934313967635E+017 ,   1.0109883457945392     
   2.8453612208337398E+017 ,   1.0109696226200020     
   2.8478290102707162E+017 ,   1.0109509469986095     
   2.8502967997076925E+017 ,   1.0109323187703070     
   2.8527645891446688E+017 ,   1.0109137377757109     
   2.8552323785816451E+017 ,   1.0108952038561010     
   2.8577001680186221E+017 ,   1.0108767168534225     
   2.8601679574555978E+017 ,   1.0108582766102787     
   2.8626357468925741E+017 ,   1.0108398829699290     
   2.8651035363295504E+017 ,   1.0108215357762864     
   2.8675713257665267E+017 ,   1.0108032348739131     
   2.8700391152035030E+017 ,   1.0107849801080178     
   2.8725069046404794E+017 ,   1.0107667713244521     
   2.8749746940774560E+017 ,   1.0107486083697090     
   2.8774424835144323E+017 ,   1.0107304910909172     
   2.8799102729514086E+017 ,   1.0107124193358386     
   2.8823780623883853E+017 ,   1.0106943929528676     
   2.8848458518253619E+017 ,   1.0106764117910236     
   2.8873136412623373E+017 ,   1.0106584756999530     
   2.8897814306993139E+017 ,   1.0106405845299207     
   2.8922492201362906E+017 ,   1.0106227381318131     
   2.8947170095732672E+017 ,   1.0106049363571288     
   2.8971847990102432E+017 ,   1.0105871790579797     
   2.8996525884472198E+017 ,   1.0105694660870874     
   2.9021203778841965E+017 ,   1.0105517972977791     
   2.9045881673211718E+017 ,   1.0105341725439851     
   2.9070559567581491E+017 ,   1.0105165916802361     
   2.9095237461951251E+017 ,   1.0104990545616599     
   2.9119915356321018E+017 ,   1.0104815610439786     
   2.9144593250690771E+017 ,   1.0104641109835060     
   2.9169271145060544E+017 ,   1.0104467042371443     
   2.9193949039430304E+017 ,   1.0104293406623817     
   2.9218626933800070E+017 ,   1.0104120201172884     
   2.9243304828169830E+017 ,   1.0103947424605151     
   2.9267982722539597E+017 ,   1.0103775075512897     
   2.9292660616909357E+017 ,   1.0103603152494143     
   2.9317338511279123E+017 ,   1.0103431654152624     
   2.9342016405648883E+017 ,   1.0103260579097761     
   2.9366694300018650E+017 ,   1.0103089925944642     
   2.9391372194388416E+017 ,   1.0102919693313976     
   2.9416050088758176E+017 ,   1.0102749879832089     
   2.9440727983127942E+017 ,   1.0102580484130876     
   2.9465405877497702E+017 ,   1.0102411504847786     
   2.9490083771867469E+017 ,   1.0102242940625790     
   2.9514761666237229E+017 ,   1.0102074790113362     
   2.9539439560606995E+017 ,   1.0101907051964434     
   2.9564117454976755E+017 ,   1.0101739724838399     
   2.9588795349346522E+017 ,   1.0101572807400050     
   2.9613473243716282E+017 ,   1.0101406298319588     
   2.9638151138086048E+017 ,   1.0101240196272567     
   2.9662829032455814E+017 ,   1.0101074499939890     
   2.9687506926825574E+017 ,   1.0100909208007771     
   2.9712184821195341E+017 ,   1.0100744319167707     
   2.9736862715565101E+017 ,   1.0100579832116463     
   2.9761540609934874E+017 ,   1.0100415745556042     
   2.9786218504304627E+017 ,   1.0100252058193668     
   2.9810896398674394E+017 ,   1.0100088768741733     
   2.9835574293044160E+017 ,   1.0099925875917810     
   2.9860252187413926E+017 ,   1.0099763378444597     
   2.9884930081783680E+017 ,   1.0099601275049925     
   2.9909607976153446E+017 ,   1.0099439564466688     
   2.9934285870523213E+017 ,   1.0099278245432866     
   2.9958963764892973E+017 ,   1.0099117316691466     
   2.9983641659262739E+017 ,   1.0098956776990524     
   3.0008319553632506E+017 ,   1.0098796625083060     
   3.0032997448002272E+017 ,   1.0098636859727066     
   3.0057675342372032E+017 ,   1.0098477479685484     
   3.0082353236741798E+017 ,   1.0098318483726159     
   3.0107031131111552E+017 ,   1.0098159870621863     
   3.0131709025481325E+017 ,   1.0098001639150220     
   3.0156386919851078E+017 ,   1.0097843788093721     
   3.0181064814220851E+017 ,   1.0097686316239676     
   3.0205742708590611E+017 ,   1.0097529222380204     
   3.0230420602960371E+017 ,   1.0097372505312214     
   3.0255098497330138E+017 ,   1.0097216163837370     
   3.0279776391699904E+017 ,   1.0097060196762073     
   3.0304454286069664E+017 ,   1.0096904602897443     
   3.0329132180439424E+017 ,   1.0096749381059296     
   3.0353810074809197E+017 ,   1.0096594530068113     
   3.0378487969178957E+017 ,   1.0096440048749034     
   3.0403165863548723E+017 ,   1.0096285935931810     
   3.0427843757918483E+017 ,   1.0096132190450824     
   3.0452521652288250E+017 ,   1.0095978811145021     
   3.0477199546658010E+017 ,   1.0095825796857922     
   3.0501877441027776E+017 ,   1.0095673146437580     
   3.0526555335397536E+017 ,   1.0095520858736573     
   3.0551233229767302E+017 ,   1.0095368932611977     
   3.0575911124137062E+017 ,   1.0095217366925353     
   3.0600589018506829E+017 ,   1.0095066160542705     
   3.0625266912876589E+017 ,   1.0094915312334480     
   3.0649944807246355E+017 ,   1.0094764821175557     
   3.0674622701616115E+017 ,   1.0094614685945176     
   3.0699300595985882E+017 ,   1.0094464905526979     
   3.0723978490355648E+017 ,   1.0094315478808942     
   3.0748656384725408E+017 ,   1.0094166404683400     
   3.0773334279095174E+017 ,   1.0094017682046978     
   3.0798012173464934E+017 ,   1.0093869309800607     
   3.0822690067834701E+017 ,   1.0093721286849482     
   3.0847367962204467E+017 ,   1.0093573612103062     
   3.0872045856574227E+017 ,   1.0093426284475038     
   3.0896723750943987E+017 ,   1.0093279302883307     
   3.0921401645313754E+017 ,   1.0093132666249971     
   3.0946079539683514E+017 ,   1.0092986373501300     
   3.0970757434053280E+017 ,   1.0092840423567724     
   3.0995435328423040E+017 ,   1.0092694815383809     
   3.1020113222792806E+017 ,   1.0092549547888243     
   3.1044791117162573E+017 ,   1.0092404620023805     
   3.1069469011532333E+017 ,   1.0092260030737352     
   3.1094146905902106E+017 ,   1.0092115778979813     
   3.1118824800271866E+017 ,   1.0091971863706160     
   3.1143502694641626E+017 ,   1.0091828283875370     
   3.1168180589011392E+017 ,   1.0091685038450446     
   3.1192858483381158E+017 ,   1.0091542126398367     
   3.1217536377750918E+017 ,   1.0091399546690090     
   3.1242214272120685E+017 ,   1.0091257298300500     
   3.1266892166490445E+017 ,   1.0091115380208444     
   3.1291570060860211E+017 ,   1.0090973791396667     
   3.1316247955229965E+017 ,   1.0090832530851810     
   3.1340925849599731E+017 ,   1.0090691597564396     
   3.1365603743969498E+017 ,   1.0090550990528806     
   3.1390281638339264E+017 ,   1.0090410708743272     
   3.1414959532709024E+017 ,   1.0090270751209840     
   3.1439637427078784E+017 ,   1.0090131116934369     
   3.1464315321448557E+017 ,   1.0089991804926512     
   3.1488993215818317E+017 ,   1.0089852814199693     
   3.1513671110188083E+017 ,   1.0089714143771094     
   3.1538349004557843E+017 ,   1.0089575792661634     
   3.1563026898927610E+017 ,   1.0089437759895947     
   3.1587704793297370E+017 ,   1.0089300044502396     
   3.1612382687667136E+017 ,   1.0089162645513006     
   3.1637060582036896E+017 ,   1.0089025561963487     
   3.1661738476406662E+017 ,   1.0088888792893211     
   3.1686416370776422E+017 ,   1.0088752337345166     
   3.1711094265146189E+017 ,   1.0088616194365980     
   3.1735772159515955E+017 ,   1.0088480363005892     
   3.1760450053885722E+017 ,   1.0088344842318717     
   3.1785127948255475E+017 ,   1.0088209631361840     
   3.1809805842625248E+017 ,   1.0088074729196219     
   3.1834483736995014E+017 ,   1.0087940134886348     
   3.1859161631364768E+017 ,   1.0087805847500240     
   3.1883839525734534E+017 ,   1.0087671866109424     
   3.1908517420104294E+017 ,   1.0087538189788918     
   3.1933195314474061E+017 ,   1.0087404817617216     
   3.1957873208843821E+017 ,   1.0087271748676281     
   3.1982551103213587E+017 ,   1.0087138982051522     
   3.2007228997583347E+017 ,   1.0087006516831778     
   3.2031906891953114E+017 ,   1.0086874352109301     
   3.2056584786322880E+017 ,   1.0086742486979741     
   3.2081262680692640E+017 ,   1.0086610920542149     
   3.2105940575062406E+017 ,   1.0086479651898932     
   3.2130618469432173E+017 ,   1.0086348680155848     
   3.2155296363801933E+017 ,   1.0086218004422012     
   3.2179974258171699E+017 ,   1.0086087623809850     
   3.2204652152541466E+017 ,   1.0085957537435111     
   3.2229330046911226E+017 ,   1.0085827744416827     
   3.2254007941280992E+017 ,   1.0085698243877317     
   3.2278685835650752E+017 ,   1.0085569034942170     
   3.2303363730020518E+017 ,   1.0085440116740223     
   3.2328041624390272E+017 ,   1.0085311488403543     
   3.2352719518760038E+017 ,   1.0085183149067445     
   3.2377397413129798E+017 ,   1.0085055097870419     
   3.2402075307499571E+017 ,   1.0084927333954172     
   3.2426753201869331E+017 ,   1.0084799856463593     
   3.2451431096239091E+017 ,   1.0084672664546723     
   3.2476108990608858E+017 ,   1.0084545757354770     
   3.2500786884978618E+017 ,   1.0084419134042071     
   3.2525464779348390E+017 ,   1.0084292793766083     
   3.2550142673718150E+017 ,   1.0084166735687392     
   3.2574820568087917E+017 ,   1.0084040958969662     
   3.2599498462457677E+017 ,   1.0083915462779656     
   3.2624176356827443E+017 ,   1.0083790246287196     
   3.2648854251197203E+017 ,   1.0083665308665166     
   3.2673532145566970E+017 ,   1.0083540649089486     
   3.2698210039936730E+017 ,   1.0083416266739116     
   3.2722887934306496E+017 ,   1.0083292160796029     
   3.2747565828676262E+017 ,   1.0083168330445191     
   3.2772243723046029E+017 ,   1.0083044774874570     
   3.2796921617415789E+017 ,   1.0082921493275110     
   3.2821599511785542E+017 ,   1.0082798484840712     
   3.2846277406155309E+017 ,   1.0082675748768231     
   3.2870955300525075E+017 ,   1.0082553284257461     
   3.2895633194894842E+017 ,   1.0082431090511117     
   3.2920311089264602E+017 ,   1.0082309166734831     
   3.2944988983634368E+017 ,   1.0082187512137135     
   3.2969666878004128E+017 ,   1.0082066125929448     
   3.2994344772373901E+017 ,   1.0081945007326052     
   3.3019022666743654E+017 ,   1.0081824155544108     
   3.3043700561113421E+017 ,   1.0081703569803619     
   3.3068378455483181E+017 ,   1.0081583249327417     
   3.3093056349852947E+017 ,   1.0081463193341171     
   3.3117734244222714E+017 ,   1.0081343401073357     
   3.3142412138592480E+017 ,   1.0081223871755247     
   3.3167090032962246E+017 ,   1.0081104604620912     
   3.3191767927332000E+017 ,   1.0080985598907188     
   3.3216445821701766E+017 ,   1.0080866853853681     
   3.3241123716071533E+017 ,   1.0080748368702750     
   3.3265801610441299E+017 ,   1.0080630142699483     
   3.3290479504811059E+017 ,   1.0080512175091716     
   3.3315157399180819E+017 ,   1.0080394465129980     
   3.3339835293550592E+017 ,   1.0080277012067527     
   3.3364513187920346E+017 ,   1.0080159815160299     
   3.3389191082290106E+017 ,   1.0080042873666903     
   3.3413868976659872E+017 ,   1.0079926186848644     
   3.3438546871029638E+017 ,   1.0079809753969462     
   3.3463224765399405E+017 ,   1.0079693574295956     
   3.3487902659769165E+017 ,   1.0079577647097355     
   3.3512580554138931E+017 ,   1.0079461971645522     
   3.3537258448508698E+017 ,   1.0079346547214918     
   3.3561936342878451E+017 ,   1.0079231373082622     
   3.3586614237248224E+017 ,   1.0079116448528287     
   3.3611292131617984E+017 ,   1.0079001772834155     
   3.3635970025987750E+017 ,   1.0078887345285041     
   3.3660647920357510E+017 ,   1.0078773165168309     
   3.3685325814727277E+017 ,   1.0078659231773872     
   3.3710003709097043E+017 ,   1.0078545544394186     
   3.3734681603466803E+017 ,   1.0078432102324215     
   3.3759359497836563E+017 ,   1.0078318904861459     
   3.3784037392206323E+017 ,   1.0078205951305903     
   3.3808715286576090E+017 ,   1.0078093240960038     
   3.3833393180945862E+017 ,   1.0077980773128825     
   3.3858071075315622E+017 ,   1.0077868547119710     
   3.3882748969685382E+017 ,   1.0077756562242588     
   3.3907426864055142E+017 ,   1.0077644817809819     
   3.3932104758424902E+017 ,   1.0077533313136182     
   3.3956782652794675E+017 ,   1.0077422047538904     
   3.3981460547164435E+017 ,   1.0077311020337634     
   3.4006138441534202E+017 ,   1.0077200230854417     
   3.4030816335903962E+017 ,   1.0077089678413693     
   3.4055494230273734E+017 ,   1.0076979362342318     
   3.4080172124643494E+017 ,   1.0076869281969500     
   3.4104850019013254E+017 ,   1.0076759436626828     
   3.4129527913383014E+017 ,   1.0076649825648250     
   3.4154205807752781E+017 ,   1.0076540448370062     
   3.4178883702122547E+017 ,   1.0076431304130895     
   3.4203561596492314E+017 ,   1.0076322392271708     
   3.4228239490862080E+017 ,   1.0076213712135795     
   3.4252917385231840E+017 ,   1.0076105263068740     
   3.4277595279601594E+017 ,   1.0075997044418439     
   3.4302273173971360E+017 ,   1.0075889055535083     
   3.4326951068341126E+017 ,   1.0075781295771116     
   3.4351628962710886E+017 ,   1.0075673764481290     
   3.4376306857080653E+017 ,   1.0075566461022596     
   3.4400984751450413E+017 ,   1.0075459384754284     
   3.4425662645820186E+017 ,   1.0075352535037847     
   3.4450340540189946E+017 ,   1.0075245911237003     
   3.4475018434559706E+017 ,   1.0075139512717708     
   3.4499696328929472E+017 ,   1.0075033338848123     
   3.4524374223299232E+017 ,   1.0074927388998620     
   3.4549052117669005E+017 ,   1.0074821662541762     
   3.4573730012038765E+017 ,   1.0074716158852302     
   3.4598407906408531E+017 ,   1.0074610877307171     
   3.4623085800778291E+017 ,   1.0074505817285471     
   3.4647763695148058E+017 ,   1.0074400978168454     
   3.4672441589517818E+017 ,   1.0074296359339541     
   3.4697119483887584E+017 ,   1.0074191960184278     
   3.4721797378257344E+017 ,   1.0074087780090357     
   3.4746475272627110E+017 ,   1.0073983818447576     
   3.4771153166996877E+017 ,   1.0073880074647878     
   3.4795831061366643E+017 ,   1.0073776548085283     
   3.4820508955736397E+017 ,   1.0073673238155927     
   3.4845186850106157E+017 ,   1.0073570144258024     
   3.4869864744475923E+017 ,   1.0073467265791878     
   3.4894542638845690E+017 ,   1.0073364602159864     
   3.4919220533215456E+017 ,   1.0073262152766413     
   3.4943898427585216E+017 ,   1.0073159917018022     
   3.4968576321954982E+017 ,   1.0073057894323225     
   3.4993254216324742E+017 ,   1.0072956084092599     
   3.5017932110694509E+017 ,   1.0072854485738747     
   3.5042610005064269E+017 ,   1.0072753098676297     
   3.5067287899434035E+017 ,   1.0072651922321898     
   3.5091965793803795E+017 ,   1.0072550956094179     
   3.5116643688173568E+017 ,   1.0072450199413787     
   3.5141321582543328E+017 ,   1.0072349651703358     
   3.5165999476913094E+017 ,   1.0072249312387500     
   3.5190677371282848E+017 ,   1.0072149180892784     
   3.5215355265652614E+017 ,   1.0072049256647766     
   3.5240033160022381E+017 ,   1.0071949539082947     
   3.5264711054392147E+017 ,   1.0071850027630778     
   3.5289388948761907E+017 ,   1.0071750721725650     
   3.5314066843131667E+017 ,   1.0071651620803876     
   3.5338744737501434E+017 ,   1.0071552724303705     
   3.5363422631871194E+017 ,   1.0071454031665303     
   3.5388100526240960E+017 ,   1.0071355542330742     
   3.5412778420610720E+017 ,   1.0071257255743995     
   3.5437456314980486E+017 ,   1.0071159171350923     
   3.5462134209350246E+017 ,   1.0071061288599266     
   3.5486812103720019E+017 ,   1.0070963606938672     
   3.5511489998089779E+017 ,   1.0070866125820626     
   3.5536167892459546E+017 ,   1.0070768844698494     
   3.5560845786829306E+017 ,   1.0070671763027483     
   3.5585523681199066E+017 ,   1.0070574880264662     
   3.5610201575568838E+017 ,   1.0070478195868933     
   3.5634879469938598E+017 ,   1.0070381709301028     
   3.5659557364308365E+017 ,   1.0070285420023506     
   3.5684235258678125E+017 ,   1.0070189327500749     
   3.5708913153047898E+017 ,   1.0070093431198937     
   3.5733591047417651E+017 ,   1.0069997730586067     
   3.5758268941787411E+017 ,   1.0069902225131924     
   3.5782946836157171E+017 ,   1.0069806914308079     
   3.5807624730526938E+017 ,   1.0069711797587888     
   3.5832302624896704E+017 ,   1.0069616874446483     
   3.5856980519266470E+017 ,   1.0069522144360759     
   3.5881658413636230E+017 ,   1.0069427606809371     
   3.5906336308005990E+017 ,   1.0069333261272735     
   3.5931014202375757E+017 ,   1.0069239107233001     
   3.5955692096745523E+017 ,   1.0069145144174054     
   3.5980369991115290E+017 ,   1.0069051371581534     
   3.6005047885485050E+017 ,   1.0068957788942785     
   3.6029725779854816E+017 ,   1.0068864395746870     
   3.6054403674224576E+017 ,   1.0068771191484571     
   3.6079081568594349E+017 ,   1.0068678175648376     
   3.6103759462964102E+017 ,   1.0068585347732453     
   3.6128437357333869E+017 ,   1.0068492707232684     
   3.6153115251703629E+017 ,   1.0068400253646612     
   3.6177793146073395E+017 ,   1.0068307986473477     
   3.6202471040443162E+017 ,   1.0068215905214180     
   3.6227148934812928E+017 ,   1.0068124009371282     
   3.6251826829182688E+017 ,   1.0068032298449006     
   3.6276504723552442E+017 ,   1.0067940771953228     
   3.6301182617922208E+017 ,   1.0067849429391460     
   3.6325860512291974E+017 ,   1.0067758270272860     
   3.6350538406661741E+017 ,   1.0067667294108205     
   3.6375216301031501E+017 ,   1.0067576500409916     
   3.6399894195401267E+017 ,   1.0067485888692009     
   3.6424572089771034E+017 ,   1.0067395458470130     
   3.6449249984140800E+017 ,   1.0067305209261517     
   3.6473927878510554E+017 ,   1.0067215140585015     
   3.6498605772880320E+017 ,   1.0067125251961058     
   3.6523283667250080E+017 ,   1.0067035542911666     
   3.6547961561619853E+017 ,   1.0066946012960438     
   3.6572639455989613E+017 ,   1.0066856661632557     
   3.6597317350359379E+017 ,   1.0066767488454751     
   3.6621995244729139E+017 ,   1.0066678492955337     
   3.6646673139098899E+017 ,   1.0066589674664159     
   3.6671351033468672E+017 ,   1.0066501033112634     
   3.6696028927838432E+017 ,   1.0066412567833705     
   3.6720706822208198E+017 ,   1.0066324278361860     
   3.6745384716577958E+017 ,   1.0066236164233118     
   3.6770062610947718E+017 ,   1.0066148224985023     
   3.6794740505317491E+017 ,   1.0066060460156627     
   3.6819418399687245E+017 ,   1.0065972869288511     
   3.6844096294057005E+017 ,   1.0065885451922747     
   3.6868774188426771E+017 ,   1.0065798207602927     
   3.6893452082796538E+017 ,   1.0065711135874118     
   3.6918129977166304E+017 ,   1.0065624236282884     
   3.6942807871536064E+017 ,   1.0065537508377280     
   3.6967485765905830E+017 ,   1.0065450951706831     
   3.6992163660275597E+017 ,   1.0065364565822525     
   3.7016841554645357E+017 ,   1.0065278350276834     
   3.7041519449015123E+017 ,   1.0065192304623682     
   3.7066197343384883E+017 ,   1.0065106428418444     
   3.7090875237754650E+017 ,   1.0065020721217950     
   3.7115553132124410E+017 ,   1.0064935182580468     
   3.7140231026494182E+017 ,   1.0064849812065710     
   3.7164908920863942E+017 ,   1.0064764609234809     
   3.7189586815233702E+017 ,   1.0064679573650341     
   3.7214264709603456E+017 ,   1.0064594704876288     
   3.7238942603973222E+017 ,   1.0064510002478053     
   3.7263620498342995E+017 ,   1.0064425466022451     
   3.7288298392712755E+017 ,   1.0064341095077698     
   3.7312976287082522E+017 ,   1.0064256889213412     
   3.7337654181452282E+017 ,   1.0064172848000603     
   3.7362332075822042E+017 ,   1.0064088971011667     
   3.7387009970191808E+017 ,   1.0064005257820390     
   3.7411687864561574E+017 ,   1.0063921708001926     
   3.7436365758931334E+017 ,   1.0063838321132805     
   3.7461043653301101E+017 ,   1.0063755096790932     
   3.7485721547670867E+017 ,   1.0063672034555557     
   3.7510399442040634E+017 ,   1.0063589134007305     
   3.7535077336410394E+017 ,   1.0063506394728137     
   3.7559755230780154E+017 ,   1.0063423816301362     
   3.7584433125149914E+017 ,   1.0063341398311640     
   3.7609111019519686E+017 ,   1.0063259140344960     
   3.7633788913889446E+017 ,   1.0063177041988640     
   3.7658466808259213E+017 ,   1.0063095102831319     
   3.7683144702628979E+017 ,   1.0063013322462973     
   3.7707822596998739E+017 ,   1.0062931700474871     
   3.7732500491368506E+017 ,   1.0062850236459611     
   3.7757178385738259E+017 ,   1.0062768930011086     
   3.7781856280108026E+017 ,   1.0062687780724489     
   3.7806534174477786E+017 ,   1.0062606788196315     
   3.7831212068847552E+017 ,   1.0062525952024342     
   3.7855889963217318E+017 ,   1.0062445271807638     
   3.7880567857587085E+017 ,   1.0062364747146546     
   3.7905245751956845E+017 ,   1.0062284377642690     
   3.7929923646326605E+017 ,   1.0062204162898967     
   3.7954601540696365E+017 ,   1.0062124102519523     
   3.7979279435066138E+017 ,   1.0062044196109790     
   3.8003957329435898E+017 ,   1.0061964443276434     
   3.8028635223805664E+017 ,   1.0061884843627384     
   3.8053313118175430E+017 ,   1.0061805396771819     
   3.8077991012545197E+017 ,   1.0061726102320145     
   3.8102668906914957E+017 ,   1.0061646959884019     
   3.8127346801284717E+017 ,   1.0061567969076326     
   3.8152024695654483E+017 ,   1.0061489129511174     
   3.8176702590024243E+017 ,   1.0061410440803902     
   3.8201380484394016E+017 ,   1.0061331902571065     
   3.8226058378763776E+017 ,   1.0061253514430422     
   3.8250736273133542E+017 ,   1.0061175276000958     
   3.8275414167503290E+017 ,   1.0061097186902852     
   3.8300092061873056E+017 ,   1.0061019246757483     
   3.8324769956242822E+017 ,   1.0060941455187438     
   3.8349447850612589E+017 ,   1.0060863811816467     
   3.8374125744982355E+017 ,   1.0060786316269541     
   3.8398803639352115E+017 ,   1.0060708968172791     
   3.8423481533721882E+017 ,   1.0060631767153529     
   3.8448159428091648E+017 ,   1.0060554712840248     
   3.8472837322461408E+017 ,   1.0060477804862602     
   3.8497515216831168E+017 ,   1.0060401042851410     
   3.8522193111200934E+017 ,   1.0060324426438652     
   3.8546871005570694E+017 ,   1.0060247955257469     
   3.8571548899940467E+017 ,   1.0060171628942145     
   3.8596226794310227E+017 ,   1.0060095447128115     
   3.8620904688679994E+017 ,   1.0060019409451959     
   3.8645582583049747E+017 ,   1.0059943515551393     
   3.8670260477419507E+017 ,   1.0059867765065260     
   3.8694938371789280E+017 ,   1.0059792157633551     
   3.8719616266159046E+017 ,   1.0059716692897362     
   3.8744294160528806E+017 ,   1.0059641370498928     
   3.8768972054898566E+017 ,   1.0059566190081584     
   3.8793649949268346E+017 ,   1.0059491151289794     
   3.8818327843638093E+017 ,   1.0059416253769122     
   3.8843005738007859E+017 ,   1.0059341497166243     
   3.8867683632377619E+017 ,   1.0059266881128923     
   3.8892361526747386E+017 ,   1.0059192405306037     
   3.8917039421117152E+017 ,   1.0059118069347537     
   3.8941717315486918E+017 ,   1.0059043872904481     
   3.8966395209856678E+017 ,   1.0058969815629000     
   3.8991073104226445E+017 ,   1.0058895897174303     
   3.9015750998596205E+017 ,   1.0058822117194688     
   3.9040428892965971E+017 ,   1.0058748475345514     
   3.9065106787335738E+017 ,   1.0058674971283215     
   3.9089784681705498E+017 ,   1.0058601604665283     
   3.9114462576075264E+017 ,   1.0058528375150275     
   3.9139140470445024E+017 ,   1.0058455282397807     
   3.9163818364814797E+017 ,   1.0058382326068538     
   3.9188496259184550E+017 ,   1.0058309505824192     
   3.9213174153554310E+017 ,   1.0058236821327513     
   3.9237852047924070E+017 ,   1.0058164272242314     
   3.9262529942293843E+017 ,   1.0058091858233431     
   3.9287207836663603E+017 ,   1.0058019578966733     
   3.9311885731033370E+017 ,   1.0057947434109109     
   3.9336563625403130E+017 ,   1.0057875423328499     
   3.9361241519772890E+017 ,   1.0057803546293846     
   3.9385919414142656E+017 ,   1.0057731802675116     
   3.9410597308512422E+017 ,   1.0057660192143292     
   3.9435275202882189E+017 ,   1.0057588714370358     
   3.9459953097251949E+017 ,   1.0057517369029318     
   3.9484630991621715E+017 ,   1.0057446155794167     
   3.9509308885991482E+017 ,   1.0057375074339916     
   3.9533986780361248E+017 ,   1.0057304124342556     
   3.9558664674731002E+017 ,   1.0057233305479076     
   3.9583342569100768E+017 ,   1.0057162617427455     
   3.9608020463470528E+017 ,   1.0057092059866655     
   3.9632698357840301E+017 ,   1.0057021632476624     
   3.9657376252210061E+017 ,   1.0056951334938280     
   3.9682054146579827E+017 ,   1.0056881166933520     
   3.9706732040949587E+017 ,   1.0056811128145215     
   3.9731409935319341E+017 ,   1.0056741218257199     
   3.9756087829689114E+017 ,   1.0056671436954270     
   3.9780765724058874E+017 ,   1.0056601783922181     
   3.9805443618428640E+017 ,   1.0056532258847650     
   3.9830121512798400E+017 ,   1.0056462861418354     
   3.9854799407168173E+017 ,   1.0056393591322901     
   3.9879477301537933E+017 ,   1.0056324448250857     
   3.9904155195907699E+017 ,   1.0056255431892736     
   3.9928833090277453E+017 ,   1.0056186541939969     
   3.9953510984647219E+017 ,   1.0056117778084954     
   3.9978188879016986E+017 ,   1.0056049140021002     
   4.0002866773386752E+017 ,   1.0055980627442354     
   4.0027544667756512E+017 ,   1.0055912240044180     
   4.0052222562126278E+017 ,   1.0055843977522574     
   4.0076900456496038E+017 ,   1.0055775839574550     
   4.0101578350865805E+017 ,   1.0055707825898030     
   4.0126256245235571E+017 ,   1.0055639936191862     
   4.0150934139605331E+017 ,   1.0055572170155787     
   4.0175612033975098E+017 ,   1.0055504527490462     
   4.0200289928344851E+017 ,   1.0055437007897452     
   4.0224967822714630E+017 ,   1.0055369611079206     
   4.0249645717084390E+017 ,   1.0055302336739080     
   4.0274323611454144E+017 ,   1.0055235184581319     
   4.0299001505823904E+017 ,   1.0055168154311067     
   4.0323679400193670E+017 ,   1.0055101245634332     
   4.0348357294563437E+017 ,   1.0055034458258034     
   4.0373035188933203E+017 ,   1.0054967791889948     
   4.0397713083302963E+017 ,   1.0054901246238745     
   4.0422390977672730E+017 ,   1.0054834821013965     
   4.0447068872042496E+017 ,   1.0054768515926000     
   4.0471746766412256E+017 ,   1.0054702330686140     
   4.0496424660782022E+017 ,   1.0054636265006520     
   4.0521102555151782E+017 ,   1.0054570318600133     
   4.0545780449521549E+017 ,   1.0054504491180856     
   4.0570458343891315E+017 ,   1.0054438782463391     
   4.0595136238261082E+017 ,   1.0054373192163302     
   4.0619814132630842E+017 ,   1.0054307719997011     
   4.0644492027000602E+017 ,   1.0054242365681787     
   4.0669169921370355E+017 ,   1.0054177128935717     
   4.0693847815740134E+017 ,   1.0054112009477760     
   4.0718525710109894E+017 ,   1.0054047007027698     
   4.0743203604479654E+017 ,   1.0053982121306140     
   4.0767881498849414E+017 ,   1.0053917352034538     
   4.0792559393219181E+017 ,   1.0053852698935168     
   4.0817237287588947E+017 ,   1.0053788161731130     
   4.0841915181958707E+017 ,   1.0053723740146345     
   4.0866593076328474E+017 ,   1.0053659433905555     
   4.0891270970698234E+017 ,   1.0053595242734328     
   4.0915948865068000E+017 ,   1.0053531166359024     
   4.0940626759437766E+017 ,   1.0053467204506834     
   4.0965304653807533E+017 ,   1.0053403356905746     
   4.0989982548177293E+017 ,   1.0053339623284558     
   4.1014660442547053E+017 ,   1.0053276003372866     
   4.1039338336916813E+017 ,   1.0053212496901065     
   4.1064016231286586E+017 ,   1.0053149103600352     
   4.1088694125656346E+017 ,   1.0053085823202719     
   4.1113372020026112E+017 ,   1.0053022655440935     
   4.1138049914395872E+017 ,   1.0052959600048572     
   4.1162727808765645E+017 ,   1.0052896656759978     
   4.1187405703135398E+017 ,   1.0052833825310288     
   4.1212083597505158E+017 ,   1.0052771105435419     
   4.1236761491874925E+017 ,   1.0052708496872056     
   4.1261439386244685E+017 ,   1.0052645999357668     
   4.1286117280614458E+017 ,   1.0052583612630488     
   4.1310795174984218E+017 ,   1.0052521336429525     
   4.1335473069353984E+017 ,   1.0052459170494548     
   4.1360150963723738E+017 ,   1.0052397114566087     
   4.1384828858093504E+017 ,   1.0052335168385447     
   4.1409506752463270E+017 ,   1.0052273331694674     
   4.1434184646833037E+017 ,   1.0052211604236583     
   4.1458862541202797E+017 ,   1.0052149985754728     
   4.1483540435572563E+017 ,   1.0052088475993424     
   4.1508218329942330E+017 ,   1.0052027074697734     
   4.1532896224312096E+017 ,   1.0051965781613457     
   4.1557574118681856E+017 ,   1.0051904596487136     
   4.1582252013051616E+017 ,   1.0051843519066070     
   4.1606929907421382E+017 ,   1.0051782549098276     
   4.1631607801791149E+017 ,   1.0051721686332502     
   4.1656285696160915E+017 ,   1.0051660930518249     
   4.1680963590530675E+017 ,   1.0051600281405737     
   4.1705641484900442E+017 ,   1.0051539738745907     
   4.1730319379270189E+017 ,   1.0051479302290425     
   4.1754997273639962E+017 ,   1.0051418971791690     
   4.1779675168009722E+017 ,   1.0051358747002814     
   4.1804353062379488E+017 ,   1.0051298627677623     
   4.1829030956749254E+017 ,   1.0051238613570661     
   4.1853708851119014E+017 ,   1.0051178704437180     
   4.1878386745488787E+017 ,   1.0051118900033145     
   4.1903064639858547E+017 ,   1.0051059200115227     
   4.1927742534228307E+017 ,   1.0050999604440802     
   4.1952420428598067E+017 ,   1.0050940112767945     
   4.1977098322967834E+017 ,   1.0050880724855435     
   4.2001776217337600E+017 ,   1.0050821440462747     
   4.2026454111707366E+017 ,   1.0050762259350048     
   4.2051132006077126E+017 ,   1.0050703181278200     
   4.2075809900446893E+017 ,   1.0050644206008752     
   4.2100487794816646E+017 ,   1.0050585333303947     
   4.2125165689186419E+017 ,   1.0050526562926703     
   4.2149843583556179E+017 ,   1.0050467894640636     
   4.2174521477925939E+017 ,   1.0050409328210028     
   4.2199199372295706E+017 ,   1.0050350863399842     
   4.2223877266665478E+017 ,   1.0050292499975721     
   4.2248555161035238E+017 ,   1.0050234237703983     
   4.2273233055404992E+017 ,   1.0050176076351609     
   4.2297910949774758E+017 ,   1.0050118015686262     
   4.2322588844144518E+017 ,   1.0050060055476255     
   4.2347266738514291E+017 ,   1.0050002195490579     
   4.2371944632884051E+017 ,   1.0049944435498879     
   4.2396622527253818E+017 ,   1.0049886775271468     
   4.2421300421623578E+017 ,   1.0049829214579302     
   4.2445978315993344E+017 ,   1.0049771753194012     
   4.2470656210363104E+017 ,   1.0049714390887865     
   4.2495334104732870E+017 ,   1.0049657127433780     
   4.2520011999102630E+017 ,   1.0049599962605342     
   4.2544689893472397E+017 ,   1.0049542896176766     
   4.2569367787842163E+017 ,   1.0049485927922908     
   4.2594045682211930E+017 ,   1.0049429057619279     
   4.2618723576581696E+017 ,   1.0049372285042022     
   4.2643401470951443E+017 ,   1.0049315609967924     
   4.2668079365321210E+017 ,   1.0049259032174394     
   4.2692757259690970E+017 ,   1.0049202551439491     
   4.2717435154060742E+017 ,   1.0049146167541891     
   4.2742113048430502E+017 ,   1.0049089880260911     
   4.2766790942800269E+017 ,   1.0049033689376488     
   4.2791468837170029E+017 ,   1.0048977594669171     
   4.2816146731539789E+017 ,   1.0048921595920159     
   4.2840824625909555E+017 ,   1.0048865692911262     
   4.2865502520279322E+017 ,   1.0048809885424885     
   4.2890180414649088E+017 ,   1.0048754173244085     
   4.2914858309018848E+017 ,   1.0048698556152502     
   4.2939536203388621E+017 ,   1.0048643033934412     
   4.2964214097758381E+017 ,   1.0048587606374690     
   4.2988891992128147E+017 ,   1.0048532273258814     
   4.3013569886497901E+017 ,   1.0048477034372874     
   4.3038247780867667E+017 ,   1.0048421889503572     
   4.3062925675237434E+017 ,   1.0048366838438190     
   4.3087603569607200E+017 ,   1.0048311880964635     
   4.3112281463976960E+017 ,   1.0048257016871394     
   4.3136959358346726E+017 ,   1.0048202245947551     
   4.3161637252716486E+017 ,   1.0048147567982797     
   4.3186315147086246E+017 ,   1.0048092982767403     
   4.3210993041456013E+017 ,   1.0048038490092228     
   4.3235670935825773E+017 ,   1.0047984089748727     
   4.3260348830195539E+017 ,   1.0047929781528935     
   4.3285026724565299E+017 ,   1.0047875565225468     
   4.3309704618935072E+017 ,   1.0047821440631541     
   4.3334382513304832E+017 ,   1.0047767407540926     
   4.3359060407674598E+017 ,   1.0047713465747989     
   4.3383738302044352E+017 ,   1.0047659615047659     
   4.3408416196414125E+017 ,   1.0047605855235451     
   4.3433094090783885E+017 ,   1.0047552186107445     
   4.3457771985153651E+017 ,   1.0047498607460295     
   4.3482449879523411E+017 ,   1.0047445119091218     
   4.3507127773893178E+017 ,   1.0047391720798009     
   4.3531805668262944E+017 ,   1.0047338412379014     
   4.3556483562632704E+017 ,   1.0047285193633146     
   4.3581161457002464E+017 ,   1.0047232064359886     
   4.3605839351372230E+017 ,   1.0047179024359263     
   4.3630517245741997E+017 ,   1.0047126073431865     
   4.3655195140111763E+017 ,   1.0047073211378847     
   4.3679873034481530E+017 ,   1.0047020438001901     
   4.3704550928851283E+017 ,   1.0046967753103277     
   4.3729228823221043E+017 ,   1.0046915156485783     
   4.3753906717590803E+017 ,   1.0046862647952757     
   4.3778584611960576E+017 ,   1.0046810227308098     
   4.3803262506330336E+017 ,   1.0046757894356249     
   4.3827940400700102E+017 ,   1.0046705648902186     
   4.3852618295069862E+017 ,   1.0046653490751425     
   4.3877296189439629E+017 ,   1.0046601419710035     
   4.3901974083809395E+017 ,   1.0046549435584609     
   4.3926651978179155E+017 ,   1.0046497538182277     
   4.3951329872548922E+017 ,   1.0046445727310709     
   4.3976007766918682E+017 ,   1.0046394002778101     
   4.4000685661288454E+017 ,   1.0046342364393175     
   4.4025363555658214E+017 ,   1.0046290811965193     
   4.4050041450027981E+017 ,   1.0046239345303929     
   4.4074719344397741E+017 ,   1.0046187964219697     
   4.4099397238767494E+017 ,   1.0046136668523320     
   4.4124075133137267E+017 ,   1.0046085458026153     
   4.4148753027507034E+017 ,   1.0046034332540066     
   4.4173430921876787E+017 ,   1.0045983291877445     
   4.4198108816246554E+017 ,   1.0045932335851191     
   4.4222786710616314E+017 ,   1.0045881464274724     
   4.4247464604986086E+017 ,   1.0045830676961975     
   4.4272142499355846E+017 ,   1.0045779973727387     
   4.4296820393725606E+017 ,   1.0045729354385911     
   4.4321498288095373E+017 ,   1.0045678818753003     
   4.4346176182465133E+017 ,   1.0045628366644630     
   4.4370854076834906E+017 ,   1.0045577997877262     
   4.4395531971204666E+017 ,   1.0045527712267868     
   4.4420209865574432E+017 ,   1.0045477509633918     
   4.4444887759944192E+017 ,   1.0045427389793389     
   4.4469565654313952E+017 ,   1.0045377352564753     
   4.4494243548683718E+017 ,   1.0045327397766970     
   4.4518921443053485E+017 ,   1.0045277525219500     
   4.4543599337423245E+017 ,   1.0045227734742306     
   4.4568277231793011E+017 ,   1.0045178026155819     
   4.4592955126162778E+017 ,   1.0045128399280980     
   4.4617633020532544E+017 ,   1.0045078853939213     
   4.4642310914902298E+017 ,   1.0045029389952422     
   4.4666988809272058E+017 ,   1.0044980007143005     
   4.4691666703641824E+017 ,   1.0044930705333834     
   4.4716344598011590E+017 ,   1.0044881484348274     
   4.4741022492381357E+017 ,   1.0044832344010157     
   4.4765700386751117E+017 ,   1.0044783284143801     
   4.4790378281120883E+017 ,   1.0044734304574008     
   4.4815056175490637E+017 ,   1.0044685405126041     
   4.4839734069860410E+017 ,   1.0044636585625639     
   4.4864411964230170E+017 ,   1.0044587845899033     
   4.4889089858599936E+017 ,   1.0044539185772896     
   4.4913767752969696E+017 ,   1.0044490605074399     
   4.4938445647339462E+017 ,   1.0044442103631146     
   4.4963123541709229E+017 ,   1.0044393681271244     
   4.4987801436078995E+017 ,   1.0044345337823242     
   4.5012479330448755E+017 ,   1.0044297073116162     
   4.5037157224818515E+017 ,   1.0044248886979479     
   4.5061835119188282E+017 ,   1.0044200779243138     
   4.5086513013558048E+017 ,   1.0044152749737538     
   4.5111190907927814E+017 ,   1.0044104798293536     
   4.5135868802297574E+017 ,   1.0044056924742446     
   4.5160546696667334E+017 ,   1.0044009128916029     
   4.5185224591037088E+017 ,   1.0043961410646518     
   4.5209902485406861E+017 ,   1.0043913769766566     
   4.5234580379776621E+017 ,   1.0043866206109309     
   4.5259258274146387E+017 ,   1.0043818719508313     
   4.5283936168516147E+017 ,   1.0043771309797598     
   4.5308614062885920E+017 ,   1.0043723976811623     
   4.5333291957255680E+017 ,   1.0043676720385295     
   4.5357969851625446E+017 ,   1.0043629540353964     
   4.5382647745995206E+017 ,   1.0043582436553427     
   4.5407325640364966E+017 ,   1.0043535408819908     
   4.5432003534734739E+017 ,   1.0043488456990084     
   4.5456681429104499E+017 ,   1.0043441580901056     
   4.5481359323474266E+017 ,   1.0043394780390371     
   4.5506037217844026E+017 ,   1.0043348055296006     
   4.5530715112213792E+017 ,   1.0043301405456369     
   4.5555393006583552E+017 ,   1.0043254830710304     
   4.5580070900953318E+017 ,   1.0043208330897080     
   4.5604748795323078E+017 ,   1.0043161905856401     
   4.5629426689692838E+017 ,   1.0043115555428399     
   4.5654104584062605E+017 ,   1.0043069279453622     
   4.5678782478432378E+017 ,   1.0043023077773054     
   4.5703460372802138E+017 ,   1.0042976950228089     
   4.5728138267171891E+017 ,   1.0042930896660565     
   4.5752816161541658E+017 ,   1.0042884916912720     
   4.5777494055911424E+017 ,   1.0042839010827220     
   4.5802171950281190E+017 ,   1.0042793178247147     
   4.5826849844650950E+017 ,   1.0042747419016003     
   4.5851527739020717E+017 ,   1.0042701732977699     
   4.5876205633390477E+017 ,   1.0042656119976567     
   4.5900883527760250E+017 ,   1.0042610579857352     
   4.5925561422130003E+017 ,   1.0042565112465198     
   4.5950239316499770E+017 ,   1.0042519717645679     
   4.5974917210869530E+017 ,   1.0042474395244763     
   4.5999595105239296E+017 ,   1.0042429145108824     
   4.6024272999609062E+017 ,   1.0042383967084658     
   4.6048950893978829E+017 ,   1.0042338861019449     
   4.6073628788348595E+017 ,   1.0042293826760795     
   4.6098306682718342E+017 ,   1.0042248864156686     
   4.6122984577088109E+017 ,   1.0042203973055532     
   4.6147662471457875E+017 ,   1.0042159153306123     
   4.6172340365827642E+017 ,   1.0042114404757656     
   4.6197018260197402E+017 ,   1.0042069727259733     
   4.6221696154567168E+017 ,   1.0042025120662330     
   4.6246374048936928E+017 ,   1.0041980584815842     
   4.6271051943306694E+017 ,   1.0041936119571044     
   4.6295729837676454E+017 ,   1.0041891724779113     
   4.6320407732046221E+017 ,   1.0041847400291601     
   4.6345085626415987E+017 ,   1.0041803145960471     
   4.6369763520785754E+017 ,   1.0041758961638052     
   4.6394441415155514E+017 ,   1.0041714847177077     
   4.6419119309525280E+017 ,   1.0041670802430664     
   4.6443797203895046E+017 ,   1.0041626827252308     
   4.6468475098264800E+017 ,   1.0041582921495895     
   4.6493152992634573E+017 ,   1.0041539085015683     
   4.6517830887004333E+017 ,   1.0041495317666329     
   4.6542508781374099E+017 ,   1.0041451619302859     
   4.6567186675743859E+017 ,   1.0041407989780673     
   4.6591864570113626E+017 ,   1.0041364428955557     
   4.6616542464483392E+017 ,   1.0041320936683678     
   4.6641220358853146E+017 ,   1.0041277512821563     
   4.6665898253222906E+017 ,   1.0041234157226133     
   4.6690576147592672E+017 ,   1.0041190869754666     
   4.6715254041962438E+017 ,   1.0041147650264812     
   4.6739931936332205E+017 ,   1.0041104498614606     
   4.6764609830701971E+017 ,   1.0041061414662440     
   4.6789287725071731E+017 ,   1.0041018398267085     
   4.6813965619441491E+017 ,   1.0040975449287668     
   4.6838643513811251E+017 ,   1.0040932567583685     
   4.6863321408181024E+017 ,   1.0040889753015003     
   4.6887999302550784E+017 ,   1.0040847005441846     
   4.6912677196920550E+017 ,   1.0040804324724810     
   4.6937355091290310E+017 ,   1.0040761710724844     
   4.6962032985660083E+017 ,   1.0040719163303253     
   4.6986710880029843E+017 ,   1.0040676682321721     
   4.7011388774399603E+017 ,   1.0040634267642268     
   4.7036066668769363E+017 ,   1.0040591919127289     
   4.7060744563139130E+017 ,   1.0040549636639520     
   4.7085422457508896E+017 ,   1.0040507420042066     
   4.7110100351878662E+017 ,   1.0040465269198378     
   4.7134778246248429E+017 ,   1.0040423183972256     
   4.7159456140618182E+017 ,   1.0040381164227863     
   4.7184134034987942E+017 ,   1.0040339209829703     
   4.7208811929357709E+017 ,   1.0040297320642630     
   4.7233489823727475E+017 ,   1.0040255496531858     
   4.7258167718097235E+017 ,   1.0040213737362933     
   4.7282845612467002E+017 ,   1.0040172043001758     
   4.7307523506836762E+017 ,   1.0040130413314570     
   4.7332201401206534E+017 ,   1.0040088848167972     
   4.7356879295576294E+017 ,   1.0040047347428875     
   4.7381557189946054E+017 ,   1.0040005910964573     
   4.7406235084315821E+017 ,   1.0039964538642672     
   4.7430912978685581E+017 ,   1.0039923230331123     
   4.7455590873055354E+017 ,   1.0039881985898225     
   4.7480268767425114E+017 ,   1.0039840805212612     
   4.7504946661794880E+017 ,   1.0039799688143245     
   4.7529624556164640E+017 ,   1.0039758634559430     
   4.7554302450534394E+017 ,   1.0039717644330812     
   4.7578980344904166E+017 ,   1.0039676717327357     
   4.7603658239273933E+017 ,   1.0039635853419375     
   4.7628336133643686E+017 ,   1.0039595052477504     
   4.7653014028013453E+017 ,   1.0039554314372705     
   4.7677691922383219E+017 ,   1.0039513638976281     
   4.7702369816752986E+017 ,   1.0039473026159853     
   4.7727047711122746E+017 ,   1.0039432475795385     
   4.7751725605492506E+017 ,   1.0039391987755149     
   4.7776403499862272E+017 ,   1.0039351561911756     
   4.7801081394232038E+017 ,   1.0039311198138130     
   4.7825759288601805E+017 ,   1.0039270896307533     
   4.7850437182971565E+017 ,   1.0039230656293541     
   4.7875115077341331E+017 ,   1.0039190477970050     
   4.7899792971711091E+017 ,   1.0039150361211280     
   4.7924470866080858E+017 ,   1.0039110305891776     
   4.7949148760450618E+017 ,   1.0039070311886393     
   4.7973826654820384E+017 ,   1.0039030379070304     
   4.7998504549190144E+017 ,   1.0038990507319003     
   4.8023182443559910E+017 ,   1.0038950696508302     
   4.8047860337929677E+017 ,   1.0038910946514323     
   4.8072538232299443E+017 ,   1.0038871257213506     
   4.8097216126669197E+017 ,   1.0038831628482598     
   4.8121894021038957E+017 ,   1.0038792060198669     
   4.8146571915408730E+017 ,   1.0038752552239081     
   4.8171249809778490E+017 ,   1.0038713104481527     
   4.8195927704148256E+017 ,   1.0038673716804001     
   4.8220605598518016E+017 ,   1.0038634389084800     
   4.8245283492887782E+017 ,   1.0038595121202538     
   4.8269961387257542E+017 ,   1.0038555913036125     
   4.8294639281627309E+017 ,   1.0038516764464787     
   4.8319317175997069E+017 ,   1.0038477675368045     
   4.8343995070366835E+017 ,   1.0038438645625736     
   4.8368672964736595E+017 ,   1.0038399675117984     
   4.8393350859106368E+017 ,   1.0038360763725229     
   4.8418028753476128E+017 ,   1.0038321911328201     
   4.8442706647845894E+017 ,   1.0038283117807938     
   4.8467384542215654E+017 ,   1.0038244383045771     
   4.8492062436585414E+017 ,   1.0038205706923338     
   4.8516740330955187E+017 ,   1.0038167089322563     
   4.8541418225324947E+017 ,   1.0038128530125681     
   4.8566096119694714E+017 ,   1.0038090029215201     
   4.8590774014064474E+017 ,   1.0038051586473944     
   4.8615451908434234E+017 ,   1.0038013201785025     
   4.8640129802803994E+017 ,   1.0037974875031841     
   4.8664807697173760E+017 ,   1.0037936606098092     
   4.8689485591543520E+017 ,   1.0037898394867761     
   4.8714163485913286E+017 ,   1.0037860241225123     
   4.8738841380283053E+017 ,   1.0037822145054749     
   4.8763519274652819E+017 ,   1.0037784106241485     
   4.8788197169022579E+017 ,   1.0037746124670481     
   4.8812875063392346E+017 ,   1.0037708200227167     
   4.8837552957762106E+017 ,   1.0037670332797246     
   4.8862230852131872E+017 ,   1.0037632522266728     
   4.8886908746501638E+017 ,   1.0037594768521894     
   4.8911586640871398E+017 ,   1.0037557071449312     
   4.8936264535241165E+017 ,   1.0037519430935833     
   4.8960942429610925E+017 ,   1.0037481846868588     
   4.8985620323980698E+017 ,   1.0037444319134985     
   4.9010298218350451E+017 ,   1.0037406847622723     
   4.9034976112720218E+017 ,   1.0037369432219774     
   4.9059654007089971E+017 ,   1.0037332072814382     
   4.9084331901459738E+017 ,   1.0037294769295078     
   4.9109009795829510E+017 ,   1.0037257521550671     
   4.9133687690199270E+017 ,   1.0037220329470233     
   4.9158365584569037E+017 ,   1.0037183192943127     
   4.9183043478938790E+017 ,   1.0037146111858974     
   4.9207721373308557E+017 ,   1.0037109086107687     
   4.9232399267678323E+017 ,   1.0037072115579435     
   4.9257077162048090E+017 ,   1.0037035200164668     
   4.9281755056417850E+017 ,   1.0036998339754104     
   4.9306432950787616E+017 ,   1.0036961534238733     
   4.9331110845157382E+017 ,   1.0036924783509811     
   4.9355788739527149E+017 ,   1.0036888087458864     
