   0.0000000000000000       ,    5.5886999999999993     
   246778943697635.72       ,    5.5849039028484411     
   493557887395271.44       ,    5.5735906008618228     
   740336831092907.12       ,    5.5549789775484530     
   987115774790542.88       ,    5.5294147237006595     
   1233894718488178.5       ,    5.4973453724908063     
   1480673662185814.2       ,    5.4592915742017274     
   1727452605883449.8       ,    5.4158186035138689     
   1974231549581085.8       ,    5.3675111149850343     
   2221010493278721.5       ,    5.3149528189568294     
   2467789436976357.0       ,    5.2587114978453799     
   2714568380673993.0       ,    5.1993288942886924     
   2961347324371628.5       ,    5.1373145430554166     
   3208126268069264.5       ,    5.0731425109033061     
   3454905211766899.5       ,    5.0072501202623769     
   3701684155464535.5       ,    4.9400379398978762     
   3948463099162171.5       ,    4.8718705426847482     
   4195242042859807.5       ,    4.8030777121061288     
   4442020986557443.0       ,    4.7339559104264062     
   4688799930255079.0       ,    4.6647699058108243     
   4935578873952714.0       ,    4.5957545036508849     
   5182357817650351.0       ,    4.5271163509006112     
   5429136761347986.0       ,    4.4590357913606633     
   5675915705045621.0       ,    4.3916687517767006     
   5922694648743257.0       ,    4.3251486379039674     
   6169473592440893.0       ,    4.2595882188368472     
   6416252536138529.0       ,    4.1950814780199721     
   6663031479836163.0       ,    4.1317054107149209     
   6909810423533799.0       ,    4.0695217501225258     
   7156589367231436.0       ,    4.0085786075063181     
   7403368310929071.0       ,    3.9489120151534807     
   7650147254626707.0       ,    3.8905473645240294     
   7896926198324343.0       ,    3.8335007352364654     
   8143705142021978.0       ,    3.7777801134628866     
   8390484085719615.0       ,    3.7233865007757245     
   8637263029417251.0       ,    3.6703149164756770     
   8884041973114886.0       ,    3.6185552979502593     
   9130820916812522.0       ,    3.5680933047047252     
   9377599860510158.0       ,    3.5189110324259434     
   9624378804207792.0       ,    3.4709876438449849     
   9871157747905428.0       ,    3.4242999233150933     
   10117936691603062.       ,    3.3788227619739510     
   10364715635300702.       ,    3.3345295801617878     
   10611494578998336.       ,    3.2913926934625670     
   10858273522695972.       ,    3.2493836283589639     
   11105052466393608.       ,    3.2084733930718863     
   11351831410091242.       ,    3.1686327087138753     
   11598610353788878.       ,    3.1298322054400640     
   11845389297486514.       ,    3.0920425878429718     
   12092168241184150.       ,    3.0552347734171490     
   12338947184881786.       ,    3.0193800075225785     
   12585726128579420.       ,    2.9844499579054169     
   12832505072277058.       ,    2.9504167914930615     
   13079284015974692.       ,    2.9172532358681855     
   13326062959672326.       ,    2.8849326275429399     
   13572841903369964.       ,    2.8534289488989519     
   13819620847067598.       ,    2.8227168554295012     
   14066399790765236.       ,    2.7927716947155918     
   14313178734462872.       ,    2.7635695183856983     
   14559957678160508.       ,    2.7350870881476830     
   14806736621858142.       ,    2.7073018768389483     
   15053515565555778.       ,    2.6801920653153837     
   15300294509253414.       ,    2.6537365358893563     
   15547073452951048.       ,    2.6279148629302087     
   15793852396648686.       ,    2.6027073011560211     
   16040631340346322.       ,    2.5780947720713803     
   16287410284043956.       ,    2.5540588489412275     
   16534189227741592.       ,    2.5305817406346094     
   16780968171439230.       ,    2.5076462746231436     
   17027747115136864.       ,    2.4852358793764284     
   17274526058834502.       ,    2.4633345663596877     
   17521305002532136.       ,    2.4419269118069087     
   17768083946229772.       ,    2.4209980384150045     
   18014862889927408.       ,    2.4005335970805510     
   18261641833625044.       ,    2.3805197487799883     
   18508420777322676.       ,    2.3609431466762922     
   18755199721020316.       ,    2.3417909185198238     
   19001978664717952.       ,    2.3230506493978491     
   19248757608415584.       ,    2.3047103648759171     
   19495536552113224.       ,    2.2867585145646481     
   19742315495810856.       ,    2.2691839561372089     
   19989094439508492.       ,    2.2519759398157335     
   20235873383206124.       ,    2.2351240933390391     
   20482652326903768.       ,    2.2186184074189099     
   20729431270601404.       ,    2.2024492216880556     
   20976210214299032.       ,    2.1866072111392563     
   21222989157996672.       ,    2.1710833730523431     
   21469768101694304.       ,    2.1558690144031867     
   21716547045391944.       ,    2.1409557397469170     
   21963325989089580.       ,    2.1263354395660010     
   22210104932787216.       ,    2.1120002790725310     
   22456883876484848.       ,    2.0979426874530911     
   22703662820182484.       ,    2.0841553475438248     
   22950441763880124.       ,    2.0706311859227733     
   23197220707577756.       ,    2.0573633634061896     
   23443999651275396.       ,    2.0443452659352941     
   23690778594973028.       ,    2.0315704958398562     
   23937557538670660.       ,    2.0190328634649588     
   24184336482368300.       ,    2.0067263791474121     
   24431115426065936.       ,    1.9946452455284251     
   24677894369763572.       ,    1.9827838501893533     
   24924673313461208.       ,    1.9711367585976238     
   25171452257158840.       ,    1.9596987073502083     
   25418231200856472.       ,    1.9484645977023660     
   25665010144554116.       ,    1.9374294893697130     
   25911789088251748.       ,    1.9265885945920476     
   26158568031949384.       ,    1.9159372724477315     
   26405346975647024.       ,    1.9054710234078223     
   26652125919344652.       ,    1.8951854841195284     
   26898904863042292.       ,    1.8850764224089427     
   27145683806739928.       ,    1.8751397324934178     
   27392462750437564.       ,    1.8653714303942934     
   27639241694135196.       ,    1.8557676495410924     
   27886020637832840.       ,    1.8463246365586490     
   28132799581530472.       ,    1.8370387472289973     
   28379578525228104.       ,    1.8279064426202045     
   28626357468925744.       ,    1.8189242853746559     
   28873136412623376.       ,    1.8100889361496486     
   29119915356321016.       ,    1.8013971502034478     
   29366694300018652.       ,    1.7928457741202832     
   29613473243716284.       ,    1.7844317426680427     
   29860252187413920.       ,    1.7761520757827205     
   30107031131111556.       ,    1.7680038756739411     
   30353810074809196.       ,    1.7599843240461353     
   30600589018506828.       ,    1.7520906794302180     
   30847367962204468.       ,    1.7443202746208295     
   31094146905902096.       ,    1.7366705142144574     
   31340925849599732.       ,    1.7291388722439542     
   31587704793297372.       ,    1.7217228899052053     
   31834483736995008.       ,    1.7144201733718587     
   32081262680692644.       ,    1.7072283916942683     
   32328041624390276.       ,    1.7001452747789483     
   32574820568087912.       ,    1.6931686114450244     
   32821599511785544.       ,    1.6862962475543466     
   33068378455483184.       ,    1.6795260842120492     
   33315157399180820.       ,    1.6728560760345370     
   33561936342878460.       ,    1.6662842294819973     
   33808715286576096.       ,    1.6598086012526649     
   34055494230273728.       ,    1.6534272967362256     
   34302273173971364.       ,    1.6471384685238364     
   34549052117669004.       ,    1.6409403149723834     
   34795831061366640.       ,    1.6348310788206917     
   35042610005064272.       ,    1.6288090458555149     
   35289388948761908.       ,    1.6228725436252383     
   35536167892459544.       ,    1.6170199401993157     
   35782946836157176.       ,    1.6112496429715570     
   36029725779854816.       ,    1.6055600975054682     
   36276504723552456.       ,    1.5999497864199341     
   36523283667250088.       ,    1.5944172283135989     
   36770062610947720.       ,    1.5889609767263912     
   37016841554645352.       ,    1.5835796191366989     
   37263620498342992.       ,    1.5782717759927671     
   37510399442040632.       ,    1.5730360997769739     
   37757178385738264.       ,    1.5678712741016623     
   38003957329435904.       ,    1.5627760128353154     
   38250736273133536.       ,    1.5577490592578676     
   38497515216831168.       ,    1.5527891852440308     
   38744294160528800.       ,    1.5478951904735547     
   38991073104226448.       ,    1.5430659016673762     
   39237852047924080.       ,    1.5383001718486822     
   39484630991621712.       ,    1.5335968796279236     
   39731409935319344.       ,    1.5289549285108892     
   39978188879016984.       ,    1.5243732462289656     
   40224967822714624.       ,    1.5198507840907527     
   40471746766412248.       ,    1.5153865163542479     
   40718525710109896.       ,    1.5109794396188274     
   40965304653807536.       ,    1.5066285722363115     
   41212083597505160.       ,    1.5023329537404015     
   41458862541202808.       ,    1.4980916442938295     
   41705641484900432.       ,    1.4939037241525779     
   41952420428598064.       ,    1.4897682931465539     
   42199199372295704.       ,    1.4856844701761303     
   42445978315993344.       ,    1.4816513927239907     
   42692757259690976.       ,    1.4776682163817334     
   42939536203388608.       ,    1.4737341143907188     
   43186315147086256.       ,    1.4698482771966570     
   43433094090783888.       ,    1.4660099120174639     
   43679873034481520.       ,    1.4622182424239161     
   43926651978179160.       ,    1.4584725079326750     
   44173430921876792.       ,    1.4547719636112495     
   44420209865574432.       ,    1.4511158796944879     
   44666988809272064.       ,    1.4475035412122157     
   44913767752969696.       ,    1.4439342476276391     
   45160546696667336.       ,    1.4404073124861467     
   45407325640364968.       ,    1.4369220630741788     
   45654104584062600.       ,    1.4334778400878074     
   45900883527760248.       ,    1.4300739973107266     
   46147662471457880.       ,    1.4267099013013300     
   46394441415155512.       ,    1.4233849310885831     
   46641220358853152.       ,    1.4200984778764065     
   46887999302550792.       ,    1.4168499447562879     
   47134778246248424.       ,    1.4136387464278619     
   47381557189946056.       ,    1.4104643089272011     
   47628336133643696.       ,    1.4073260693625727     
   47875115077341320.       ,    1.4042234756574214     
   48121894021038960.       ,    1.4011559863003507     
   48368672964736600.       ,    1.3981230701018839     
   48615451908434232.       ,    1.3951242059577926     
   48862230852131872.       ,    1.3921588826187821     
   49109009795829504.       ,    1.3892265984663446     
   49355788739527144.       ,    1.3863268612945847     
   49602567683224784.       ,    1.3834591880978340     
   49849346626922416.       ,    1.3806231048638762     
   50096125570620048.       ,    1.3778181463726191     
   50342904514317680.       ,    1.3750438560000366     
   50589683458015320.       ,    1.3722997855272292     
   50836462401712944.       ,    1.3695854949544513     
   51083241345410592.       ,    1.3669005523199449     
   51330020289108232.       ,    1.3642445335234525     
   51576799232805856.       ,    1.3616170221542558     
   51823578176503496.       ,    1.3590176093236142     
   52070357120201144.       ,    1.3564458935014736     
   52317136063898768.       ,    1.3539014803573186     
   52563915007596408.       ,    1.3513839826050409     
   52810693951294048.       ,    1.3488930198517255     
   53057472894991680.       ,    1.3464282184502174     
   53304251838689304.       ,    1.3439892113553786     
   53551030782386944.       ,    1.3415756379839228     
   53797809726084584.       ,    1.3391871440777190     
   54044588669782216.       ,    1.3368233815704811     
   54291367613479856.       ,    1.3344840084577307     
   54538146557177496.       ,    1.3321686886699489     
   54784925500875128.       ,    1.3298770919488314     
   55031704444572768.       ,    1.3276088937265480     
   55278483388270392.       ,    1.3253637750079359     
   55525262331968040.       ,    1.3231414222555327     
   55772041275665680.       ,    1.3209415272773859     
   56018820219363296.       ,    1.3187637871175402     
   56265599163060944.       ,    1.3166079039491547     
   56512378106758576.       ,    1.3144735849701581     
   56759157050456208.       ,    1.3123605423013791     
   57005935994153848.       ,    1.3102684928870918     
   57252714937851488.       ,    1.3081971583978969     
   57499493881549120.       ,    1.3061462651358877     
   57746272825246752.       ,    1.3041155439420351     
   57993051768944392.       ,    1.3021047301057276     
   58239830712642032.       ,    1.3001135632764194     
   58486609656339664.       ,    1.2981417873773202     
   58733388600037304.       ,    1.2961891505210776     
   58980167543734928.       ,    1.2942554049274013     
   59226946487432568.       ,    1.2923403068425696     
   59473725431130208.       ,    1.2904436164607829     
   59720504374827840.       ,    1.2885650978473002     
   59967283318525480.       ,    1.2867045188633246     
   60214062262223112.       ,    1.2848616510925870     
   60460841205920744.       ,    1.2830362697695821     
   60707620149618392.       ,    1.2812281537094201     
   60954399093316024.       ,    1.2794370852392480     
   61201178037013656.       ,    1.2776628501312017     
   61447956980711296.       ,    1.2759052375368491     
   61694735924408936.       ,    1.2741640399230902     
   61941514868106552.       ,    1.2724390530094702     
   62188293811804192.       ,    1.2707300757068762     
   62435072755501840.       ,    1.2690369100575798     
   62681851699199464.       ,    1.2673593611765954     
   62928630642897104.       ,    1.2656972371943127     
   63175409586594744.       ,    1.2640503492003814     
   63422188530292376.       ,    1.2624185111888135     
   63668967473990016.       ,    1.2608015400042714     
   63915746417687648.       ,    1.2591992552895117     
   64162525361385288.       ,    1.2576114794339617     
   64409304305082928.       ,    1.2560380375233964     
   64656083248780552.       ,    1.2544787572906895     
   64902862192478192.       ,    1.2529334690676124     
   65149641136175824.       ,    1.2514020057376589     
   65396420079873464.       ,    1.2498842026898642     
   65643199023571088.       ,    1.2483798977736029     
   65889977967268736.       ,    1.2468889312543321     
   66136756910966368.       ,    1.2454111457702686     
   66383535854664000.       ,    1.2439463862899665     
   66630314798361640.       ,    1.2424945000707819     
   66877093742059288.       ,    1.2410553366182011     
   67123872685756920.       ,    1.2396287476460091     
   67370651629454552.       ,    1.2382145870372829     
   67617430573152192.       ,    1.2368127108061888     
   67864209516849808.       ,    1.2354229770605620     
   68110988460547456.       ,    1.2340452459652531     
   68357767404245088.       ,    1.2326793797062248     
   68604546347942728.       ,    1.2313252424553784     
   68851325291640360.       ,    1.2299827003360928     
   69098104235338008.       ,    1.2286516213894620     
   69344883179035632.       ,    1.2273318755412157     
   69591662122733280.       ,    1.2260233345693010     
   69838441066430912.       ,    1.2247258720721237     
   70085220010128544.       ,    1.2234393634374101     
   70331998953826184.       ,    1.2221636858117066     
   70578777897523816.       ,    1.2208987180704738     
   70825556841221448.       ,    1.2196443407887798     
   71072335784919088.       ,    1.2184004362125709     
   71319114728616720.       ,    1.2171668882305113     
   71565893672314352.       ,    1.2159435823463738     
   71812672616011984.       ,    1.2147304056519745     
   72059451559709632.       ,    1.2135272468006355     
   72306230503407264.       ,    1.2123339959811639     
   72553009447104912.       ,    1.2111505448923425     
   72799788390802544.       ,    1.2099767867179074     
   73046567334500176.       ,    1.2088126161020167     
   73293346278197808.       ,    1.2076579291251874     
   73540125221895440.       ,    1.2065126232806980     
   73786904165593072.       ,    1.2053765974514432     
   74033683109290704.       ,    1.2042497518872304     
   74280462052988352.       ,    1.2031319881825115     
   74527240996685984.       ,    1.2020232092545358     
   74774019940383616.       ,    1.2009233193219191     
   75020798884081264.       ,    1.1998322238836181     
   75267577827778880.       ,    1.1987498296983026     
   75514356771476528.       ,    1.1976760447641119     
   75761135715174160.       ,    1.1966107782987985     
   76007914658871808.       ,    1.1955539407202347     
   76254693602569440.       ,    1.1945054436272915     
   76501472546267072.       ,    1.1934651997810686     
   76748251489964704.       ,    1.1924331230864724     
   76995030433662336.       ,    1.1914091285741395     
   77241809377359968.       ,    1.1903931323826893     
   77488588321057600.       ,    1.1893850517413096     
   77735367264755264.       ,    1.1883848049526531     
   77982146208452896.       ,    1.1873923113760583     
   78228925152150528.       ,    1.1864074914110674     
   78475704095848160.       ,    1.1854302664812515     
   78722483039545792.       ,    1.1844605590183255     
   78969261983243424.       ,    1.1834982924465551     
   79216040926941056.       ,    1.1825433911674401     
   79462819870638688.       ,    1.1815957805446817     
   79709598814336336.       ,    1.1806553868894141     
   79956377758033968.       ,    1.1797221374457021     
   80203156701731600.       ,    1.1787959603763021     
   80449935645429248.       ,    1.1778767847486731     
   80696714589126880.       ,    1.1769645405212383     
   80943493532824496.       ,    1.1760591585298936     
   81190272476522144.       ,    1.1751605704747476     
   81437051420219792.       ,    1.1742687089071064     
   81683830363917424.       ,    1.1733835072166774     
   81930609307615072.       ,    1.1725048996190071     
   82177388251312688.       ,    1.1716328211431319     
   82424167195010320.       ,    1.1707672076194509     
   82670946138707952.       ,    1.1699079956678051     
   82917725082405616.       ,    1.1690551226857688     
   83164504026103248.       ,    1.1682085268371412     
   83411282969800864.       ,    1.1673681470406370     
   83658061913498512.       ,    1.1665339229587752     
   83904840857196128.       ,    1.1657057949869587     
   84151619800893776.       ,    1.1648837042427376     
   84398398744591408.       ,    1.1640675925552617     
   84645177688289056.       ,    1.1632574024549123     
   84891956631986688.       ,    1.1624530771631074     
   85138735575684336.       ,    1.1616545605822852     
   85385514519381952.       ,    1.1608617972860544     
   85632293463079600.       ,    1.1600747325095124     
   85879072406777216.       ,    1.1592933121397264     
   86125851350474864.       ,    1.1585174827063782     
   86372630294172512.       ,    1.1577471913725599     
   86619409237870144.       ,    1.1569823859257302     
   86866188181567776.       ,    1.1562230147688175     
   87112967125265392.       ,    1.1554690269114758     
   87359746068963040.       ,    1.1547203719614818     
   87606525012660672.       ,    1.1539770001162770     
   87853303956358320.       ,    1.1532388621546512     
   88100082900055952.       ,    1.1525059094285592     
   88346861843753584.       ,    1.1517780938550783     
   88593640787451216.       ,    1.1510553679084927     
   88840419731148864.       ,    1.1503376846125111     
   89087198674846496.       ,    1.1496249975326096     
   89333977618544128.       ,    1.1489172607685021     
   89580756562241760.       ,    1.1482144289467311     
   89827535505939392.       ,    1.1475164572133780     
   90074314449637040.       ,    1.1468233012268965     
   90321093393334672.       ,    1.1461349171510569     
   90567872337032320.       ,    1.1454512616480046     
   90814651280729936.       ,    1.1447722918714349     
   91061430224427584.       ,    1.1440979654598704     
   91308209168125200.       ,    1.1434282405300540     
   91554988111822848.       ,    1.1427630756704399     
   91801767055520496.       ,    1.1421024299347939     
   92048545999218112.       ,    1.1414462628358935     
   92295324942915760.       ,    1.1407945343393253     
   92542103886613392.       ,    1.1401472048573877     
   92788882830311024.       ,    1.1395042352430826     
   93035661774008640.       ,    1.1388655867842037     
   93282440717706304.       ,    1.1382312211975214     
   93529219661403936.       ,    1.1376011006230555     
   93775998605101584.       ,    1.1369751876184360     
   94022777548799216.       ,    1.1363534451533586     
   94269556492496848.       ,    1.1357358366041166     
   94516335436194464.       ,    1.1351223257482286     
   94763114379892112.       ,    1.1345128767591410     
   95009893323589744.       ,    1.1339074542010170     
   95256672267287392.       ,    1.1333060230236038     
   95503451210985040.       ,    1.1327085485571811     
   95750230154682640.       ,    1.1321149965075845     
   95997009098380288.       ,    1.1315253329513080     
   96243788042077920.       ,    1.1309395243306786     
   96490566985775568.       ,    1.1303575374491071     
   96737345929473200.       ,    1.1297793394664084     
   96984124873170864.       ,    1.1292048978941966     
   97230903816868464.       ,    1.1286341805913467     
   97477682760566112.       ,    1.1280671557595263     
   97724461704263744.       ,    1.1275037919387920     
   97971240647961376.       ,    1.1269440580032601     
   98218019591659008.       ,    1.1263879231568306     
   98464798535356640.       ,    1.1258353569289861     
   98711577479054288.       ,    1.1252863291706467     
   98958356422751920.       ,    1.1247408100500884     
   99205135366449568.       ,    1.1241987700489242     
   99451914310147184.       ,    1.1236601799581427     
   99698693253844832.       ,    1.1231250108742066     
   99945472197542464.       ,    1.1225932341952078     
   1.0019225114124010E+017  ,    1.1220648216170812     
   1.0043903008493774E+017  ,    1.1215397451298714     
   1.0068580902863536E+017  ,    1.1210179770140563     
   1.0093258797233301E+017  ,    1.1204994898369249     
   1.0117936691603064E+017  ,    1.1199842564490063     
   1.0142614585972829E+017  ,    1.1194722499805527     
   1.0167292480342589E+017  ,    1.1189634438380707     
   1.0191970374712354E+017  ,    1.1184578117009083     
   1.0216648269082118E+017  ,    1.1179553275178848     
   1.0241326163451883E+017  ,    1.1174559655039755     
   1.0266004057821646E+017  ,    1.1169597001370382     
   1.0290681952191411E+017  ,    1.1164665061545942     
   1.0315359846561171E+017  ,    1.1159763585506486     
   1.0340037740930934E+017  ,    1.1154892325725596     
   1.0364715635300699E+017  ,    1.1150051037179527     
   1.0389393529670464E+017  ,    1.1145239477316791     
   1.0414071424040229E+017  ,    1.1140457406028155     
   1.0438749318409990E+017  ,    1.1135704585617079     
   1.0463427212779754E+017  ,    1.1130980780770572     
   1.0488105107149517E+017  ,    1.1126285758530483     
   1.0512783001519282E+017  ,    1.1121619288265141     
   1.0537460895889045E+017  ,    1.1116981141641458     
   1.0562138790258810E+017  ,    1.1112371092597382     
   1.0586816684628573E+017  ,    1.1107788917314758     
   1.0611494578998336E+017  ,    1.1103234394192554     
   1.0636172473368099E+017  ,    1.1098707303820492     
   1.0660850367737861E+017  ,    1.1094207428952985     
   1.0685528262107626E+017  ,    1.1089734554483521     
   1.0710206156477389E+017  ,    1.1085288467419325     
   1.0734884050847155E+017  ,    1.1080868956856422     
   1.0759561945216917E+017  ,    1.1076475813955033     
   1.0784239839586682E+017  ,    1.1072108831915284     
   1.0808917733956443E+017  ,    1.1067767805953301     
   1.0833595628326208E+017  ,    1.1063452533277585     
   1.0858273522695971E+017  ,    1.1059162813065735     
   1.0882951417065736E+017  ,    1.1054898446441497     
   1.0907629311435499E+017  ,    1.1050659236452094     
   1.0932307205805261E+017  ,    1.1046444988045905     
   1.0956985100175026E+017  ,    1.1042255508050431     
   1.0981662994544789E+017  ,    1.1038090605150539     
   1.1006340888914554E+017  ,    1.1033950089867037     
   1.1031018783284317E+017  ,    1.1029833774535518     
   1.1055696677654078E+017  ,    1.1025741473285502     
   1.1080374572023843E+017  ,    1.1021673002019821     
   1.1105052466393608E+017  ,    1.1017628178394356     
   1.1129730360763371E+017  ,    1.1013606821797961     
   1.1154408255133136E+017  ,    1.1009608753332722     
   1.1179086149502898E+017  ,    1.1005633795794438     
   1.1203764043872659E+017  ,    1.1001681773653382     
   1.1228441938242424E+017  ,    1.0997752513035315     
   1.1253119832612189E+017  ,    1.0993845841702754     
   1.1277797726981954E+017  ,    1.0989961589036481     
   1.1302475621351715E+017  ,    1.0986099586017288     
   1.1327153515721480E+017  ,    1.0982259665208014     
   1.1351831410091242E+017  ,    1.0978441660735738     
   1.1376509304461006E+017  ,    1.0974645408274266     
   1.1401187198830770E+017  ,    1.0970870745026839     
   1.1425865093200534E+017  ,    1.0967117509709046     
   1.1450542987570298E+017  ,    1.0963385542531976     
   1.1475220881940062E+017  ,    1.0959674685185594     
   1.1499898776309824E+017  ,    1.0955984780822321     
   1.1524576670679586E+017  ,    1.0952315674040836     
   1.1549254565049350E+017  ,    1.0948667210870071     
   1.1573932459419114E+017  ,    1.0945039238753460     
   1.1598610353788878E+017  ,    1.0941431606533316     
   1.1623288248158643E+017  ,    1.0937844164435486     
   1.1647966142528406E+017  ,    1.0934276764054160     
   1.1672644036898168E+017  ,    1.0930729258336882     
   1.1697321931267933E+017  ,    1.0927201501569752     
   1.1721999825637696E+017  ,    1.0923693349362826     
   1.1746677720007461E+017  ,    1.0920204658635708     
   1.1771355614377224E+017  ,    1.0916735287603287     
   1.1796033508746986E+017  ,    1.0913285095761731     
   1.1820711403116750E+017  ,    1.0909853943874546     
   1.1845389297486514E+017  ,    1.0906441693958946     
   1.1870067191856278E+017  ,    1.0903048209272281     
   1.1894745086226042E+017  ,    1.0899673354298698     
   1.1919422980595805E+017  ,    1.0896316994735953     
   1.1944100874965568E+017  ,    1.0892978997482390     
   1.1968778769335333E+017  ,    1.0889659230624085     
   1.1993456663705096E+017  ,    1.0886357563422147     
   1.2018134558074861E+017  ,    1.0883073866300170     
   1.2042812452444622E+017  ,    1.0879808010831884     
   1.2067490346814386E+017  ,    1.0876559869728888     
   1.2092168241184149E+017  ,    1.0873329316828608     
   1.2116846135553914E+017  ,    1.0870116227082351     
   1.2141524029923678E+017  ,    1.0866920476543536     
   1.2166201924293440E+017  ,    1.0863741942356064     
   1.2190879818663205E+017  ,    1.0860580502742834     
   1.2215557713032968E+017  ,    1.0857436036994372     
   1.2240235607402731E+017  ,    1.0854308425457659     
   1.2264913501772493E+017  ,    1.0851197549525040     
   1.2289591396142259E+017  ,    1.0848103291623294     
   1.2314269290512022E+017  ,    1.0845025535202837     
   1.2338947184881787E+017  ,    1.0841964164727049     
   1.2363625079251550E+017  ,    1.0838919065661754     
   1.2388302973621310E+017  ,    1.0835890124464769     
   1.2412980867991075E+017  ,    1.0832877228575666     
   1.2437658762360838E+017  ,    1.0829880266405592     
   1.2462336656730603E+017  ,    1.0826899127327227     
   1.2487014551100368E+017  ,    1.0823933701664876     
   1.2511692445470133E+017  ,    1.0820983880684687     
   1.2536370339839893E+017  ,    1.0818049556584948     
   1.2561048234209658E+017  ,    1.0815130622486535     
   1.2585726128579421E+017  ,    1.0812226972423491     
   1.2610404022949186E+017  ,    1.0809338501333636     
   1.2635081917318949E+017  ,    1.0806465105049410     
   1.2659759811688712E+017  ,    1.0803606680288713     
   1.2684437706058475E+017  ,    1.0800763124645916     
   1.2709115600428238E+017  ,    1.0797934336582977     
   1.2733793494798003E+017  ,    1.0795120215420624     
   1.2758471389167766E+017  ,    1.0792320661329697     
   1.2783149283537530E+017  ,    1.0789535575322535     
   1.2807827177907293E+017  ,    1.0786764859244518     
   1.2832505072277058E+017  ,    1.0784008415765667     
   1.2857182966646821E+017  ,    1.0781266148372359     
   1.2881860861016586E+017  ,    1.0778537961359156     
   1.2906538755386347E+017  ,    1.0775823759820691     
   1.2931216649756110E+017  ,    1.0773123449643687     
   1.2955894544125875E+017  ,    1.0770436937499053     
   1.2980572438495638E+017  ,    1.0767764130834054     
   1.3005250332865403E+017  ,    1.0765104937864620     
   1.3029928227235165E+017  ,    1.0762459267567679     
   1.3054606121604930E+017  ,    1.0759827029673656     
   1.3079284015974693E+017  ,    1.0757208134658980     
   1.3103961910344458E+017  ,    1.0754602493738741     
   1.3128639804714218E+017  ,    1.0752010018859384     
   1.3153317699083982E+017  ,    1.0749430622691529     
   1.3177995593453747E+017  ,    1.0746864218622840     
   1.3202673487823514E+017  ,    1.0744310720750998     
   1.3227351382193274E+017  ,    1.0741770043876735     
   1.3252029276563037E+017  ,    1.0739242103496964     
   1.3276707170932800E+017  ,    1.0736726815797994     
   1.3301385065302563E+017  ,    1.0734224097648788     
   1.3326062959672328E+017  ,    1.0731733866594322     
   1.3350740854042091E+017  ,    1.0729256040849038     
   1.3375418748411858E+017  ,    1.0726790539290336     
   1.3400096642781621E+017  ,    1.0724337281452152     
   1.3424774537151384E+017  ,    1.0721896187518614     
   1.3449452431521144E+017  ,    1.0719467178317765     
   1.3474130325890910E+017  ,    1.0717050175315359     
   1.3498808220260674E+017  ,    1.0714645100608726     
   1.3523486114630438E+017  ,    1.0712251876920706     
   1.3548164009000202E+017  ,    1.0709870427593651     
   1.3572841903369962E+017  ,    1.0707500676583483     
   1.3597519797739728E+017  ,    1.0705142548453850     
   1.3622197692109491E+017  ,    1.0702795968370304     
   1.3646875586479254E+017  ,    1.0700460862094581     
   1.3671553480849018E+017  ,    1.0698137155978922     
   1.3696231375218784E+017  ,    1.0695824776960465     
   1.3720909269588546E+017  ,    1.0693523652555708     
   1.3745587163958309E+017  ,    1.0691233710854999     
   1.3770265058328072E+017  ,    1.0688954880517154     
   1.3794942952697835E+017  ,    1.0686687090764040     
   1.3819620847067602E+017  ,    1.0684430271375309     
   1.3844298741437362E+017  ,    1.0682184352683148     
   1.3868976635807126E+017  ,    1.0679949265567052     
   1.3893654530176890E+017  ,    1.0677724941448743     
   1.3918332424546656E+017  ,    1.0675511312287056     
   1.3943010318916416E+017  ,    1.0673308310572929     
   1.3967688213286182E+017  ,    1.0671115869324439     
   1.3992366107655946E+017  ,    1.0668933922081880     
   1.4017044002025709E+017  ,    1.0666762402902925     
   1.4041721896395474E+017  ,    1.0664601246357792     
   1.4066399790765237E+017  ,    1.0662450387524509     
   1.4091077685135000E+017  ,    1.0660309761984195     
   1.4115755579504763E+017  ,    1.0658179305816429     
   1.4140433473874526E+017  ,    1.0656058955594625     
   1.4165111368244290E+017  ,    1.0653948648381493     
   1.4189789262614053E+017  ,    1.0651848321724531     
   1.4214467156983818E+017  ,    1.0649757913651576     
   1.4239145051353581E+017  ,    1.0647677362666377     
   1.4263822945723344E+017  ,    1.0645606607744269     
   1.4288500840093110E+017  ,    1.0643545588327810     
   1.4313178734462870E+017  ,    1.0641494244322556     
   1.4337856628832634E+017  ,    1.0639452516092831     
   1.4362534523202397E+017  ,    1.0637420344457518     
   1.4387212417572162E+017  ,    1.0635397670685967     
   1.4411890311941926E+017  ,    1.0633384436493873     
   1.4436568206311686E+017  ,    1.0631380584039256     
   1.4461246100681453E+017  ,    1.0629386055918431     
   1.4485923995051216E+017  ,    1.0627400795162067     
   1.4510601889420982E+017  ,    1.0625424745231260     
   1.4535279783790746E+017  ,    1.0623457850013647     
   1.4559957678160509E+017  ,    1.0621500053819584     
   1.4584635572530272E+017  ,    1.0619551301378327     
   1.4609313466900035E+017  ,    1.0617611537834304     
   1.4633991361269798E+017  ,    1.0615680708743360     
   1.4658669255639562E+017  ,    1.0613758760069096     
   1.4683347150009325E+017  ,    1.0611845638179247     
   1.4708025044379088E+017  ,    1.0609941289842038     
   1.4732702938748851E+017  ,    1.0608045662222640     
   1.4757380833118614E+017  ,    1.0606158702879647     
   1.4782058727488378E+017  ,    1.0604280359761562     
   1.4806736621858141E+017  ,    1.0602410581203368     
   1.4831414516227907E+017  ,    1.0600549315923080     
   1.4856092410597670E+017  ,    1.0598696513018369     
   1.4880770304967437E+017  ,    1.0596852121963214     
   1.4905448199337197E+017  ,    1.0595016092604594     
   1.4930126093706963E+017  ,    1.0593188375159184     
   1.4954803988076723E+017  ,    1.0591368920210125     
   1.4979481882446486E+017  ,    1.0589557678703791     
   1.5004159776816253E+017  ,    1.0587754601946628     
   1.5028837671186016E+017  ,    1.0585959641601981     
   1.5053515565555776E+017  ,    1.0584172749686993     
   1.5078193459925539E+017  ,    1.0582393878569512     
   1.5102871354295306E+017  ,    1.0580622980965020     
   1.5127549248665069E+017  ,    1.0578860009933650     
   1.5152227143034832E+017  ,    1.0577104918877145     
   1.5176905037404598E+017  ,    1.0575357661535929     
   1.5201582931774362E+017  ,    1.0573618191986147     
   1.5226260826144125E+017  ,    1.0571886464636795     
   1.5250938720513888E+017  ,    1.0570162434226797     
   1.5275616614883651E+017  ,    1.0568446055822209     
   1.5300294509253414E+017  ,    1.0566737284813370     
   1.5324972403623178E+017  ,    1.0565036076912122     
   1.5349650297992941E+017  ,    1.0563342388149062     
   1.5374328192362704E+017  ,    1.0561656174870766     
   1.5399006086732467E+017  ,    1.0559977393737143     
   1.5423683981102234E+017  ,    1.0558306001718709     
   1.5448361875471994E+017  ,    1.0556641956093962     
   1.5473039769841757E+017  ,    1.0554985214446722     
   1.5497717664211520E+017  ,    1.0553335734663569     
   1.5522395558581286E+017  ,    1.0551693474931254     
   1.5547073452951053E+017  ,    1.0550058393734141     
   1.5571751347320813E+017  ,    1.0548430449851687     
   1.5596429241690579E+017  ,    1.0546809602355955     
   1.5621107136060342E+017  ,    1.0545195810609123     
   1.5645785030430106E+017  ,    1.0543589034261043     
   1.5670462924799866E+017  ,    1.0541989233246811     
   1.5695140819169632E+017  ,    1.0540396367784375     
   1.5719818713539392E+017  ,    1.0538810398372136     
   1.5744496607909158E+017  ,    1.0537231285786617     
   1.5769174502278922E+017  ,    1.0535658991080108     
   1.5793852396648685E+017  ,    1.0534093475578372     
   1.5818530291018448E+017  ,    1.0532534700878355     
   1.5843208185388211E+017  ,    1.0530982628845909     
   1.5867886079757978E+017  ,    1.0529437221613562     
   1.5892563974127738E+017  ,    1.0527898441578301     
   1.5917241868497507E+017  ,    1.0526366251399355     
   1.5941919762867267E+017  ,    1.0524840613996025     
   1.5966597657237030E+017  ,    1.0523321492545534     
   1.5991275551606794E+017  ,    1.0521808850480876     
   1.6015953445976557E+017  ,    1.0520302651488715     
   1.6040631340346320E+017  ,    1.0518802859507272     
   1.6065309234716086E+017  ,    1.0517309438724276     
   1.6089987129085850E+017  ,    1.0515822353574868     
   1.6114665023455613E+017  ,    1.0514341568739609     
   1.6139342917825376E+017  ,    1.0512867049142427     
   1.6164020812195136E+017  ,    1.0511398759948654     
   1.6188698706564899E+017  ,    1.0509936666563007     
   1.6213376600934666E+017  ,    1.0508480734627665     
   1.6238054495304429E+017  ,    1.0507030930020316     
   1.6262732389674195E+017  ,    1.0505587218852219     
   1.6287410284043958E+017  ,    1.0504149567466332     
   1.6312088178413722E+017  ,    1.0502717942435389     
   1.6336766072783485E+017  ,    1.0501292310560060     
   1.6361443967153248E+017  ,    1.0499872638867094     
   1.6386121861523014E+017  ,    1.0498458894607474     
   1.6410799755892771E+017  ,    1.0497051045254608     
   1.6435477650262538E+017  ,    1.0495649058502550     
   1.6460155544632301E+017  ,    1.0494252902264176     
   1.6484833439002064E+017  ,    1.0492862544669452     
   1.6509511333371827E+017  ,    1.0491477954063688     
   1.6534189227741590E+017  ,    1.0490099099005772     
   1.6558867122111357E+017  ,    1.0488725948266491     
   1.6583545016481123E+017  ,    1.0487358470826811     
   1.6608222910850883E+017  ,    1.0485996635876202     
   1.6632900805220650E+017  ,    1.0484640412810953     
   1.6657578699590410E+017  ,    1.0483289771232542     
   1.6682256593960173E+017  ,    1.0481944680945980     
   1.6706934488329936E+017  ,    1.0480605111958203     
   1.6731612382699702E+017  ,    1.0479271034476454     
   1.6756290277069466E+017  ,    1.0477942418906683     
   1.6780968171439226E+017  ,    1.0476619235851994     
   1.6805646065808992E+017  ,    1.0475301456111061     
   1.6830323960178755E+017  ,    1.0473989050676591     
   1.6855001854548522E+017  ,    1.0472681990733768     
   1.6879679748918282E+017  ,    1.0471380247658757     
   1.6904357643288045E+017  ,    1.0470083793017197     
   1.6929035537657811E+017  ,    1.0468792598562684     
   1.6953713432027571E+017  ,    1.0467506636235313     
   1.6978391326397338E+017  ,    1.0466225878160205     
   1.7003069220767101E+017  ,    1.0464950296646063     
   1.7027747115136867E+017  ,    1.0463679864183715     
   1.7052425009506627E+017  ,    1.0462414553444701     
   1.7077102903876390E+017  ,    1.0461154337279865     
   1.7101780798246157E+017  ,    1.0459899188717934     
   1.7126458692615920E+017  ,    1.0458649080964162     
   1.7151136586985680E+017  ,    1.0457403987398921     
   1.7175814481355443E+017  ,    1.0456163881576361     
   1.7200492375725206E+017  ,    1.0454928737223050     
   1.7225170270094973E+017  ,    1.0453698528236639     
   1.7249848164464736E+017  ,    1.0452473228684545     
   1.7274526058834502E+017  ,    1.0451252812802618     
   1.7299203953204266E+017  ,    1.0450037254993854     
   1.7323881847574029E+017  ,    1.0448826529827091     
   1.7348559741943792E+017  ,    1.0447620612035753     
   1.7373237636313555E+017  ,    1.0446419476516553     
   1.7397915530683322E+017  ,    1.0445223098328256     
   1.7422593425053078E+017  ,    1.0444031452690437     
   1.7447271319422845E+017  ,    1.0442844514982230     
   1.7471949213792608E+017  ,    1.0441662260741118     
   1.7496627108162371E+017  ,    1.0440484665661713     
   1.7521305002532134E+017  ,    1.0439311705594574     
   1.7545982896901898E+017  ,    1.0438143356544984     
   1.7570660791271664E+017  ,    1.0436979594671796     
   1.7595338685641424E+017  ,    1.0435820396286255     
   1.7620016580011190E+017  ,    1.0434665737850837     
   1.7644694474380954E+017  ,    1.0433515595978105     
   1.7669372368750717E+017  ,    1.0432369947429558     
   1.7694050263120480E+017  ,    1.0431228769114524     
   1.7718728157490243E+017  ,    1.0430092038089021     
   1.7743406051860010E+017  ,    1.0428959731554646     
   1.7768083946229773E+017  ,    1.0427831826857503     
   1.7792761840599533E+017  ,    1.0426708301487080     
   1.7817439734969299E+017  ,    1.0425589133075190     
   1.7842117629339062E+017  ,    1.0424474299394892     
   1.7866795523708826E+017  ,    1.0423363778359429     
   1.7891473418078586E+017  ,    1.0422257548021181     
   1.7916151312448352E+017  ,    1.0421155586570614     
   1.7940829206818115E+017  ,    1.0420057872335267     
   1.7965507101187878E+017  ,    1.0418964383778686     
   1.7990184995557645E+017  ,    1.0417875099499447     
   1.8014862889927408E+017  ,    1.0416789998230145     
   1.8039540784297174E+017  ,    1.0415709058836369     
   1.8064218678666934E+017  ,    1.0414632260315726     
   1.8088896573036698E+017  ,    1.0413559581796874     
   1.8113574467406464E+017  ,    1.0412491002538531     
   1.8138252361776221E+017  ,    1.0411426501928525     
   1.8162930256145987E+017  ,    1.0410366059482805     
   1.8187608150515750E+017  ,    1.0409309654844550     
   1.8212286044885517E+017  ,    1.0408257267783176     
   1.8236963939255277E+017  ,    1.0407208878193426     
   1.8261641833625040E+017  ,    1.0406164466094447     
   1.8286319727994806E+017  ,    1.0405124011628875     
   1.8310997622364570E+017  ,    1.0404087495061920     
   1.8335675516734336E+017  ,    1.0403054896780470     
   1.8360353411104099E+017  ,    1.0402026197292196     
   1.8385031305473859E+017  ,    1.0401001377224670     
   1.8409709199843622E+017  ,    1.0399980417324488     
   1.8434387094213386E+017  ,    1.0398963298456390     
   1.8459064988583152E+017  ,    1.0397950001602416     
   1.8483742882952915E+017  ,    1.0396940507861030     
   1.8508420777322678E+017  ,    1.0395934798446287     
   1.8533098671692442E+017  ,    1.0394932854686987     
   1.8557776566062205E+017  ,    1.0393934658025830     
   1.8582454460431971E+017  ,    1.0392940190018611     
   1.8607132354801728E+017  ,    1.0391949432333389     
   1.8631810249171498E+017  ,    1.0390962366749661     
   1.8656488143541261E+017  ,    1.0389978975157579     
   1.8681166037911021E+017  ,    1.0388999239557133     
   1.8705843932280787E+017  ,    1.0388023142057372     
   1.8730521826650550E+017  ,    1.0387050664875606     
   1.8755199721020317E+017  ,    1.0386081790336634     
   1.8779877615390077E+017  ,    1.0385116500871963     
   1.8804555509759843E+017  ,    1.0384154779019055     
   1.8829233404129606E+017  ,    1.0383196607420544     
   1.8853911298499370E+017  ,    1.0382241968823513     
   1.8878589192869130E+017  ,    1.0381290846078719     
   1.8903267087238893E+017  ,    1.0380343222139865     
   1.8927944981608659E+017  ,    1.0379399080062868     
   1.8952622875978422E+017  ,    1.0378458403005115     
   1.8977300770348182E+017  ,    1.0377521174224751     
   1.9001978664717949E+017  ,    1.0376587377079964     
   1.9026656559087715E+017  ,    1.0375656995028266     
   1.9051334453457478E+017  ,    1.0374730011625788     
   1.9076012347827242E+017  ,    1.0373806410526591     
   1.9100690242197008E+017  ,    1.0372886175481959     
   1.9125368136566771E+017  ,    1.0371969290339715     
   1.9150046030936528E+017  ,    1.0371055739043546     
   1.9174723925306294E+017  ,    1.0370145505632318     
   1.9199401819676058E+017  ,    1.0369238574239401     
   1.9224079714045824E+017  ,    1.0368334929092013     
   1.9248757608415584E+017  ,    1.0367434554510562     
   1.9273435502785347E+017  ,    1.0366537434907974     
   1.9298113397155114E+017  ,    1.0365643554789055     
   1.9322791291524874E+017  ,    1.0364752898749852     
   1.9347469185894640E+017  ,    1.0363865451477001     
   1.9372147080264403E+017  ,    1.0362981197747108     
   1.9396824974634173E+017  ,    1.0362100122426094     
   1.9421502869003930E+017  ,    1.0361222210468606     
   1.9446180763373693E+017  ,    1.0360347446917375     
   1.9470858657743459E+017  ,    1.0359475816902610     
   1.9495536552113222E+017  ,    1.0358607305641379     
   1.9520214446482986E+017  ,    1.0357741898437023     
   1.9544892340852749E+017  ,    1.0356879580678546     
   1.9569570235222512E+017  ,    1.0356020337840022     
   1.9594248129592275E+017  ,    1.0355164155480003     
   1.9618926023962035E+017  ,    1.0354311019240949     
   1.9643603918331802E+017  ,    1.0353460914848618     
   1.9668281812701565E+017  ,    1.0352613828111528     
   1.9692959707071328E+017  ,    1.0351769744920352     
   1.9717637601441094E+017  ,    1.0350928651247380     
   1.9742315495810858E+017  ,    1.0350090533145948     
   1.9766993390180624E+017  ,    1.0349255376749862     
   1.9791671284550384E+017  ,    1.0348423168272876     
   1.9816349178920150E+017  ,    1.0347593894008118     
   1.9841027073289914E+017  ,    1.0346767540327571     
   1.9865704967659670E+017  ,    1.0345944093681498     
   1.9890382862029437E+017  ,    1.0345123540597960     
   1.9915060756399200E+017  ,    1.0344305867682222     
   1.9939738650768966E+017  ,    1.0343491061616275     
   1.9964416545138726E+017  ,    1.0342679109158293     
   1.9989094439508493E+017  ,    1.0341869997142112     
   2.0013772333878256E+017  ,    1.0341063712476728     
   2.0038450228248019E+017  ,    1.0340260242145767     
   2.0063128122617786E+017  ,    1.0339459573207008     
   2.0087806016987549E+017  ,    1.0338661692791855     
   2.0112483911357315E+017  ,    1.0337866588104843     
   2.0137161805727072E+017  ,    1.0337074246423155     
   2.0161839700096835E+017  ,    1.0336284655096117     
   2.0186517594466602E+017  ,    1.0335497801544717     
   2.0211195488836365E+017  ,    1.0334713673261133     
   2.0235873383206128E+017  ,    1.0333932257808238     
   2.0260551277575891E+017  ,    1.0333153542819122     
   2.0285229171945658E+017  ,    1.0332377515996645     
   2.0309907066315421E+017  ,    1.0331604165112933     
   2.0334584960685178E+017  ,    1.0330833478008956     
   2.0359262855054947E+017  ,    1.0330065442594016     
   2.0383940749424707E+017  ,    1.0329300046845333     
   2.0408618643794474E+017  ,    1.0328537278807584     
   2.0433296538164237E+017  ,    1.0327777126592432     
   2.0457974432534000E+017  ,    1.0327019578378085     
   2.0482652326903766E+017  ,    1.0326264622408876     
   2.0507330221273526E+017  ,    1.0325512246994799     
   2.0532008115643293E+017  ,    1.0324762440511082     
   2.0556686010013056E+017  ,    1.0324015191397740     
   2.0581363904382822E+017  ,    1.0323270488159177     
   2.0606041798752579E+017  ,    1.0322528319363724     
   2.0630719693122342E+017  ,    1.0321788673643240     
   2.0655397587492109E+017  ,    1.0321051539692678     
   2.0680075481861869E+017  ,    1.0320316906269678     
   2.0704753376231635E+017  ,    1.0319584762194143     
   2.0729431270601398E+017  ,    1.0318855096347836     
   2.0754109164971165E+017  ,    1.0318127897673983     
   2.0778787059340928E+017  ,    1.0317403155176834     
   2.0803464953710691E+017  ,    1.0316680857921314     
   2.0828142848080458E+017  ,    1.0315960995032567     
   2.0852820742450221E+017  ,    1.0315243555695615     
   2.0877498636819981E+017  ,    1.0314528529154920     
   2.0902176531189744E+017  ,    1.0313815904714034     
   2.0926854425559507E+017  ,    1.0313105671735179     
   2.0951532319929274E+017  ,    1.0312397819638892     
   2.0976210214299034E+017  ,    1.0311692337903631     
   2.1000888108668800E+017  ,    1.0310989216065387     
   2.1025566003038563E+017  ,    1.0310288443717341     
   2.1050243897408323E+017  ,    1.0309590010509462     
   2.1074921791778090E+017  ,    1.0308893906148140     
   2.1099599686147853E+017  ,    1.0308200120395847     
   2.1124277580517619E+017  ,    1.0307508643070749     
   2.1148955474887379E+017  ,    1.0306819464046348     
   2.1173633369257146E+017  ,    1.0306132573251128     
   2.1198311263626909E+017  ,    1.0305447960668204     
   2.1222989157996672E+017  ,    1.0304765616334965     
   2.1247667052366435E+017  ,    1.0304085530342719     
   2.1272344946736198E+017  ,    1.0303407692836355     
   2.1297022841105965E+017  ,    1.0302732094014000     
   2.1321700735475722E+017  ,    1.0302058724126655     
   2.1346378629845485E+017  ,    1.0301387573477887     
   2.1371056524215251E+017  ,    1.0300718632423462     
   2.1395734418585014E+017  ,    1.0300051891371043     
   2.1420412312954778E+017  ,    1.0299387340779822     
   2.1445090207324544E+017  ,    1.0298724971160216     
   2.1469768101694310E+017  ,    1.0298064773073534     
   2.1494445996064074E+017  ,    1.0297406737131645     
   2.1519123890433834E+017  ,    1.0296750853996655     
   2.1543801784803600E+017  ,    1.0296097114380605     
   2.1568479679173363E+017  ,    1.0295445509045136     
   2.1593157573543123E+017  ,    1.0294796028801179     
   2.1617835467912886E+017  ,    1.0294148664508638     
   2.1642513362282650E+017  ,    1.0293503407076081     
   2.1667191256652416E+017  ,    1.0292860247460447     
   2.1691869151022176E+017  ,    1.0292219176666715     
   2.1716547045391942E+017  ,    1.0291580185747606     
   2.1741224939761706E+017  ,    1.0290943265803305     
   2.1765902834131472E+017  ,    1.0290308407981130     
   2.1790580728501232E+017  ,    1.0289675603475248     
   2.1815258622870998E+017  ,    1.0289044843526391     
   2.1839936517240765E+017  ,    1.0288416119421540     
   2.1864614411610522E+017  ,    1.0287789422493649     
   2.1889292305980288E+017  ,    1.0287164744121364     
   2.1913970200350051E+017  ,    1.0286542075728715     
   2.1938648094719814E+017  ,    1.0285921408784839     
   2.1963325989089578E+017  ,    1.0285302734803723     
   2.1988003883459341E+017  ,    1.0284686045343883     
   2.2012681777829107E+017  ,    1.0284071332008100     
   2.2037359672198870E+017  ,    1.0283458586443166     
   2.2062037566568634E+017  ,    1.0282847800339583     
   2.2086715460938394E+017  ,    1.0282238965431301     
   2.2111393355308157E+017  ,    1.0281632073495444     
   2.2136071249677923E+017  ,    1.0281027116352044     
   2.2160749144047686E+017  ,    1.0280424085863775     
   2.2185427038417453E+017  ,    1.0279822973935697     
   2.2210104932787216E+017  ,    1.0279223772514963     
   2.2234782827156976E+017  ,    1.0278626473590602     
   2.2259460721526742E+017  ,    1.0278031069193225     
   2.2284138615896506E+017  ,    1.0277437551394779     
   2.2308816510266272E+017  ,    1.0276845912308306     
   2.2333494404636029E+017  ,    1.0276256144087659     
   2.2358172299005795E+017  ,    1.0275668238927278     
   2.2382850193375558E+017  ,    1.0275082189061933     
   2.2407528087745318E+017  ,    1.0274497986766467     
   2.2432205982115085E+017  ,    1.0273915624355561     
   2.2456883876484848E+017  ,    1.0273335094183484     
   2.2481561770854614E+017  ,    1.0272756388643844     
   2.2506239665224378E+017  ,    1.0272179500169365     
   2.2530917559594141E+017  ,    1.0271604421231630     
   2.2555595453963907E+017  ,    1.0271031144340852     
   2.2580273348333667E+017  ,    1.0270459662045635     
   2.2604951242703430E+017  ,    1.0269889966932737     
   2.2629629137073194E+017  ,    1.0269322051626852     
   2.2654307031442960E+017  ,    1.0268755908790363     
   2.2678984925812723E+017  ,    1.0268191531123108     
   2.2703662820182483E+017  ,    1.0267628911362179     
   2.2728340714552250E+017  ,    1.0267068042281664     
   2.2753018608922013E+017  ,    1.0266508916692454     
   2.2777696503291776E+017  ,    1.0265951527441992     
   2.2802374397661539E+017  ,    1.0265395867414062     
   2.2827052292031302E+017  ,    1.0264841929528574     
   2.2851730186401069E+017  ,    1.0264289706741354     
   2.2876408080770829E+017  ,    1.0263739192043890     
   2.2901085975140595E+017  ,    1.0263190378463165     
   2.2925763869510358E+017  ,    1.0262643259061413     
   2.2950441763880125E+017  ,    1.0262097826935905     
   2.2975119658249885E+017  ,    1.0261554075218771     
   2.2999797552619648E+017  ,    1.0261011997076734     
   2.3024475446989414E+017  ,    1.0260471585710971     
   2.3049153341359171E+017  ,    1.0259932834356844     
   2.3073831235728938E+017  ,    1.0259395736283734     
   2.3098509130098701E+017  ,    1.0258860284794826     
   2.3123187024468464E+017  ,    1.0258326473226904     
   2.3147864918838227E+017  ,    1.0257794294950151     
   2.3172542813207994E+017  ,    1.0257263743367955     
   2.3197220707577757E+017  ,    1.0256734811916699     
   2.3221898601947523E+017  ,    1.0256207494065595     
   2.3246576496317286E+017  ,    1.0255681783316437     
   2.3271254390687050E+017  ,    1.0255157673203463     
   2.3295932285056813E+017  ,    1.0254635157293117     
   2.3320610179426573E+017  ,    1.0254114229183888     
   2.3345288073796336E+017  ,    1.0253594882506103     
   2.3369965968166102E+017  ,    1.0253077110921749     
   2.3394643862535866E+017  ,    1.0252560908124289     
   2.3419321756905626E+017  ,    1.0252046267838444     
   2.3443999651275392E+017  ,    1.0251533183820063     
   2.3468677545645155E+017  ,    1.0251021649855878     
   2.3493355440014922E+017  ,    1.0250511659763377     
   2.3518033334384682E+017  ,    1.0250003207390597     
   2.3542711228754448E+017  ,    1.0249496286615927     
   2.3567389123124214E+017  ,    1.0248990891347969     
   2.3592067017493971E+017  ,    1.0248487015525329     
   2.3616744911863738E+017  ,    1.0247984653116464     
   2.3641422806233501E+017  ,    1.0247483798119474     
   2.3666100700603267E+017  ,    1.0246984444561973     
   2.3690778594973027E+017  ,    1.0246486586500883     
   2.3715456489342790E+017  ,    1.0245990218022267     
   2.3740134383712557E+017  ,    1.0245495333241170     
   2.3764812278082320E+017  ,    1.0245001926301449     
   2.3789490172452083E+017  ,    1.0244509991375592     
   2.3814168066821843E+017  ,    1.0244019522664567     
   2.3838845961191610E+017  ,    1.0243530514397643     
   2.3863523855561373E+017  ,    1.0243042960832240     
   2.3888201749931136E+017  ,    1.0242556856253746     
   2.3912879644300902E+017  ,    1.0242072194975376     
   2.3937557538670666E+017  ,    1.0241588971337989     
   2.3962235433040429E+017  ,    1.0241107179709956     
   2.3986913327410192E+017  ,    1.0240626814486971     
   2.4011591221779955E+017  ,    1.0240147870091911     
   2.4036269116149722E+017  ,    1.0239670340974676     
   2.4060947010519478E+017  ,    1.0239194221612029     
   2.4085624904889245E+017  ,    1.0238719506507441     
   2.4110302799259008E+017  ,    1.0238246190190945     
   2.4134980693628771E+017  ,    1.0237774267218982     
   2.4159658587998534E+017  ,    1.0237303732174232     
   2.4184336482368298E+017  ,    1.0236834579665490     
   2.4209014376738064E+017  ,    1.0236366804327495     
   2.4233692271107827E+017  ,    1.0235900400820794     
   2.4258370165477594E+017  ,    1.0235435363831584     
   2.4283048059847357E+017  ,    1.0234971688071570     
   2.4307725954217117E+017  ,    1.0234509368277833     
   2.4332403848586880E+017  ,    1.0234048399212652     
   2.4357081742956643E+017  ,    1.0233588775663394     
   2.4381759637326410E+017  ,    1.0233130492442353     
   2.4406437531696173E+017  ,    1.0232673544386608     
   2.4431115426065936E+017  ,    1.0232217926357892     
   2.4455793320435699E+017  ,    1.0231763633242441     
   2.4480471214805462E+017  ,    1.0231310659950867     
   2.4505149109175226E+017  ,    1.0230859001418005     
   2.4529827003544986E+017  ,    1.0230408652602776     
   2.4554504897914755E+017  ,    1.0229959608488080     
   2.4579182792284518E+017  ,    1.0229511864080623     
   2.4603860686654278E+017  ,    1.0229065414410787     
   2.4628538581024045E+017  ,    1.0228620254532526     
   2.4653216475393808E+017  ,    1.0228176379523211     
   2.4677894369763574E+017  ,    1.0227733784483481     
   2.4702572264133334E+017  ,    1.0227292464537150     
   2.4727250158503101E+017  ,    1.0226852414831058     
   2.4751928052872864E+017  ,    1.0226413630534932     
   2.4776605947242621E+017  ,    1.0225976106841268     
   2.4801283841612387E+017  ,    1.0225539838965205     
   2.4825961735982150E+017  ,    1.0225104822144395     
   2.4850639630351917E+017  ,    1.0224671051638876     
   2.4875317524721677E+017  ,    1.0224238522730953     
   2.4899995419091440E+017  ,    1.0223807230725048     
   2.4924673313461206E+017  ,    1.0223377170947623     
   2.4949351207830973E+017  ,    1.0222948338747009     
   2.4974029102200736E+017  ,    1.0222520729493316     
   2.4998706996570499E+017  ,    1.0222094338578303     
   2.5023384890940266E+017  ,    1.0221669161415239     
   2.5048062785310022E+017  ,    1.0221245193438824     
   2.5072740679679786E+017  ,    1.0220822430105025     
   2.5097418574049552E+017  ,    1.0220400866890984     
   2.5122096468419315E+017  ,    1.0219980499294896     
   2.5146774362789078E+017  ,    1.0219561322835897     
   2.5171452257158842E+017  ,    1.0219143333053931     
   2.5196130151528605E+017  ,    1.0218726525509652     
   2.5220808045898371E+017  ,    1.0218310895784306     
   2.5245485940268131E+017  ,    1.0217896439479603     
   2.5270163834637898E+017  ,    1.0217483152217630     
   2.5294841729007661E+017  ,    1.0217071029640719     
   2.5319519623377424E+017  ,    1.0216660067411334     
   2.5344197517747187E+017  ,    1.0216250261211979     
   2.5368875412116950E+017  ,    1.0215841606745064     
   2.5393553306486717E+017  ,    1.0215434099732816     
   2.5418231200856477E+017  ,    1.0215027735917159     
   2.5442909095226243E+017  ,    1.0214622511059601     
   2.5467586989596006E+017  ,    1.0214218420941152     
   2.5492264883965770E+017  ,    1.0213815461362175     
   2.5516942778335533E+017  ,    1.0213413628142325     
   2.5541620672705293E+017  ,    1.0213012917120416     
   2.5566298567075059E+017  ,    1.0212613324154325     
   2.5590976461444819E+017  ,    1.0212214845120877     
   2.5615654355814586E+017  ,    1.0211817475915761     
   2.5640332250184352E+017  ,    1.0211421212453415     
   2.5665010144554115E+017  ,    1.0211026050666925     
   2.5689688038923878E+017  ,    1.0210631986507925     
   2.5714365933293642E+017  ,    1.0210239015946498     
   2.5739043827663408E+017  ,    1.0209847134971073     
   2.5763721722033171E+017  ,    1.0209456339588321     
   2.5788399616402928E+017  ,    1.0209066625823071     
   2.5813077510772694E+017  ,    1.0208677989718191     
   2.5837755405142458E+017  ,    1.0208290427334519     
   2.5862433299512221E+017  ,    1.0207903934750731     
   2.5887111193881984E+017  ,    1.0207518508063269     
   2.5911789088251750E+017  ,    1.0207134143386234     
   2.5936466982621514E+017  ,    1.0206750836851306     
   2.5961144876991277E+017  ,    1.0206368584607630     
   2.5985822771361040E+017  ,    1.0205987382821733     
   2.6010500665730806E+017  ,    1.0205607227677422     
   2.6035178560100573E+017  ,    1.0205228115375706     
   2.6059856454470330E+017  ,    1.0204850042134692     
   2.6084534348840093E+017  ,    1.0204473004189494     
   2.6109212243209859E+017  ,    1.0204096997792145     
   2.6133890137579619E+017  ,    1.0203722019211505     
   2.6158568031949386E+017  ,    1.0203348064733173     
   2.6183245926319149E+017  ,    1.0202975130659395     
   2.6207923820688915E+017  ,    1.0202603213308974     
   2.6232601715058675E+017  ,    1.0202232309017190     
   2.6257279609428435E+017  ,    1.0201862414135696     
   2.6281957503798205E+017  ,    1.0201493525032452     
   2.6306635398167965E+017  ,    1.0201125638091619     
   2.6331313292537731E+017  ,    1.0200758749713481     
   2.6355991186907494E+017  ,    1.0200392856314362     
   2.6380669081277258E+017  ,    1.0200027954326538     
   2.6405346975647027E+017  ,    1.0199664040198149     
   2.6430024870016784E+017  ,    1.0199301110393122     
   2.6454702764386547E+017  ,    1.0198939161391081     
   2.6479380658756310E+017  ,    1.0198578189687268     
   2.6504058553126074E+017  ,    1.0198218191792459     
   2.6528736447495837E+017  ,    1.0197859164232881     
   2.6553414341865600E+017  ,    1.0197501103550133     
   2.6578092236235370E+017  ,    1.0197144006301100     
   2.6602770130605126E+017  ,    1.0196787869057882     
   2.6627448024974896E+017  ,    1.0196432688407706     
   2.6652125919344656E+017  ,    1.0196078460952844     
   2.6676803813714422E+017  ,    1.0195725183310536     
   2.6701481708084182E+017  ,    1.0195372852112925     
   2.6726159602453946E+017  ,    1.0195021464006961     
   2.6750837496823715E+017  ,    1.0194671015654326     
   2.6775515391193472E+017  ,    1.0194321503731369     
   2.6800193285563242E+017  ,    1.0193972924929013     
   2.6824871179933005E+017  ,    1.0193625275952687     
   2.6849549074302768E+017  ,    1.0193278553522263     
   2.6874226968672531E+017  ,    1.0192932754371948     
   2.6898904863042288E+017  ,    1.0192587875250243     
   2.6923582757412058E+017  ,    1.0192243912919852     
   2.6948260651781821E+017  ,    1.0191900864157606     
   2.6972938546151578E+017  ,    1.0191558725754397     
   2.6997616440521347E+017  ,    1.0191217494515097     
   2.7022294334891110E+017  ,    1.0190877167258499     
   2.7046972229260877E+017  ,    1.0190537740817232     
   2.7071650123630640E+017  ,    1.0190199212037687     
   2.7096328018000403E+017  ,    1.0189861577779959     
   2.7121005912370166E+017  ,    1.0189524834917776     
   2.7145683806739923E+017  ,    1.0189188980338404     
   2.7170361701109693E+017  ,    1.0188854010942605     
   2.7195039595479456E+017  ,    1.0188519923644559     
   2.7219717489849219E+017  ,    1.0188186715371788     
   2.7244395384218982E+017  ,    1.0187854383065089     
   2.7269073278588746E+017  ,    1.0187522923678476     
   2.7293751172958509E+017  ,    1.0187192334179103     
   2.7318429067328272E+017  ,    1.0186862611547194     
   2.7343106961698035E+017  ,    1.0186533752775979     
   2.7367784856067802E+017  ,    1.0186205754871633     
   2.7392462750437568E+017  ,    1.0185878614853208     
   2.7417140644807328E+017  ,    1.0185552329752543     
   2.7441818539177091E+017  ,    1.0185226896614252     
   2.7466496433546854E+017  ,    1.0184902312495603     
   2.7491174327916618E+017  ,    1.0184578574466470     
   2.7515852222286381E+017  ,    1.0184255679609295     
   2.7540530116656144E+017  ,    1.0183933625018995     
   2.7565208011025907E+017  ,    1.0183612407802904     
   2.7589885905395670E+017  ,    1.0183292025080715     
   2.7614563799765434E+017  ,    1.0182972473984413     
   2.7639241694135203E+017  ,    1.0182653751658217     
   2.7663919588504960E+017  ,    1.0182335855258515     
   2.7688597482874723E+017  ,    1.0182018781953797     
   2.7713275377244490E+017  ,    1.0181702528924608     
   2.7737953271614253E+017  ,    1.0181387093363468     
   2.7762631165984022E+017  ,    1.0181072472474824     
   2.7787309060353779E+017  ,    1.0180758663474996     
   2.7811986954723549E+017  ,    1.0180445663592093     
   2.7836664849093312E+017  ,    1.0180133470065971     
   2.7861342743463069E+017  ,    1.0179822080148182     
   2.7886020637832832E+017  ,    1.0179511491101894     
   2.7910698532202595E+017  ,    1.0179201700201836     
   2.7935376426572365E+017  ,    1.0178892704734264     
   2.7960054320942122E+017  ,    1.0178584501996866     
   2.7984732215311891E+017  ,    1.0178277089298735     
   2.8009410109681654E+017  ,    1.0177970463960295     
   2.8034088004051418E+017  ,    1.0177664623313250     
   2.8058765898421181E+017  ,    1.0177359564700530     
   2.8083443792790947E+017  ,    1.0177055285476224     
   2.8108121687160710E+017  ,    1.0176751783005540     
   2.8132799581530474E+017  ,    1.0176449054664727     
   2.8157477475900230E+017  ,    1.0176147097841053     
   2.8182155370270000E+017  ,    1.0175845909932713     
   2.8206833264639763E+017  ,    1.0175545488348801     
   2.8231511159009526E+017  ,    1.0175245830509236     
   2.8256189053379290E+017  ,    1.0174946933844737     
   2.8280866947749053E+017  ,    1.0174648795796737     
   2.8305544842118816E+017  ,    1.0174351413817337     
   2.8330222736488579E+017  ,    1.0174054785369275     
   2.8354900630858342E+017  ,    1.0173758907925852     
   2.8379578525228106E+017  ,    1.0173463778970884     
   2.8404256419597869E+017  ,    1.0173169395998642     
   2.8428934313967635E+017  ,    1.0172875756513822     
   2.8453612208337398E+017  ,    1.0172582858031478     
   2.8478290102707162E+017  ,    1.0172290698076965     
   2.8502967997076925E+017  ,    1.0171999274185901     
   2.8527645891446688E+017  ,    1.0171708583904115     
   2.8552323785816451E+017  ,    1.0171418624787589     
   2.8577001680186221E+017  ,    1.0171129394402409     
   2.8601679574555978E+017  ,    1.0170840890324724     
   2.8626357468925741E+017  ,    1.0170553110140685     
   2.8651035363295504E+017  ,    1.0170266051446402     
   2.8675713257665267E+017  ,    1.0169979711847894     
   2.8700391152035030E+017  ,    1.0169694088961052     
   2.8725069046404794E+017  ,    1.0169409180411564     
   2.8749746940774560E+017  ,    1.0169124983834879     
   2.8774424835144323E+017  ,    1.0168841496876182     
   2.8799102729514086E+017  ,    1.0168558717190308     
   2.8823780623883853E+017  ,    1.0168276642441729     
   2.8848458518253619E+017  ,    1.0167995270304466     
   2.8873136412623373E+017  ,    1.0167714598462092     
   2.8897814306993139E+017  ,    1.0167434624607647     
   2.8922492201362906E+017  ,    1.0167155346443619     
   2.8947170095732672E+017  ,    1.0166876761681867     
   2.8971847990102432E+017  ,    1.0166598868043599     
   2.8996525884472198E+017  ,    1.0166321663259332     
   2.9021203778841965E+017  ,    1.0166045145068818     
   2.9045881673211718E+017  ,    1.0165769311221031     
   2.9070559567581491E+017  ,    1.0165494159474084     
   2.9095237461951251E+017  ,    1.0165219687595244     
   2.9119915356321018E+017  ,    1.0164945893360813     
   2.9144593250690771E+017  ,    1.0164672774556152     
   2.9169271145060544E+017  ,    1.0164400328975596     
   2.9193949039430304E+017  ,    1.0164128554422411     
   2.9218626933800070E+017  ,    1.0163857448708784     
   2.9243304828169830E+017  ,    1.0163587009655750     
   2.9267982722539597E+017  ,    1.0163317235093150     
   2.9292660616909357E+017  ,    1.0163048122859610     
   2.9317338511279123E+017  ,    1.0162779670802466     
   2.9342016405648883E+017  ,    1.0162511876777758     
   2.9366694300018650E+017  ,    1.0162244738650159     
   2.9391372194388416E+017  ,    1.0161978254292958     
   2.9416050088758176E+017  ,    1.0161712421587987     
   2.9440727983127942E+017  ,    1.0161447238425623     
   2.9465405877497702E+017  ,    1.0161182702704694     
   2.9490083771867469E+017  ,    1.0160918812332500     
   2.9514761666237229E+017  ,    1.0160655565224712     
   2.9539439560606995E+017  ,    1.0160392959305378     
   2.9564117454976755E+017  ,    1.0160130992506853     
   2.9588795349346522E+017  ,    1.0159869662769776     
   2.9613473243716282E+017  ,    1.0159608968043023     
   2.9638151138086048E+017  ,    1.0159348906283681     
   2.9662829032455814E+017  ,    1.0159089475456977     
   2.9687506926825574E+017  ,    1.0158830673536281     
   2.9712184821195341E+017  ,    1.0158572498503033     
   2.9736862715565101E+017  ,    1.0158314948346725     
   2.9761540609934874E+017  ,    1.0158058021064855     
   2.9786218504304627E+017  ,    1.0157801714662884     
   2.9810896398674394E+017  ,    1.0157546027154214     
   2.9835574293044160E+017  ,    1.0157290956560128     
   2.9860252187413926E+017  ,    1.0157036500909773     
   2.9884930081783680E+017  ,    1.0156782658240118     
   2.9909607976153446E+017  ,    1.0156529426595906     
   2.9934285870523213E+017  ,    1.0156276804029631     
   2.9958963764892973E+017  ,    1.0156024788601481     
   2.9983641659262739E+017  ,    1.0155773378379342     
   3.0008319553632506E+017  ,    1.0155522571438713     
   3.0032997448002272E+017  ,    1.0155272365862702     
   3.0057675342372032E+017  ,    1.0155022759741978     
   3.0082353236741798E+017  ,    1.0154773751174746     
   3.0107031131111552E+017  ,    1.0154525338266696     
   3.0131709025481325E+017  ,    1.0154277519130970     
   3.0156386919851078E+017  ,    1.0154030291888152     
   3.0181064814220851E+017  ,    1.0153783654666197     
   3.0205742708590611E+017  ,    1.0153537605600420     
   3.0230420602960371E+017  ,    1.0153292142833452     
   3.0255098497330138E+017  ,    1.0153047264515214     
   3.0279776391699904E+017  ,    1.0152802968802870     
   3.0304454286069664E+017  ,    1.0152559253860809     
   3.0329132180439424E+017  ,    1.0152316117860594     
   3.0353810074809197E+017  ,    1.0152073558980943     
   3.0378487969178957E+017  ,    1.0151831575407693     
   3.0403165863548723E+017  ,    1.0151590165333748     
   3.0427843757918483E+017  ,    1.0151349326959087     
   3.0452521652288250E+017  ,    1.0151109058490688     
   3.0477199546658010E+017  ,    1.0150869358142514     
   3.0501877441027776E+017  ,    1.0150630224135488     
   3.0526555335397536E+017  ,    1.0150391654697450     
   3.0551233229767302E+017  ,    1.0150153648063125     
   3.0575911124137062E+017  ,    1.0149916202474090     
   3.0600589018506829E+017  ,    1.0149679316178757     
   3.0625266912876589E+017  ,    1.0149442987432324     
   3.0649944807246355E+017  ,    1.0149207214496749     
   3.0674622701616115E+017  ,    1.0148971995640723     
   3.0699300595985882E+017  ,    1.0148737329139628     
   3.0723978490355648E+017  ,    1.0148503213275522     
   3.0748656384725408E+017  ,    1.0148269646337102     
   3.0773334279095174E+017  ,    1.0148036626619659     
   3.0798012173464934E+017  ,    1.0147804152425071     
   3.0822690067834701E+017  ,    1.0147572222061758     
   3.0847367962204467E+017  ,    1.0147340833844654     
   3.0872045856574227E+017  ,    1.0147109986095175     
   3.0896723750943987E+017  ,    1.0146879677141214     
   3.0921401645313754E+017  ,    1.0146649905317056     
   3.0946079539683514E+017  ,    1.0146420668963414     
   3.0970757434053280E+017  ,    1.0146191966427347     
   3.0995435328423040E+017  ,    1.0145963796062261     
   3.1020113222792806E+017  ,    1.0145736156227878     
   3.1044791117162573E+017  ,    1.0145509045290182     
   3.1069469011532333E+017  ,    1.0145282461621434     
   3.1094146905902106E+017  ,    1.0145056403600097     
   3.1118824800271866E+017  ,    1.0144830869610835     
   3.1143502694641626E+017  ,    1.0144605858044480     
   3.1168180589011392E+017  ,    1.0144381367298001     
   3.1192858483381158E+017  ,    1.0144157395774485     
   3.1217536377750918E+017  ,    1.0143933941883090     
   3.1242214272120685E+017  ,    1.0143711004039040     
   3.1266892166490445E+017  ,    1.0143488580663573     
   3.1291570060860211E+017  ,    1.0143266670183944     
   3.1316247955229965E+017  ,    1.0143045271033373     
   3.1340925849599731E+017  ,    1.0142824381651017     
   3.1365603743969498E+017  ,    1.0142604000481974     
   3.1390281638339264E+017  ,    1.0142384125977209     
   3.1414959532709024E+017  ,    1.0142164756593575     
   3.1439637427078784E+017  ,    1.0141945890793749     
   3.1464315321448557E+017  ,    1.0141727527046227     
   3.1488993215818317E+017  ,    1.0141509663825290     
   3.1513671110188083E+017  ,    1.0141292299610984     
   3.1538349004557843E+017  ,    1.0141075432889075     
   3.1563026898927610E+017  ,    1.0140859062151064     
   3.1587704793297370E+017  ,    1.0140643185894112     
   3.1612382687667136E+017  ,    1.0140427802621041     
   3.1637060582036896E+017  ,    1.0140212910840314     
   3.1661738476406662E+017  ,    1.0139998509066002     
   3.1686416370776422E+017  ,    1.0139784595817742     
   3.1711094265146189E+017  ,    1.0139571169620740     
   3.1735772159515955E+017  ,    1.0139358229005735     
   3.1760450053885722E+017  ,    1.0139145772508960     
   3.1785127948255475E+017  ,    1.0138933798672152     
   3.1809805842625248E+017  ,    1.0138722306042489     
   3.1834483736995014E+017  ,    1.0138511293172583     
   3.1859161631364768E+017  ,    1.0138300758620464     
   3.1883839525734534E+017  ,    1.0138090700949542     
   3.1908517420104294E+017  ,    1.0137881118728587     
   3.1933195314474061E+017  ,    1.0137672010531711     
   3.1957873208843821E+017  ,    1.0137463374938334     
   3.1982551103213587E+017  ,    1.0137255210533169     
   3.2007228997583347E+017  ,    1.0137047515906192     
   3.2031906891953114E+017  ,    1.0136840289652627     
   3.2056584786322880E+017  ,    1.0136633530372920     
   3.2081262680692640E+017  ,    1.0136427236672705     
   3.2105940575062406E+017  ,    1.0136221407162795     
   3.2130618469432173E+017  ,    1.0136016040459150     
   3.2155296363801933E+017  ,    1.0135811135182864     
   3.2179974258171699E+017  ,    1.0135606689960137     
   3.2204652152541466E+017  ,    1.0135402703422229     
   3.2229330046911226E+017  ,    1.0135199174205500     
   3.2254007941280992E+017  ,    1.0134996100951315     
   3.2278685835650752E+017  ,    1.0134793482306066     
   3.2303363730020518E+017  ,    1.0134591316921140     
   3.2328041624390272E+017  ,    1.0134389603452905     
   3.2352719518760038E+017  ,    1.0134188340562651     
   3.2377397413129798E+017  ,    1.0133987526916624     
   3.2402075307499571E+017  ,    1.0133787161185956     
   3.2426753201869331E+017  ,    1.0133587242046682     
   3.2451431096239091E+017  ,    1.0133387768179694     
   3.2476108990608858E+017  ,    1.0133188738270711     
   3.2500786884978618E+017  ,    1.0132990151010295     
   3.2525464779348390E+017  ,    1.0132792005093798     
   3.2550142673718150E+017  ,    1.0132594299221347     
   3.2574820568087917E+017  ,    1.0132397032097828     
   3.2599498462457677E+017  ,    1.0132200202432875     
   3.2624176356827443E+017  ,    1.0132003808940828     
   3.2648854251197203E+017  ,    1.0131807850340717     
   3.2673532145566970E+017  ,    1.0131612325356267     
   3.2698210039936730E+017  ,    1.0131417232715840     
   3.2722887934306496E+017  ,    1.0131222571152438     
   3.2747565828676262E+017  ,    1.0131028339403683     
   3.2772243723046029E+017  ,    1.0130834536211781     
   3.2796921617415789E+017  ,    1.0130641160323524     
   3.2821599511785542E+017  ,    1.0130448210490248     
   3.2846277406155309E+017  ,    1.0130255685467837     
   3.2870955300525075E+017  ,    1.0130063584016675     
   3.2895633194894842E+017  ,    1.0129871904901655     
   3.2920311089264602E+017  ,    1.0129680646892132     
   3.2944988983634368E+017  ,    1.0129489808761936     
   3.2969666878004128E+017  ,    1.0129299389289317     
   3.2994344772373901E+017  ,    1.0129109387256956     
   3.3019022666743654E+017  ,    1.0128919801451930     
   3.3043700561113421E+017  ,    1.0128730630665690     
   3.3068378455483181E+017  ,    1.0128541873694057     
   3.3093056349852947E+017  ,    1.0128353529337188     
   3.3117734244222714E+017  ,    1.0128165596399576     
   3.3142412138592480E+017  ,    1.0127978073690005     
   3.3167090032962246E+017  ,    1.0127790960021552     
   3.3191767927332000E+017  ,    1.0127604254211562     
   3.3216445821701766E+017  ,    1.0127417955081628     
   3.3241123716071533E+017  ,    1.0127232061457585     
   3.3265801610441299E+017  ,    1.0127046572169467     
   3.3290479504811059E+017  ,    1.0126861486051515     
   3.3315157399180819E+017  ,    1.0126676801942143     
   3.3339835293550592E+017  ,    1.0126492518683927     
   3.3364513187920346E+017  ,    1.0126308635123584     
   3.3389191082290106E+017  ,    1.0126125150111953     
   3.3413868976659872E+017  ,    1.0125942062503983     
   3.3438546871029638E+017  ,    1.0125759371158718     
   3.3463224765399405E+017  ,    1.0125577074939260     
   3.3487902659769165E+017  ,    1.0125395172712777     
   3.3512580554138931E+017  ,    1.0125213663350465     
   3.3537258448508698E+017  ,    1.0125032545727555     
   3.3561936342878451E+017  ,    1.0124851818723264     
   3.3586614237248224E+017  ,    1.0124671481220811     
   3.3611292131617984E+017  ,    1.0124491532107365     
   3.3635970025987750E+017  ,    1.0124311970274065     
   3.3660647920357510E+017  ,    1.0124132794615979     
   3.3685325814727277E+017  ,    1.0123954004032092     
   3.3710003709097043E+017  ,    1.0123775597425293     
   3.3734681603466803E+017  ,    1.0123597573702350     
   3.3759359497836563E+017  ,    1.0123419931773918     
   3.3784037392206323E+017  ,    1.0123242670554493     
   3.3808715286576090E+017  ,    1.0123065788962398     
   3.3833393180945862E+017  ,    1.0122889285919796     
   3.3858071075315622E+017  ,    1.0122713160352641     
   3.3882748969685382E+017  ,    1.0122537411190684     
   3.3907426864055142E+017  ,    1.0122362037367441     
   3.3932104758424902E+017  ,    1.0122187037820187     
   3.3956782652794675E+017  ,    1.0122012411489942     
   3.3981460547164435E+017  ,    1.0121838157321443     
   3.4006138441534202E+017  ,    1.0121664274263145     
   3.4030816335903962E+017  ,    1.0121490761267189     
   3.4055494230273734E+017  ,    1.0121317617289400     
   3.4080172124643494E+017  ,    1.0121144841289267     
   3.4104850019013254E+017  ,    1.0120972432229920     
   3.4129527913383014E+017  ,    1.0120800389078122     
   3.4154205807752781E+017  ,    1.0120628710804263     
   3.4178883702122547E+017  ,    1.0120457396382323     
   3.4203561596492314E+017  ,    1.0120286444789877     
   3.4228239490862080E+017  ,    1.0120115855008067     
   3.4252917385231840E+017  ,    1.0119945626021596     
   3.4277595279601594E+017  ,    1.0119775756818703     
   3.4302273173971360E+017  ,    1.0119606246391166     
   3.4326951068341126E+017  ,    1.0119437093734256     
   3.4351628962710886E+017  ,    1.0119268297846769     
   3.4376306857080653E+017  ,    1.0119099857730964     
   3.4400984751450413E+017  ,    1.0118931772392574     
   3.4425662645820186E+017  ,    1.0118764040840791     
   3.4450340540189946E+017  ,    1.0118596662088248     
   3.4475018434559706E+017  ,    1.0118429635150998     
   3.4499696328929472E+017  ,    1.0118262959048510     
   3.4524374223299232E+017  ,    1.0118096632803646     
   3.4549052117669005E+017  ,    1.0117930655442660     
   3.4573730012038765E+017  ,    1.0117765025995173     
   3.4598407906408531E+017  ,    1.0117599743494159     
   3.4623085800778291E+017  ,    1.0117434806975929     
   3.4647763695148058E+017  ,    1.0117270215480145     
   3.4672441589517818E+017  ,    1.0117105968049751     
   3.4697119483887584E+017  ,    1.0116942063731020     
   3.4721797378257344E+017  ,    1.0116778501573496     
   3.4746475272627110E+017  ,    1.0116615280629999     
   3.4771153166996877E+017  ,    1.0116452399956617     
   3.4795831061366643E+017  ,    1.0116289858612675     
   3.4820508955736397E+017  ,    1.0116127655660738     
   3.4845186850106157E+017  ,    1.0115965790166597     
   3.4869864744475923E+017  ,    1.0115804261199226     
   3.4894542638845690E+017  ,    1.0115643067830826     
   3.4919220533215456E+017  ,    1.0115482209136750     
   3.4943898427585216E+017  ,    1.0115321684195542     
   3.4968576321954982E+017  ,    1.0115161492088882     
   3.4993254216324742E+017  ,    1.0115001631901606     
   3.5017932110694509E+017  ,    1.0114842102721660     
   3.5042610005064269E+017  ,    1.0114682903640138     
   3.5067287899434035E+017  ,    1.0114524033751207     
   3.5091965793803795E+017  ,    1.0114365492152144     
   3.5116643688173568E+017  ,    1.0114207277943292     
   3.5141321582543328E+017  ,    1.0114049390228073     
   3.5165999476913094E+017  ,    1.0113891828112944     
   3.5190677371282848E+017  ,    1.0113734590707426     
   3.5215355265652614E+017  ,    1.0113577677124044     
   3.5240033160022381E+017  ,    1.0113421086478358     
   3.5264711054392147E+017  ,    1.0113264817888932     
   3.5289388948761907E+017  ,    1.0113108870477301     
   3.5314066843131667E+017  ,    1.0112953243368010     
   3.5338744737501434E+017  ,    1.0112797935688549     
   3.5363422631871194E+017  ,    1.0112642946569370     
   3.5388100526240960E+017  ,    1.0112488275143867     
   3.5412778420610720E+017  ,    1.0112333920548378     
   3.5437456314980486E+017  ,    1.0112179881922141     
   3.5462134209350246E+017  ,    1.0112026158407317     
   3.5486812103720019E+017  ,    1.0111872749148965     
   3.5511489998089779E+017  ,    1.0111719653295006     
   3.5536167892459546E+017  ,    1.0111566869996269     
   3.5560845786829306E+017  ,    1.0111414398406422     
   3.5585523681199066E+017  ,    1.0111262237681979     
   3.5610201575568838E+017  ,    1.0111110386982312     
   3.5634879469938598E+017  ,    1.0110958845469602     
   3.5659557364308365E+017  ,    1.0110807612308859     
   3.5684235258678125E+017  ,    1.0110656686667885     
   3.5708913153047898E+017  ,    1.0110506067717289     
   3.5733591047417651E+017  ,    1.0110355754630449     
   3.5758268941787411E+017  ,    1.0110205746583518     
   3.5782946836157171E+017  ,    1.0110056042755426     
   3.5807624730526938E+017  ,    1.0109906642327822     
   3.5832302624896704E+017  ,    1.0109757544485116     
   3.5856980519266470E+017  ,    1.0109608748414431     
   3.5881658413636230E+017  ,    1.0109460253305615     
   3.5906336308005990E+017  ,    1.0109312058351216     
   3.5931014202375757E+017  ,    1.0109164162746476     
   3.5955692096745523E+017  ,    1.0109016565689326     
   3.5980369991115290E+017  ,    1.0108869266380367     
   3.6005047885485050E+017  ,    1.0108722264022865     
   3.6029725779854816E+017  ,    1.0108575557822725     
   3.6054403674224576E+017  ,    1.0108429146988511     
   3.6079081568594349E+017  ,    1.0108283030731406     
   3.6103759462964102E+017  ,    1.0108137208265222     
   3.6128437357333869E+017  ,    1.0107991678806367     
   3.6153115251703629E+017  ,    1.0107846441573862     
   3.6177793146073395E+017  ,    1.0107701495789316     
   3.6202471040443162E+017  ,    1.0107556840676906     
   3.6227148934812928E+017  ,    1.0107412475463387     
   3.6251826829182688E+017  ,    1.0107268399378078     
   3.6276504723552442E+017  ,    1.0107124611652829     
   3.6301182617922208E+017  ,    1.0106981111522042     
   3.6325860512291974E+017  ,    1.0106837898222649     
   3.6350538406661741E+017  ,    1.0106694970994090     
   3.6375216301031501E+017  ,    1.0106552329078320     
   3.6399894195401267E+017  ,    1.0106409971719792     
   3.6424572089771034E+017  ,    1.0106267898165451     
   3.6449249984140800E+017  ,    1.0106126107664710     
   3.6473927878510554E+017  ,    1.0105984599469462     
   3.6498605772880320E+017  ,    1.0105843372834058     
   3.6523283667250080E+017  ,    1.0105702427015288     
   3.6547961561619853E+017  ,    1.0105561761272406     
   3.6572639455989613E+017  ,    1.0105421374867072     
   3.6597317350359379E+017  ,    1.0105281267063382     
   3.6621995244729139E+017  ,    1.0105141437127831     
   3.6646673139098899E+017  ,    1.0105001884329330     
   3.6671351033468672E+017  ,    1.0104862607939178     
   3.6696028927838432E+017  ,    1.0104723607231050     
   3.6720706822208198E+017  ,    1.0104584881481007     
   3.6745384716577958E+017  ,    1.0104446429967469     
   3.6770062610947718E+017  ,    1.0104308251971212     
   3.6794740505317491E+017  ,    1.0104170346775354     
   3.6819418399687245E+017  ,    1.0104032713665365     
   3.6844096294057005E+017  ,    1.0103895351929022     
   3.6868774188426771E+017  ,    1.0103758260856439     
   3.6893452082796538E+017  ,    1.0103621439740031     
   3.6918129977166304E+017  ,    1.0103484887874519     
   3.6942807871536064E+017  ,    1.0103348604556910     
   3.6967485765905830E+017  ,    1.0103212589086501     
   3.6992163660275597E+017  ,    1.0103076840764864     
   3.7016841554645357E+017  ,    1.0102941358895827     
   3.7041519449015123E+017  ,    1.0102806142785485     
   3.7066197343384883E+017  ,    1.0102671191742181     
   3.7090875237754650E+017  ,    1.0102536505076485     
   3.7115553132124410E+017  ,    1.0102402082101216     
   3.7140231026494182E+017  ,    1.0102267922131398     
   3.7164908920863942E+017  ,    1.0102134024484288     
   3.7189586815233702E+017  ,    1.0102000388479320     
   3.7214264709603456E+017  ,    1.0101867013438155     
   3.7238942603973222E+017  ,    1.0101733898684624     
   3.7263620498342995E+017  ,    1.0101601043544741     
   3.7288298392712755E+017  ,    1.0101468447346691     
   3.7312976287082522E+017  ,    1.0101336109420826     
   3.7337654181452282E+017  ,    1.0101204029099646     
   3.7362332075822042E+017  ,    1.0101072205717807     
   3.7387009970191808E+017  ,    1.0100940638612088     
   3.7411687864561574E+017  ,    1.0100809327121412     
   3.7436365758931334E+017  ,    1.0100678270586818     
   3.7461043653301101E+017  ,    1.0100547468351455     
   3.7485721547670867E+017  ,    1.0100416919760591     
   3.7510399442040634E+017  ,    1.0100286624161572     
   3.7535077336410394E+017  ,    1.0100156580903845     
   3.7559755230780154E+017  ,    1.0100026789338943     
   3.7584433125149914E+017  ,    1.0099897248820453     
   3.7609111019519686E+017  ,    1.0099767958704053     
   3.7633788913889446E+017  ,    1.0099638918347458     
   3.7658466808259213E+017  ,    1.0099510127110443     
   3.7683144702628979E+017  ,    1.0099381584354823     
   3.7707822596998739E+017  ,    1.0099253289444445     
   3.7732500491368506E+017  ,    1.0099125241745186     
   3.7757178385738259E+017  ,    1.0098997440624939     
   3.7781856280108026E+017  ,    1.0098869885453612     
   3.7806534174477786E+017  ,    1.0098742575603110     
   3.7831212068847552E+017  ,    1.0098615510447333     
   3.7855889963217318E+017  ,    1.0098488689362175     
   3.7880567857587085E+017  ,    1.0098362111725514     
   3.7905245751956845E+017  ,    1.0098235776917193     
   3.7929923646326605E+017  ,    1.0098109684319019     
   3.7954601540696365E+017  ,    1.0097983833314768     
   3.7979279435066138E+017  ,    1.0097858223290155     
   3.8003957329435898E+017  ,    1.0097732853632853     
   3.8028635223805664E+017  ,    1.0097607723732451     
   3.8053313118175430E+017  ,    1.0097482832980487     
   3.8077991012545197E+017  ,    1.0097358180770404     
   3.8102668906914957E+017  ,    1.0097233766497569     
   3.8127346801284717E+017  ,    1.0097109589559254     
   3.8152024695654483E+017  ,    1.0096985649354628     
   3.8176702590024243E+017  ,    1.0096861945284761     
   3.8201380484394016E+017  ,    1.0096738476752598     
   3.8226058378763776E+017  ,    1.0096615243162967     
   3.8250736273133542E+017  ,    1.0096492243922568     
   3.8275414167503290E+017  ,    1.0096369478439968     
   3.8300092061873056E+017  ,    1.0096246946125582     
   3.8324769956242822E+017  ,    1.0096124646391684     
   3.8349447850612589E+017  ,    1.0096002578652390     
   3.8374125744982355E+017  ,    1.0095880742323655     
   3.8398803639352115E+017  ,    1.0095759136823252     
   3.8423481533721882E+017  ,    1.0095637761570795     
   3.8448159428091648E+017  ,    1.0095516615987690     
   3.8472837322461408E+017  ,    1.0095395699497183     
   3.8497515216831168E+017  ,    1.0095275011524292     
   3.8522193111200934E+017  ,    1.0095154551495855     
   3.8546871005570694E+017  ,    1.0095034318840483     
   3.8571548899940467E+017  ,    1.0094914312988570     
   3.8596226794310227E+017  ,    1.0094794533372300     
   3.8620904688679994E+017  ,    1.0094674979425613     
   3.8645582583049747E+017  ,    1.0094555650584214     
   3.8670260477419507E+017  ,    1.0094436546285568     
   3.8694938371789280E+017  ,    1.0094317665968882     
   3.8719616266159046E+017  ,    1.0094199009075113     
   3.8744294160528806E+017  ,    1.0094080575046951     
   3.8768972054898566E+017  ,    1.0093962363328819     
   3.8793649949268346E+017  ,    1.0093844373366863     
   3.8818327843638093E+017  ,    1.0093726604608937     
   3.8843005738007859E+017  ,    1.0093609056504627     
   3.8867683632377619E+017  ,    1.0093491728505191     
   3.8892361526747386E+017  ,    1.0093374620063620     
   3.8917039421117152E+017  ,    1.0093257730634579     
   3.8941717315486918E+017  ,    1.0093141059674411     
   3.8966395209856678E+017  ,    1.0093024606641163     
   3.8991073104226445E+017  ,    1.0092908370994524     
   3.9015750998596205E+017  ,    1.0092792352195881     
   3.9040428892965971E+017  ,    1.0092676549708264     
   3.9065106787335738E+017  ,    1.0092560962996355     
   3.9089784681705498E+017  ,    1.0092445591526498     
   3.9114462576075264E+017  ,    1.0092330434766670     
   3.9139140470445024E+017  ,    1.0092215492186487     
   3.9163818364814797E+017  ,    1.0092100763257192     
   3.9188496259184550E+017  ,    1.0091986247451663     
   3.9213174153554310E+017  ,    1.0091871944244386     
   3.9237852047924070E+017  ,    1.0091757853111469     
   3.9262529942293843E+017  ,    1.0091643973530615     
   3.9287207836663603E+017  ,    1.0091530304981140     
   3.9311885731033370E+017  ,    1.0091416846943944     
   3.9336563625403130E+017  ,    1.0091303598901520     
   3.9361241519772890E+017  ,    1.0091190560337955     
   3.9385919414142656E+017  ,    1.0091077730738902     
   3.9410597308512422E+017  ,    1.0090965109591583     
   3.9435275202882189E+017  ,    1.0090852696384793     
   3.9459953097251949E+017  ,    1.0090740490608892     
   3.9484630991621715E+017  ,    1.0090628491755784     
   3.9509308885991482E+017  ,    1.0090516699318919     
   3.9533986780361248E+017  ,    1.0090405112793310     
   3.9558664674731002E+017  ,    1.0090293731675490     
   3.9583342569100768E+017  ,    1.0090182555463532     
   3.9608020463470528E+017  ,    1.0090071583657032     
   3.9632698357840301E+017  ,    1.0089960815757104     
   3.9657376252210061E+017  ,    1.0089850251266390     
   3.9682054146579827E+017  ,    1.0089739889689027     
   3.9706732040949587E+017  ,    1.0089629730530663     
   3.9731409935319341E+017  ,    1.0089519773298450     
   3.9756087829689114E+017  ,    1.0089410017501030     
   3.9780765724058874E+017  ,    1.0089300462648529     
   3.9805443618428640E+017  ,    1.0089191108252558     
   3.9830121512798400E+017  ,    1.0089081953826204     
   3.9854799407168173E+017  ,    1.0088972998884040     
   3.9879477301537933E+017  ,    1.0088864242942084     
   3.9904155195907699E+017  ,    1.0088755685517827     
   3.9928833090277453E+017  ,    1.0088647326130220     
   3.9953510984647219E+017  ,    1.0088539164299655     
   3.9978188879016986E+017  ,    1.0088431199547978     
   4.0002866773386752E+017  ,    1.0088323431398472     
   4.0027544667756512E+017  ,    1.0088215859375853     
   4.0052222562126278E+017  ,    1.0088108483006275     
   4.0076900456496038E+017  ,    1.0088001301817313     
   4.0101578350865805E+017  ,    1.0087894315337951     
   4.0126256245235571E+017  ,    1.0087787523098606     
   4.0150934139605331E+017  ,    1.0087680924631097     
   4.0175612033975098E+017  ,    1.0087574519468647     
   4.0200289928344851E+017  ,    1.0087468307145875     
   4.0224967822714630E+017  ,    1.0087362287198796     
   4.0249645717084390E+017  ,    1.0087256459164828     
   4.0274323611454144E+017  ,    1.0087150822582753     
   4.0299001505823904E+017  ,    1.0087045376992749     
   4.0323679400193670E+017  ,    1.0086940121936356     
   4.0348357294563437E+017  ,    1.0086835056956500     
   4.0373035188933203E+017  ,    1.0086730181597452     
   4.0397713083302963E+017  ,    1.0086625495404855     
   4.0422390977672730E+017  ,    1.0086520997925710     
   4.0447068872042496E+017  ,    1.0086416688708362     
   4.0471746766412256E+017  ,    1.0086312567302504     
   4.0496424660782022E+017  ,    1.0086208633259168     
   4.0521102555151782E+017  ,    1.0086104886130722     
   4.0545780449521549E+017  ,    1.0086001325470870     
   4.0570458343891315E+017  ,    1.0085897950834639     
   4.0595136238261082E+017  ,    1.0085794761778379     
   4.0619814132630842E+017  ,    1.0085691757859752     
   4.0644492027000602E+017  ,    1.0085588938637742     
   4.0669169921370355E+017  ,    1.0085486303672631     
   4.0693847815740134E+017  ,    1.0085383852526013     
   4.0718525710109894E+017  ,    1.0085281584760772     
   4.0743203604479654E+017  ,    1.0085179499941093     
   4.0767881498849414E+017  ,    1.0085077597632446     
   4.0792559393219181E+017  ,    1.0084975877401590     
   4.0817237287588947E+017  ,    1.0084874338816563     
   4.0841915181958707E+017  ,    1.0084772981446670     
   4.0866593076328474E+017  ,    1.0084671804862504     
   4.0891270970698234E+017  ,    1.0084570808635915     
   4.0915948865068000E+017  ,    1.0084469992340008     
   4.0940626759437766E+017  ,    1.0084369355549163     
   4.0965304653807533E+017  ,    1.0084268897838997     
   4.0989982548177293E+017  ,    1.0084168618786391     
   4.1014660442547053E+017  ,    1.0084068517969453     
   4.1039338336916813E+017  ,    1.0083968594967552     
   4.1064016231286586E+017  ,    1.0083868849361277     
   4.1088694125656346E+017  ,    1.0083769280732453     
   4.1113372020026112E+017  ,    1.0083669888664131     
   4.1138049914395872E+017  ,    1.0083570672740596     
   4.1162727808765645E+017  ,    1.0083471632547334     
   4.1187405703135398E+017  ,    1.0083372767671055     
   4.1212083597505158E+017  ,    1.0083274077699684     
   4.1236761491874925E+017  ,    1.0083175562222337     
   4.1261439386244685E+017  ,    1.0083077220829348     
   4.1286117280614458E+017  ,    1.0082979053112238     
   4.1310795174984218E+017  ,    1.0082881058663724     
   4.1335473069353984E+017  ,    1.0082783237077710     
   4.1360150963723738E+017  ,    1.0082685587949296     
   4.1384828858093504E+017  ,    1.0082588110874744     
   4.1409506752463270E+017  ,    1.0082490805451514     
   4.1434184646833037E+017  ,    1.0082393671278216     
   4.1458862541202797E+017  ,    1.0082296707954645     
   4.1483540435572563E+017  ,    1.0082199915081762     
   4.1508218329942330E+017  ,    1.0082103292261673     
   4.1532896224312096E+017  ,    1.0082006839097655     
   4.1557574118681856E+017  ,    1.0081910555194127     
   4.1582252013051616E+017  ,    1.0081814440156665     
   4.1606929907421382E+017  ,    1.0081718493591982     
   4.1631607801791149E+017  ,    1.0081622715107941     
   4.1656285696160915E+017  ,    1.0081527104313532     
   4.1680963590530675E+017  ,    1.0081431660818878     
   4.1705641484900442E+017  ,    1.0081336384235238     
   4.1730319379270189E+017  ,    1.0081241274174988     
   4.1754997273639962E+017  ,    1.0081146330251631     
   4.1779675168009722E+017  ,    1.0081051552079783     
   4.1804353062379488E+017  ,    1.0080956939275174     
   4.1829030956749254E+017  ,    1.0080862491454641     
   4.1853708851119014E+017  ,    1.0080768208236131     
   4.1878386745488787E+017  ,    1.0080674089238695     
   4.1903064639858547E+017  ,    1.0080580134082462     
   4.1927742534228307E+017  ,    1.0080486342388686     
   4.1952420428598067E+017  ,    1.0080392713779687     
   4.1977098322967834E+017  ,    1.0080299247878883     
   4.2001776217337600E+017  ,    1.0080205944310769     
   4.2026454111707366E+017  ,    1.0080112802700927     
   4.2051132006077126E+017  ,    1.0080019822676003     
   4.2075809900446893E+017  ,    1.0079927003863722     
   4.2100487794816646E+017  ,    1.0079834345892877     
   4.2125165689186419E+017  ,    1.0079741848393324     
   4.2149843583556179E+017  ,    1.0079649510995974     
   4.2174521477925939E+017  ,    1.0079557333332809     
   4.2199199372295706E+017  ,    1.0079465315036849     
   4.2223877266665478E+017  ,    1.0079373455742178     
   4.2248555161035238E+017  ,    1.0079281755083909     
   4.2273233055404992E+017  ,    1.0079190212698217     
   4.2297910949774758E+017  ,    1.0079098828222299     
   4.2322588844144518E+017  ,    1.0079007601294401     
   4.2347266738514291E+017  ,    1.0078916531553788     
   4.2371944632884051E+017  ,    1.0078825618640768     
   4.2396622527253818E+017  ,    1.0078734862196661     
   4.2421300421623578E+017  ,    1.0078644261863818     
   4.2445978315993344E+017  ,    1.0078553817285603     
   4.2470656210363104E+017  ,    1.0078463528106392     
   4.2495334104732870E+017  ,    1.0078373393971580     
   4.2520011999102630E+017  ,    1.0078283414527562     
   4.2544689893472397E+017  ,    1.0078193589421744     
   4.2569367787842163E+017  ,    1.0078103918302521     
   4.2594045682211930E+017  ,    1.0078014400819304     
   4.2618723576581696E+017  ,    1.0077925036622482     
   4.2643401470951443E+017  ,    1.0077835825363441     
   4.2668079365321210E+017  ,    1.0077746766694551     
   4.2692757259690970E+017  ,    1.0077657860269169     
   4.2717435154060742E+017  ,    1.0077569105741637     
   4.2742113048430502E+017  ,    1.0077480502767269     
   4.2766790942800269E+017  ,    1.0077392051002350     
   4.2791468837170029E+017  ,    1.0077303750104136     
   4.2816146731539789E+017  ,    1.0077215599730858     
   4.2840824625909555E+017  ,    1.0077127599541709     
   4.2865502520279322E+017  ,    1.0077039749196834     
   4.2890180414649088E+017  ,    1.0076952048357350     
   4.2914858309018848E+017  ,    1.0076864496685314     
   4.2939536203388621E+017  ,    1.0076777093843750     
   4.2964214097758381E+017  ,    1.0076689839496609     
   4.2988891992128147E+017  ,    1.0076602733308808     
   4.3013569886497901E+017  ,    1.0076515774946191     
   4.3038247780867667E+017  ,    1.0076428964075552     
   4.3062925675237434E+017  ,    1.0076342300364607     
   4.3087603569607200E+017  ,    1.0076255783482020     
   4.3112281463976960E+017  ,    1.0076169413097369     
   4.3136959358346726E+017  ,    1.0076083188881169     
   4.3161637252716486E+017  ,    1.0075997110504851     
   4.3186315147086246E+017  ,    1.0075911177640771     
   4.3210993041456013E+017  ,    1.0075825389962190     
   4.3235670935825773E+017  ,    1.0075739747143306     
   4.3260348830195539E+017  ,    1.0075654248859207     
   4.3285026724565299E+017  ,    1.0075568894785893     
   4.3309704618935072E+017  ,    1.0075483684600270     
   4.3334382513304832E+017  ,    1.0075398617980149     
   4.3359060407674598E+017  ,    1.0075313694604235     
   4.3383738302044352E+017  ,    1.0075228914152130     
   4.3408416196414125E+017  ,    1.0075144276304331     
   4.3433094090783885E+017  ,    1.0075059780742213     
   4.3457771985153651E+017  ,    1.0074975427148054     
   4.3482449879523411E+017  ,    1.0074891215205006     
   4.3507127773893178E+017  ,    1.0074807144597107     
   4.3531805668262944E+017  ,    1.0074723215009262     
   4.3556483562632704E+017  ,    1.0074639426127265     
   4.3581161457002464E+017  ,    1.0074555777637775     
   4.3605839351372230E+017  ,    1.0074472269228316     
   4.3630517245741997E+017  ,    1.0074388900587288     
   4.3655195140111763E+017  ,    1.0074305671403945     
   4.3679873034481530E+017  ,    1.0074222581368404     
   4.3704550928851283E+017  ,    1.0074139630171641     
   4.3729228823221043E+017  ,    1.0074056817505492     
   4.3753906717590803E+017  ,    1.0073974143062632     
   4.3778584611960576E+017  ,    1.0073891606536594     
   4.3803262506330336E+017  ,    1.0073809207621760     
   4.3827940400700102E+017  ,    1.0073726946013348     
   4.3852618295069862E+017  ,    1.0073644821407426     
   4.3877296189439629E+017  ,    1.0073562833500884     
   4.3901974083809395E+017  ,    1.0073480981991458     
   4.3926651978179155E+017  ,    1.0073399266577725     
   4.3951329872548922E+017  ,    1.0073317686959073     
   4.3976007766918682E+017  ,    1.0073236242835737     
   4.4000685661288454E+017  ,    1.0073154933908750     
   4.4025363555658214E+017  ,    1.0073073759879998     
   4.4050041450027981E+017  ,    1.0072992720452154     
   4.4074719344397741E+017  ,    1.0072911815328736     
   4.4099397238767494E+017  ,    1.0072831044214055     
   4.4124075133137267E+017  ,    1.0072750406813245     
   4.4148753027507034E+017  ,    1.0072669902832236     
   4.4173430921876787E+017  ,    1.0072589531977776     
   4.4198108816246554E+017  ,    1.0072509293957415     
   4.4222786710616314E+017  ,    1.0072429188479486     
   4.4247464604986086E+017  ,    1.0072349215253147     
   4.4272142499355846E+017  ,    1.0072269373988323     
   4.4296820393725606E+017  ,    1.0072189664395756     
   4.4321498288095373E+017  ,    1.0072110086186963     
   4.4346176182465133E+017  ,    1.0072030639074248     
   4.4370854076834906E+017  ,    1.0071951322770702     
   4.4395531971204666E+017  ,    1.0071872136990212     
   4.4420209865574432E+017  ,    1.0071793081447418     
   4.4444887759944192E+017  ,    1.0071714155857758     
   4.4469565654313952E+017  ,    1.0071635359937434     
   4.4494243548683718E+017  ,    1.0071556693403430     
   4.4518921443053485E+017  ,    1.0071478155973488     
   4.4543599337423245E+017  ,    1.0071399747366121     
   4.4568277231793011E+017  ,    1.0071321467300611     
   4.4592955126162778E+017  ,    1.0071243315496996     
   4.4617633020532544E+017  ,    1.0071165291676076     
   4.4642310914902298E+017  ,    1.0071087395559408     
   4.4666988809272058E+017  ,    1.0071009626869298     
   4.4691666703641824E+017  ,    1.0070931985328824     
   4.4716344598011590E+017  ,    1.0070854470661788     
   4.4741022492381357E+017  ,    1.0070777082592752     
   4.4765700386751117E+017  ,    1.0070699820847018     
   4.4790378281120883E+017  ,    1.0070622685150641     
   4.4815056175490637E+017  ,    1.0070545675230407     
   4.4839734069860410E+017  ,    1.0070468790813838     
   4.4864411964230170E+017  ,    1.0070392031629198     
   4.4889089858599936E+017  ,    1.0070315397405480     
   4.4913767752969696E+017  ,    1.0070238887872405     
   4.4938445647339462E+017  ,    1.0070162502760429     
   4.4963123541709229E+017  ,    1.0070086241800729     
   4.4987801436078995E+017  ,    1.0070010104725209     
   4.5012479330448755E+017  ,    1.0069934091266488     
   4.5037157224818515E+017  ,    1.0069858201157909     
   4.5061835119188282E+017  ,    1.0069782434133534     
   4.5086513013558048E+017  ,    1.0069706789928128     
   4.5111190907927814E+017  ,    1.0069631268277179     
   4.5135868802297574E+017  ,    1.0069555868916882     
   4.5160546696667334E+017  ,    1.0069480591584141     
   4.5185224591037088E+017  ,    1.0069405436016554     
   4.5209902485406861E+017  ,    1.0069330401952437     
   4.5234580379776621E+017  ,    1.0069255489130797     
   4.5259258274146387E+017  ,    1.0069180697291349     
   4.5283936168516147E+017  ,    1.0069106026174486     
   4.5308614062885920E+017  ,    1.0069031475521317     
   4.5333291957255680E+017  ,    1.0068957045073619     
   4.5357969851625446E+017  ,    1.0068882734573890     
   4.5382647745995206E+017  ,    1.0068808543765280     
   4.5407325640364966E+017  ,    1.0068734472391645     
   4.5432003534734739E+017  ,    1.0068660520197525     
   4.5456681429104499E+017  ,    1.0068586686928136     
   4.5481359323474266E+017  ,    1.0068512972329360     
   4.5506037217844026E+017  ,    1.0068439376147775     
   4.5530715112213792E+017  ,    1.0068365898130629     
   4.5555393006583552E+017  ,    1.0068292538025836     
   4.5580070900953318E+017  ,    1.0068219295581977     
   4.5604748795323078E+017  ,    1.0068146170548311     
   4.5629426689692838E+017  ,    1.0068073162674753     
   4.5654104584062605E+017  ,    1.0068000271711897     
   4.5678782478432378E+017  ,    1.0067927497410978     
   4.5703460372802138E+017  ,    1.0067854839523906     
   4.5728138267171891E+017  ,    1.0067782297803243     
   4.5752816161541658E+017  ,    1.0067709872002202     
   4.5777494055911424E+017  ,    1.0067637561874649     
   4.5802171950281190E+017  ,    1.0067565367175111     
   4.5826849844650950E+017  ,    1.0067493287658762     
   4.5851527739020717E+017  ,    1.0067421323081407     
   4.5876205633390477E+017  ,    1.0067349473199518     
   4.5900883527760250E+017  ,    1.0067277737770199     
   4.5925561422130003E+017  ,    1.0067206116551191     
   4.5950239316499770E+017  ,    1.0067134609300878     
   4.5974917210869530E+017  ,    1.0067063215778285     
   4.5999595105239296E+017  ,    1.0066991935743066     
   4.6024272999609062E+017  ,    1.0066920768955510     
   4.6048950893978829E+017  ,    1.0066849715176531     
   4.6073628788348595E+017  ,    1.0066778774167684     
   4.6098306682718342E+017  ,    1.0066707945691142     
   4.6122984577088109E+017  ,    1.0066637229509707     
   4.6147662471457875E+017  ,    1.0066566625386799     
   4.6172340365827642E+017  ,    1.0066496133086460     
   4.6197018260197402E+017  ,    1.0066425752373360     
   4.6221696154567168E+017  ,    1.0066355483012770     
   4.6246374048936928E+017  ,    1.0066285324770590     
   4.6271051943306694E+017  ,    1.0066215277413328     
   4.6295729837676454E+017  ,    1.0066145340708101     
   4.6320407732046221E+017  ,    1.0066075514422637     
   4.6345085626415987E+017  ,    1.0066005798325275     
   4.6369763520785754E+017  ,    1.0065936192184954     
   4.6394441415155514E+017  ,    1.0065866695771220     
   4.6419119309525280E+017  ,    1.0065797308854225     
   4.6443797203895046E+017  ,    1.0065728031204708     
   4.6468475098264800E+017  ,    1.0065658862594020     
   4.6493152992634573E+017  ,    1.0065589802794097     
   4.6517830887004333E+017  ,    1.0065520851577483     
   4.6542508781374099E+017  ,    1.0065452008717291     
   4.6567186675743859E+017  ,    1.0065383273987250     
   4.6591864570113626E+017  ,    1.0065314647161667     
   4.6616542464483392E+017  ,    1.0065246128015435     
   4.6641220358853146E+017  ,    1.0065177716324030     
   4.6665898253222906E+017  ,    1.0065109411863520     
   4.6690576147592672E+017  ,    1.0065041214410542     
   4.6715254041962438E+017  ,    1.0064973123742329     
   4.6739931936332205E+017  ,    1.0064905139636666     
   4.6764609830701971E+017  ,    1.0064837261871948     
   4.6789287725071731E+017  ,    1.0064769490227117     
   4.6813965619441491E+017  ,    1.0064701824481694     
   4.6838643513811251E+017  ,    1.0064634264415788     
   4.6863321408181024E+017  ,    1.0064566809810049     
   4.6887999302550784E+017  ,    1.0064499460445715     
   4.6912677196920550E+017  ,    1.0064432216104577     
   4.6937355091290310E+017  ,    1.0064365076569004     
   4.6962032985660083E+017  ,    1.0064298041621909     
   4.6986710880029843E+017  ,    1.0064231111046777     
   4.7011388774399603E+017  ,    1.0064164284627652     
   4.7036066668769363E+017  ,    1.0064097562149128     
   4.7060744563139130E+017  ,    1.0064030943396358     
   4.7085422457508896E+017  ,    1.0063964428155054     
   4.7110100351878662E+017  ,    1.0063898016211461     
   4.7134778246248429E+017  ,    1.0063831707352398     
   4.7159456140618182E+017  ,    1.0063765501365212     
   4.7184134034987942E+017  ,    1.0063699398037813     
   4.7208811929357709E+017  ,    1.0063633397158640     
   4.7233489823727475E+017  ,    1.0063567498516692     
   4.7258167718097235E+017  ,    1.0063501701901496     
   4.7282845612467002E+017  ,    1.0063436007103126     
   4.7307523506836762E+017  ,    1.0063370413912183     
   4.7332201401206534E+017  ,    1.0063304922119827     
   4.7356879295576294E+017  ,    1.0063239531517734     
   4.7381557189946054E+017  ,    1.0063174241898112     
   4.7406235084315821E+017  ,    1.0063109053053714     
   4.7430912978685581E+017  ,    1.0063043964777814     
   4.7455590873055354E+017  ,    1.0062978976864221     
   4.7480268767425114E+017  ,    1.0062914089107255     
   4.7504946661794880E+017  ,    1.0062849301301786     
   4.7529624556164640E+017  ,    1.0062784613243188     
   4.7554302450534394E+017  ,    1.0062720024727367     
   4.7578980344904166E+017  ,    1.0062655535550735     
   4.7603658239273933E+017  ,    1.0062591145510247     
   4.7628336133643686E+017  ,    1.0062526854403349     
   4.7653014028013453E+017  ,    1.0062462662028024     
   4.7677691922383219E+017  ,    1.0062398568182755     
   4.7702369816752986E+017  ,    1.0062334572666545     
   4.7727047711122746E+017  ,    1.0062270675278908     
   4.7751725605492506E+017  ,    1.0062206875819857     
   4.7776403499862272E+017  ,    1.0062143174089930     
   4.7801081394232038E+017  ,    1.0062079569890152     
   4.7825759288601805E+017  ,    1.0062016063022072     
   4.7850437182971565E+017  ,    1.0061952653287729     
   4.7875115077341331E+017  ,    1.0061889340489667     
   4.7899792971711091E+017  ,    1.0061826124430930     
   4.7924470866080858E+017  ,    1.0061763004915063     
   4.7949148760450618E+017  ,    1.0061699981746111     
   4.7973826654820384E+017  ,    1.0061637054728605     
   4.7998504549190144E+017  ,    1.0061574223667575     
   4.8023182443559910E+017  ,    1.0061511488368546     
   4.8047860337929677E+017  ,    1.0061448848637533     
   4.8072538232299443E+017  ,    1.0061386304281041     
   4.8097216126669197E+017  ,    1.0061323855106050     
   4.8121894021038957E+017  ,    1.0061261500920056     
   4.8146571915408730E+017  ,    1.0061199241531014     
   4.8171249809778490E+017  ,    1.0061137076747373     
   4.8195927704148256E+017  ,    1.0061075006378060     
   4.8220605598518016E+017  ,    1.0061013030232493     
   4.8245283492887782E+017  ,    1.0060951148120556     
   4.8269961387257542E+017  ,    1.0060889359852625     
   4.8294639281627309E+017  ,    1.0060827665239536     
   4.8319317175997069E+017  ,    1.0060766064092614     
   4.8343995070366835E+017  ,    1.0060704556223650     
   4.8368672964736595E+017  ,    1.0060643141444914     
   4.8393350859106368E+017  ,    1.0060581819569141     
   4.8418028753476128E+017  ,    1.0060520590409534     
   4.8442706647845894E+017  ,    1.0060459453779773     
   4.8467384542215654E+017  ,    1.0060398409493998     
   4.8492062436585414E+017  ,    1.0060337457366810     
   4.8516740330955187E+017  ,    1.0060276597213285     
   4.8541418225324947E+017  ,    1.0060215828848948     
   4.8566096119694714E+017  ,    1.0060155152089802     
   4.8590774014064474E+017  ,    1.0060094566752291     
   4.8615451908434234E+017  ,    1.0060034072653339     
   4.8640129802803994E+017  ,    1.0059973669610300     
   4.8664807697173760E+017  ,    1.0059913357441004     
   4.8689485591543520E+017  ,    1.0059853135963732     
   4.8714163485913286E+017  ,    1.0059793004997215     
   4.8738841380283053E+017  ,    1.0059732964360630     
   4.8763519274652819E+017  ,    1.0059673013873613     
   4.8788197169022579E+017  ,    1.0059613153356246     
   4.8812875063392346E+017  ,    1.0059553382629056     
   4.8837552957762106E+017  ,    1.0059493701513023     
   4.8862230852131872E+017  ,    1.0059434109829557     
   4.8886908746501638E+017  ,    1.0059374607400533     
   4.8911586640871398E+017  ,    1.0059315194048255     
   4.8936264535241165E+017  ,    1.0059255869595460     
   4.8960942429610925E+017  ,    1.0059196633865344     
   4.8985620323980698E+017  ,    1.0059137486681522     
   4.9010298218350451E+017  ,    1.0059078427868069     
   4.9034976112720218E+017  ,    1.0059019457249472     
   4.9059654007089971E+017  ,    1.0058960574650662     
   4.9084331901459738E+017  ,    1.0058901779897005     
   4.9109009795829510E+017  ,    1.0058843072814303     
   4.9133687690199270E+017  ,    1.0058784453228777     
   4.9158365584569037E+017  ,    1.0058725920967084     
   4.9183043478938790E+017  ,    1.0058667475856307     
   4.9207721373308557E+017  ,    1.0058609117723960     
   4.9232399267678323E+017  ,    1.0058550846397973     
   4.9257077162048090E+017  ,    1.0058492661706719     
   4.9281755056417850E+017  ,    1.0058434563478964     
   4.9306432950787616E+017  ,    1.0058376551543926     
   4.9331110845157382E+017  ,    1.0058318625731226     
   4.9355788739527149E+017  ,    1.0058260785870914     
