   0.0000000000000000       ,    625.78140000000008     
   246778943697635.72       ,    262.47035197118737     
   493557887395271.44       ,    118.98979421191579     
   740336831092907.12       ,    64.677036640800225     
   987115774790542.88       ,    40.910219678506351     
   1233894718488178.5       ,    28.778609164744402     
   1480673662185814.2       ,    21.828517911391568     
   1727452605883449.8       ,    17.493211948346019     
   1974231549581085.8       ,    14.608600740941073     
   2221010493278721.5       ,    12.589565657276363     
   2467789436976357.0       ,    11.117357623856966     
   2714568380673993.0       ,    10.006851184580464     
   2961347324371628.5       ,    9.1447968470411123     
   3208126268069264.5       ,    8.4588819166215110     
   3454905211766899.5       ,    7.9012453349766689     
   3701684155464535.5       ,    7.4392293836875005     
   3948463099162171.5       ,    7.0499591163632838     
   4195242042859807.5       ,    6.7170434626730895     
   4442020986557443.0       ,    6.4285008985858854     
   4688799930255079.0       ,    6.1754172746932765     
   4935578873952714.0       ,    5.9510551916703225     
   5182357817650351.0       ,    5.7502496264340355     
   5429136761347986.0       ,    5.5689895304524759     
   5675915705045621.0       ,    5.4041229405360873     
   5922694648743257.0       ,    5.2531457637022436     
   6169473592440893.0       ,    5.1140482740473487     
   6416252536138529.0       ,    4.9852020686413088     
   6663031479836163.0       ,    4.8652758107621281     
   6909810423533799.0       ,    4.7531717346789488     
   7156589367231436.0       ,    4.6479773100395469     
   7403368310929071.0       ,    4.5489281016512289     
   7650147254626707.0       ,    4.4553789837014230     
   7896926198324343.0       ,    4.3667816486000239     
   8143705142021978.0       ,    4.2826669008498319     
   8390484085719615.0       ,    4.2026306185550597     
   8637263029417251.0       ,    4.1263225478397372     
   8884041973114886.0       ,    4.0534373012563911     
   9130820916812522.0       ,    3.9837070825466614     
   9377599860510158.0       ,    3.9168957723028801     
   9624378804207792.0       ,    3.8527940929637321     
   9871157747905428.0       ,    3.7912156347822861     
   10117936691603062.       ,    3.7319935723726152     
   10364715635300702.       ,    3.6749779380917387     
   10611494578998336.       ,    3.6200333466955983     
   10858273522695972.       ,    3.5670370875081852     
   11105052466393608.       ,    3.5158775173032351     
   11351831410091242.       ,    3.4664527003639622     
   11598610353788878.       ,    3.4186692526165863     
   11845389297486514.       ,    3.3724413549745478     
   12092168241184150.       ,    3.3276899075726756     
   12338947184881786.       ,    3.2843418017879888     
   12585726128579420.       ,    3.2423292911230002     
   12832505072277058.       ,    3.2015894453889917     
   13079284015974692.       ,    3.1620636753419795     
   13326062959672326.       ,    3.1236973171258149     
   13572841903369964.       ,    3.0864392676691907     
   13819620847067598.       ,    3.0502416636477823     
   14066399790765236.       ,    3.0150595978236368     
   14313178734462872.       ,    2.9808508675622170     
   14559957678160508.       ,    2.9475757511435350     
   14806736621858142.       ,    2.9151968081599602     
   15053515565555778.       ,    2.8836787008551905     
   15300294509253414.       ,    2.8529880337274967     
   15547073452951048.       ,    2.8230932091122019     
   15793852396648686.       ,    2.7939642967870721     
   16040631340346322.       ,    2.7655729159209055     
   16287410284043956.       ,    2.7378921279188524     
   16534189227741592.       ,    2.7108963389154535     
   16780968171439230.       ,    2.6845612108337891     
   17027747115136864.       ,    2.6588635800715754     
   17274526058834502.       ,    2.6337813829964722     
   17521305002532136.       ,    2.6092935875367207     
   17768083946229772.       ,    2.5853801302422084     
   18014862889927408.       ,    2.5620218582675149     
   18261641833625044.       ,    2.5392004757943738     
   18508420777322676.       ,    2.5168984944678012     
   18755199721020316.       ,    2.4950991874694028     
   19001978664717952.       ,    2.4737865468940172     
   19248757608415584.       ,    2.4529452441329775     
   19495536552113224.       ,    2.4325605929996397     
   19742315495810856.       ,    2.4126185153610851     
   19989094439508492.       ,    2.3931055090646076     
   20235873383206124.       ,    2.3740086179693711     
   20482652326903768.       ,    2.3553154039126833     
   20729431270601404.       ,    2.3370139204571712     
   20976210214299032.       ,    2.3190926882800427     
   21222989157996672.       ,    2.3015406720787728     
   21469768101694304.       ,    2.2843472588792610     
   21716547045391944.       ,    2.2675022376428862     
   21963325989089580.       ,    2.2509957800781906     
   22210104932787216.       ,    2.2348184225711623     
   22456883876484848.       ,    2.2189610491555389     
   22703662820182484.       ,    2.2034148754511826     
   22950441763880124.       ,    2.1881714335045674     
   23197220707577756.       ,    2.1732225574707975     
   23443999651275396.       ,    2.1585603700814393     
   23690778594973028.       ,    2.1441772698468444     
   23937557538670660.       ,    2.1300659189456312     
   24184336482368300.       ,    2.1162192317575892     
   24431115426065936.       ,    2.1026303639995745     
   24677894369763572.       ,    2.0892927024269516     
   24924673313461208.       ,    2.0761998550658594     
   25171452257158840.       ,    2.0633456419441023     
   25418231200856472.       ,    2.0507240862907077     
   25665010144554116.       ,    2.0383294061763344     
   25911789088251748.       ,    2.0261560065686064     
   26158568031949384.       ,    2.0141984717782218     
   26405346975647024.       ,    2.0024515582733198     
   26652125919344652.       ,    1.9909101878410826     
   26898904863042292.       ,    1.9795694410769338     
   27145683806739928.       ,    1.9684245511829748     
   27392462750437564.       ,    1.9574708980584885     
   27639241694135196.       ,    1.9467040026664140     
   27886020637832840.       ,    1.9361195216607427     
   28132799581530472.       ,    1.9257132422607099     
   28379578525228104.       ,    1.9154810773585160     
   28626357468925744.       ,    1.9054190608481627     
   28873136412623376.       ,    1.8955233431637151     
   29119915356321016.       ,    1.8857901870160017     
   29366694300018652.       ,    1.8762159633174635     
   29613473243716284.       ,    1.8667971472854101     
   29860252187413920.       ,    1.8575303147145683     
   30107031131111556.       ,    1.8484121384103174     
   30353810074809196.       ,    1.8394393847744961     
   30600589018506828.       ,    1.8306089105361540     
   30847367962204468.       ,    1.8219176596200326     
   31094146905902096.       ,    1.8133626601459949     
   31340925849599732.       ,    1.8049410215529684     
   31587704793297372.       ,    1.7966499318413796     
   31834483736995008.       ,    1.7884866549283134     
   32081262680692644.       ,    1.7804485281100437     
   32328041624390276.       ,    1.7725329596267865     
   32574820568087912.       ,    1.7647374263248619     
   32821599511785544.       ,    1.7570594714116916     
   33068378455483184.       ,    1.7494967022993033     
   33315157399180820.       ,    1.7420467885322493     
   33561936342878460.       ,    1.7347074597960499     
   33808715286576096.       ,    1.7274765040025022     
   34055494230273728.       ,    1.7203517654483622     
   34302273173971364.       ,    1.7133311430440863     
   34549052117669004.       ,    1.7064125886095227     
   34795831061366640.       ,    1.6995941052335624     
   35042610005064272.       ,    1.6928737456949317     
   35289388948761908.       ,    1.6862496109414540     
   35536167892459544.       ,    1.6797198486252294     
   35782946836157176.       ,    1.6732826516913224     
   36029725779854816.       ,    1.6669362570176505     
   36276504723552456.       ,    1.6606789441039016     
   36523283667250088.       ,    1.6545090338073929     
   36770062610947720.       ,    1.6484248871239056     
   37016841554645352.       ,    1.6424249040116015     
   37263620498342992.       ,    1.6365075222562471     
   37510399442040632.       ,    1.6306712163760271     
   37757178385738264.       ,    1.6249144965643381     
   38003957329435904.       ,    1.6192359076689964     
   38250736273133536.       ,    1.6136340282064083     
   38497515216831168.       ,    1.6081074694092756     
   38744294160528800.       ,    1.6026548743065128     
   38991073104226448.       ,    1.5972749168340865     
   39237852047924080.       ,    1.5919663009755642     
   39484630991621712.       ,    1.5867277599311951     
   39731409935319344.       ,    1.5815580553144324     
   39978188879016984.       ,    1.5764559763748083     
   40224967822714624.       ,    1.5714203392461699     
   40471746766412248.       ,    1.5664499862192935     
   40718525710109896.       ,    1.5615437850379492     
   40965304653807536.       ,    1.5567006282175422     
   41212083597505160.       ,    1.5519194323854664     
   41458862541202808.       ,    1.5471991376423675     
   41705641484900432.       ,    1.5425387069435497     
   41952420428598064.       ,    1.5379371254997527     
   42199199372295704.       ,    1.5333934001966285     
   42445978315993344.       ,    1.5289065590322006     
   42692757259690976.       ,    1.5244756505716741     
   42939536203388608.       ,    1.5200997434189651     
   43186315147086256.       ,    1.5157779257043460     
   43433094090783888.       ,    1.5115093045876460     
   43679873034481520.       ,    1.5072930057764300     
   43926651978179160.       ,    1.5031281730586605     
   44173430921876792.       ,    1.4990139678493073     
   44420209865574432.       ,    1.4949495687504317     
   44666988809272064.       ,    1.4909341711242794     
   44913767752969696.       ,    1.4869669866789261     
   45160546696667336.       ,    1.4830472430660491     
   45407325640364968.       ,    1.4791741834904168     
   45654104584062600.       ,    1.4753470663306878     
   45900883527760248.       ,    1.4715651647711443     
   46147662471457880.       ,    1.4678277664439947     
   46394441415155512.       ,    1.4641341730818855     
   46641220358853152.       ,    1.4604837001802897     
   46887999302550792.       ,    1.4568756766694437     
   47134778246248424.       ,    1.4533094445955141     
   47381557189946056.       ,    1.4497843588107007     
   47628336133643696.       ,    1.4462997866719767     
   47875115077341320.       ,    1.4428551077481910     
   48121894021038960.       ,    1.4394497135352631     
   48368672964736600.       ,    1.4360830071792068     
   48615451908434232.       ,    1.4327544032067396     
   48862230852131872.       ,    1.4294633272632311     
   49109009795829504.       ,    1.4262092158577588     
   49355788739527144.       ,    1.4229915161150530     
   49602567683224784.       ,    1.4198096855341094     
   49849346626922416.       ,    1.4166631917532637     
   50096125570620048.       ,    1.4135515123215274     
   50342904514317680.       ,    1.4104741344759932     
   50589683458015320.       ,    1.4074305549251216     
   50836462401712944.       ,    1.4044202796377283     
   51083241345410592.       ,    1.4014428236375021     
   51330020289108232.       ,    1.3984977108028815     
   51576799232805856.       ,    1.3955844736721299     
   51823578176503496.       ,    1.3927026532534572     
   52070357120201144.       ,    1.3898517988400276     
   52317136063898768.       ,    1.3870314678297193     
   52563915007596408.       ,    1.3842412255494878     
   52810693951294048.       ,    1.3814806450841939     
   53057472894991680.       ,    1.3787493071097798     
   53304251838689304.       ,    1.3760467997306496     
   53551030782386944.       ,    1.3733727183211379     
   53797809726084584.       ,    1.3707266653709531     
   54044588669782216.       ,    1.3681082503344724     
   54291367613479856.       ,    1.3655170894837825     
   54538146557177496.       ,    1.3629528057653557     
   54784925500875128.       ,    1.3604150286602645     
   55031704444572768.       ,    1.3579033940478200     
   55278483388270392.       ,    1.3554175440725562     
   55525262331968040.       ,    1.3529571270144478     
   55772041275665680.       ,    1.3505217971622843     
   56018820219363296.       ,    1.3481112146901033     
   56265599163060944.       ,    1.3457250455366023     
   56512378106758576.       ,    1.3433629612874460     
   56759157050456208.       ,    1.3410246390603873     
   57005935994153848.       ,    1.3387097613931258     
   57252714937851488.       ,    1.3364180161338277     
   57499493881549120.       ,    1.3341490963342404     
   57746272825246752.       ,    1.3319027001453141     
   57993051768944392.       ,    1.3296785307152901     
   58239830712642032.       ,    1.3274762960901614     
   58486609656339664.       ,    1.3252957091164597     
   58733388600037304.       ,    1.3231364873462956     
   58980167543734928.       ,    1.3209983529446092     
   59226946487432568.       ,    1.3188810325985401     
   59473725431130208.       ,    1.3167842574289004     
   59720504374827840.       ,    1.3147077629036628     
   59967283318525480.       ,    1.3126512887534285     
   60214062262223112.       ,    1.3106145788888168     
   60460841205920744.       ,    1.3085973813197274     
   60707620149618392.       ,    1.3065994480764245     
   60954399093316024.       ,    1.3046205351324043     
   61201178037013656.       ,    1.3026604023289814     
   61447956980711296.       ,    1.3007188133015739     
   61694735924408936.       ,    1.2987955354076235     
   61941514868106552.       ,    1.2968903396561189     
   62188293811804192.       ,    1.2950030006386772     
   62435072755501840.       ,    1.2931332964621505     
   62681851699199464.       ,    1.2912810086827129     
   62928630642897104.       ,    1.2894459222413845     
   63175409586594744.       ,    1.2876278254009763     
   63422188530292376.       ,    1.2858265096844010     
   63668967473990016.       ,    1.2840417698143214     
   63915746417687648.       ,    1.2822734036541059     
   64162525361385288.       ,    1.2805212121500651     
   64409304305082928.       ,    1.2787849992749130     
   64656083248780552.       ,    1.2770645719724574     
   64902862192478192.       ,    1.2753597401034558     
   65149641136175824.       ,    1.2736703163926406     
   65396420079873464.       ,    1.2719961163768509     
   65643199023571088.       ,    1.2703369583542776     
   65889977967268736.       ,    1.2686926633347653     
   66136756910966368.       ,    1.2670630549911679     
   66383535854664000.       ,    1.2654479596117225     
   66630314798361640.       ,    1.2638472060534143     
   66877093742059288.       ,    1.2622606256963151     
   67123872685756920.       ,    1.2606880523988717     
   67370651629454552.       ,    1.2591293224541165     
   67617430573152192.       ,    1.2575842745467847     
   67864209516849808.       ,    1.2560527497113116     
   68110988460547456.       ,    1.2545345912906933     
   68357767404245088.       ,    1.2530296448961862     
   68604546347942728.       ,    1.2515377583678309     
   68851325291640360.       ,    1.2500587817357764     
   69098104235338008.       ,    1.2485925671823914     
   69344883179035632.       ,    1.2471389690051342     
   69591662122733280.       ,    1.2456978435801804     
   69838441066430912.       ,    1.2442690493267723     
   70085220010128544.       ,    1.2428524466722879     
   70331998953826184.       ,    1.2414478980180039     
   70578777897523816.       ,    1.2400552677055430     
   70825556841221448.       ,    1.2386744219839889     
   71072335784919088.       ,    1.2373052289776432     
   71319114728616720.       ,    1.2359475586544311     
   71565893672314352.       ,    1.2346012827949193     
   71812672616011984.       ,    1.2332662749619479     
   72059451559709632.       ,    1.2319424104708521     
   72306230503407264.       ,    1.2306295663602667     
   72553009447104912.       ,    1.2293276213635014     
   72799788390802544.       ,    1.2280364558804655     
   73046567334500176.       ,    1.2267559519501412     
   73293346278197808.       ,    1.2254859932235846     
   73540125221895440.       ,    1.2242264649374477     
   73786904165593072.       ,    1.2229772538880066     
   74033683109290704.       ,    1.2217382484056900     
   74280462052988352.       ,    1.2205093383300893     
   74527240996685984.       ,    1.2192904149854455     
   74774019940383616.       ,    1.2180813711566054     
   75020798884081264.       ,    1.2168821010654225     
   75267577827778880.       ,    1.2156925003476160     
   75514356771476528.       ,    1.2145124660300544     
   75761135715174160.       ,    1.2133418965084704     
   76007914658871808.       ,    1.2121806915255919     
   76254693602569440.       ,    1.2110287521496834     
   76501472546267072.       ,    1.2098859807534792     
   76748251489964704.       ,    1.2087522809935178     
   76995030433662336.       ,    1.2076275577898501     
   77241809377359968.       ,    1.2065117173061282     
   77488588321057600.       ,    1.2054046669300564     
   77735367264755264.       ,    1.2043063152542037     
   77982146208452896.       ,    1.2032165720571677     
   78228925152150528.       ,    1.2021353482850794     
   78475704095848160.       ,    1.2010625560334494     
   78722483039545792.       ,    1.1999981085293410     
   78969261983243424.       ,    1.1989419201138660     
   79216040926941056.       ,    1.1978939062249980     
   79462819870638688.       ,    1.1968539833806962     
   79709598814336336.       ,    1.1958220691623282     
   79956377758033968.       ,    1.1947980821983981     
   80203156701731600.       ,    1.1937819421485558     
   80449935645429248.       ,    1.1927735696878996     
   80696714589126880.       ,    1.1917728864915527     
   80943493532824496.       ,    1.1907798152195161     
   81190272476522144.       ,    1.1897942795017897     
   81437051420219792.       ,    1.1888162039237535     
   81683830363917424.       ,    1.1878455140118089     
   81930609307615072.       ,    1.1868821362192712     
   82177388251312688.       ,    1.1859259979125067     
   82424167195010320.       ,    1.1849770273573192     
   82670946138707952.       ,    1.1840351537055633     
   82917725082405616.       ,    1.1831003069819981     
   83164504026103248.       ,    1.1821724180713704     
   83411282969800864.       ,    1.1812514187057102     
   83658061913498512.       ,    1.1803372414518596     
   83904840857196128.       ,    1.1794298196992039     
   84151619800893776.       ,    1.1785290876476240     
   84398398744591408.       ,    1.1776349802956461     
   84645177688289056.       ,    1.1767474334287984     
   84891956631986688.       ,    1.1758663836081658     
   85138735575684336.       ,    1.1749917681591397     
   85385514519381952.       ,    1.1741235251603546     
   85632293463079600.       ,    1.1732615934328177     
   85879072406777216.       ,    1.1724059125292154     
   86125851350474864.       ,    1.1715564227234070     
   86372630294172512.       ,    1.1707130650000881     
   86619409237870144.       ,    1.1698757810446310     
   86866188181567776.       ,    1.1690445132330931     
   87112967125265392.       ,    1.1682192046223925     
   87359746068963040.       ,    1.1673997989406470     
   87606525012660672.       ,    1.1665862405776741     
   87853303956358320.       ,    1.1657784745756441     
   88100082900055952.       ,    1.1649764466198940     
   88346861843753584.       ,    1.1641801030298859     
   88593640787451216.       ,    1.1633893907503208     
   88840419731148864.       ,    1.1626042573423894     
   89087198674846496.       ,    1.1618246509751766     
   89333977618544128.       ,    1.1610505204171948     
   89580756562241760.       ,    1.1602818150280632     
   89827535505939392.       ,    1.1595184847503215     
   90074314449637040.       ,    1.1587604801013687     
   90321093393334672.       ,    1.1580077521655414     
   90567872337032320.       ,    1.1572602525863152     
   90814651280729936.       ,    1.1565179335586309     
   91061430224427584.       ,    1.1557807478213460     
   91308209168125200.       ,    1.1550486486498051     
   91554988111822848.       ,    1.1543215898485304     
   91801767055520496.       ,    1.1535995257440275     
   92048545999218112.       ,    1.1528824111777056     
   92295324942915760.       ,    1.1521702014989104     
   92542103886613392.       ,    1.1514628525580666     
   92788882830311024.       ,    1.1507603206999324     
   93035661774008640.       ,    1.1500625627569492     
   93282440717706304.       ,    1.1493695360427119     
   93529219661403936.       ,    1.1486811983455265     
   93775998605101584.       ,    1.1479975079220790     
   94022777548799216.       ,    1.1473184234911975     
   94269556492496848.       ,    1.1466439042277106     
   94516335436194464.       ,    1.1459739097564068     
   94763114379892112.       ,    1.1453084001460816     
   95009893323589744.       ,    1.1446473359036817     
   95256672267287392.       ,    1.1439906779685334     
   95503451210985040.       ,    1.1433383877066650     
   95750230154682640.       ,    1.1426904269052154     
   95997009098380288.       ,    1.1420467577669244     
   96243788042077920.       ,    1.1414073429047162     
   96490566985775568.       ,    1.1407721453363533     
   96737345929473200.       ,    1.1401411284791805     
   96984124873170864.       ,    1.1395142561449476     
   97230903816868464.       ,    1.1388914925347082     
   97477682760566112.       ,    1.1382728022337953     
   97724461704263744.       ,    1.1376581502068759     
   97971240647961376.       ,    1.1370475017930766     
   98218019591659008.       ,    1.1364408227011848     
   98464798535356640.       ,    1.1358380790049205     
   98711577479054288.       ,    1.1352392371382782     
   98958356422751920.       ,    1.1346442638909398     
   99205135366449568.       ,    1.1340531264037563     
   99451914310147184.       ,    1.1334657921642941     
   99698693253844832.       ,    1.1328822290024472     
   99945472197542464.       ,    1.1323024050861195     
   1.0019225114124010E+017  ,    1.1317262889169635     
   1.0043903008493774E+017  ,    1.1311538493261852     
   1.0068580902863536E+017  ,    1.1305850554704131     
   1.0093258797233301E+017  ,    1.1300198768276248     
   1.0117936691603064E+017  ,    1.1294582831931304     
   1.0142614585972829E+017  ,    1.1289002446756218     
   1.0167292480342589E+017  ,    1.1283457316932730     
   1.0191970374712354E+017  ,    1.1277947149698999     
   1.0216648269082118E+017  ,    1.1272471655311760     
   1.0241326163451883E+017  ,    1.1267030547009029     
   1.0266004057821646E+017  ,    1.1261623540973320     
   1.0290681952191411E+017  ,    1.1256250356295421     
   1.0315359846561171E+017  ,    1.1250910714938696     
   1.0340037740930934E+017  ,    1.1245604341703868     
   1.0364715635300699E+017  ,    1.1240330964194325     
   1.0389393529670464E+017  ,    1.1235090312781932     
   1.0414071424040229E+017  ,    1.1229882120573296     
   1.0438749318409990E+017  ,    1.1224706123376564     
   1.0463427212779754E+017  ,    1.1219562059668637     
   1.0488105107149517E+017  ,    1.1214449670562885     
   1.0512783001519282E+017  ,    1.1209368699777291     
   1.0537460895889045E+017  ,    1.1204318893603087     
   1.0562138790258810E+017  ,    1.1199300000873782     
   1.0586816684628573E+017  ,    1.1194311772934660     
   1.0611494578998336E+017  ,    1.1189353963612680     
   1.0636172473368099E+017  ,    1.1184426329186825     
   1.0660850367737861E+017  ,    1.1179528628358841     
   1.0685528262107626E+017  ,    1.1174660622224408     
   1.0710206156477389E+017  ,    1.1169822074244673     
   1.0734884050847155E+017  ,    1.1165012750218222     
   1.0759561945216917E+017  ,    1.1160232418253415     
   1.0784239839586682E+017  ,    1.1155480848741097     
   1.0808917733956443E+017  ,    1.1150757814327728     
   1.0833595628326208E+017  ,    1.1146063089888818     
   1.0858273522695971E+017  ,    1.1141396452502776     
   1.0882951417065736E+017  ,    1.1136757681425096     
   1.0907629311435499E+017  ,    1.1132146558062923     
   1.0932307205805261E+017  ,    1.1127562865949931     
   1.0956985100175026E+017  ,    1.1123006390721537     
   1.0981662994544789E+017  ,    1.1118476920090508     
   1.1006340888914554E+017  ,    1.1113974243822853     
   1.1031018783284317E+017  ,    1.1109498153714052     
   1.1055696677654078E+017  ,    1.1105048443565595     
   1.1080374572023843E+017  ,    1.1100624909161874     
   1.1105052466393608E+017  ,    1.1096227348247338     
   1.1129730360763371E+017  ,    1.1091855560503994     
   1.1154408255133136E+017  ,    1.1087509347529187     
   1.1179086149502898E+017  ,    1.1083188512813700     
   1.1203764043872659E+017  ,    1.1078892861720100     
   1.1228441938242424E+017  ,    1.1074622201461430     
   1.1253119832612189E+017  ,    1.1070376341080173     
   1.1277797726981954E+017  ,    1.1066155091427423     
   1.1302475621351715E+017  ,    1.1061958265142455     
   1.1327153515721480E+017  ,    1.1057785676632470     
   1.1351831410091242E+017  ,    1.1053637142052635     
   1.1376509304461006E+017  ,    1.1049512479286394     
   1.1401187198830770E+017  ,    1.1045411507926033     
   1.1425865093200534E+017  ,    1.1041334049253513     
   1.1450542987570298E+017  ,    1.1037279926221506     
   1.1475220881940062E+017  ,    1.1033248963434759     
   1.1499898776309824E+017  ,    1.1029240987131608     
   1.1524576670679586E+017  ,    1.1025255825165836     
   1.1549254565049350E+017  ,    1.1021293306988653     
   1.1573932459419114E+017  ,    1.1017353263631022     
   1.1598610353788878E+017  ,    1.1013435527686111     
   1.1623288248158643E+017  ,    1.1009539933292065     
   1.1647966142528406E+017  ,    1.1005666316114933     
   1.1672644036898168E+017  ,    1.1001814513331829     
   1.1697321931267933E+017  ,    1.0997984363614361     
   1.1721999825637696E+017  ,    1.0994175707112173     
   1.1746677720007461E+017  ,    1.0990388385436791     
   1.1771355614377224E+017  ,    1.0986622241645643     
   1.1796033508746986E+017  ,    1.0982877120226266     
   1.1820711403116750E+017  ,    1.0979152867080721     
   1.1845389297486514E+017  ,    1.0975449329510223     
   1.1870067191856278E+017  ,    1.0971766356199966     
   1.1894745086226042E+017  ,    1.0968103797204105     
   1.1919422980595805E+017  ,    1.0964461503930958     
   1.1944100874965568E+017  ,    1.0960839329128425     
   1.1968778769335333E+017  ,    1.0957237126869492     
   1.1993456663705096E+017  ,    1.0953654752538033     
   1.2018134558074861E+017  ,    1.0950092062814718     
   1.2042812452444622E+017  ,    1.0946548915663095     
   1.2067490346814386E+017  ,    1.0943025170315919     
   1.2092168241184149E+017  ,    1.0939520687261539     
   1.2116846135553914E+017  ,    1.0936035328230562     
   1.2141524029923678E+017  ,    1.0932568956182609     
   1.2166201924293440E+017  ,    1.0929121435293279     
   1.2190879818663205E+017  ,    1.0925692630941255     
   1.2215557713032968E+017  ,    1.0922282409695554     
   1.2240235607402731E+017  ,    1.0918890639302978     
   1.2264913501772493E+017  ,    1.0915517188675679     
   1.2289591396142259E+017  ,    1.0912161927878896     
   1.2314269290512022E+017  ,    1.0908824728118842     
   1.2338947184881787E+017  ,    1.0905505461730729     
   1.2363625079251550E+017  ,    1.0902204002166949     
   1.2388302973621310E+017  ,    1.0898920223985404     
   1.2412980867991075E+017  ,    1.0895654002837944     
   1.2437658762360838E+017  ,    1.0892405215459025     
   1.2462336656730603E+017  ,    1.0889173739654394     
   1.2487014551100368E+017  ,    1.0885959454290011     
   1.2511692445470133E+017  ,    1.0882762239281027     
   1.2536370339839893E+017  ,    1.0879581975580976     
   1.2561048234209658E+017  ,    1.0876418545171018     
   1.2585726128579421E+017  ,    1.0873271831049347     
   1.2610404022949186E+017  ,    1.0870141717220754     
   1.2635081917318949E+017  ,    1.0867028088686259     
   1.2659759811688712E+017  ,    1.0863930831432898     
   1.2684437706058475E+017  ,    1.0860849832423649     
   1.2709115600428238E+017  ,    1.0857784979587428     
   1.2733793494798003E+017  ,    1.0854736161809249     
   1.2758471389167766E+017  ,    1.0851703268920514     
   1.2783149283537530E+017  ,    1.0848686191689330     
   1.2807827177907293E+017  ,    1.0845684821811055     
   1.2832505072277058E+017  ,    1.0842699051898865     
   1.2857182966646821E+017  ,    1.0839728775474502     
   1.2881860861016586E+017  ,    1.0836773886959064     
   1.2906538755386347E+017  ,    1.0833834281663974     
   1.2931216649756110E+017  ,    1.0830909855781985     
   1.2955894544125875E+017  ,    1.0828000506378344     
   1.2980572438495638E+017  ,    1.0825106131382036     
   1.3005250332865403E+017  ,    1.0822226629577125     
   1.3029928227235165E+017  ,    1.0819361900594231     
   1.3054606121604930E+017  ,    1.0816511844902033     
   1.3079284015974693E+017  ,    1.0813676363798970     
   1.3103961910344458E+017  ,    1.0810855359404958     
   1.3128639804714218E+017  ,    1.0808048734653217     
   1.3153317699083982E+017  ,    1.0805256393282259     
   1.3177995593453747E+017  ,    1.0802478239827853     
   1.3202673487823514E+017  ,    1.0799714179615187     
   1.3227351382193274E+017  ,    1.0796964118751085     
   1.3252029276563037E+017  ,    1.0794227964116252     
   1.3276707170932800E+017  ,    1.0791505623357740     
   1.3301385065302563E+017  ,    1.0788797004881368     
   1.3326062959672328E+017  ,    1.0786102017844290     
   1.3350740854042091E+017  ,    1.0783420572147686     
   1.3375418748411858E+017  ,    1.0780752578429438     
   1.3400096642781621E+017  ,    1.0778097948056973     
   1.3424774537151384E+017  ,    1.0775456593120143     
   1.3449452431521144E+017  ,    1.0772828426424221     
   1.3474130325890910E+017  ,    1.0770213361482959     
   1.3498808220260674E+017  ,    1.0767611312511665     
   1.3523486114630438E+017  ,    1.0765022194420497     
   1.3548164009000202E+017  ,    1.0762445922807689     
   1.3572841903369962E+017  ,    1.0759882413952950     
   1.3597519797739728E+017  ,    1.0757331584810872     
   1.3622197692109491E+017  ,    1.0754793353004464     
   1.3646875586479254E+017  ,    1.0752267636818733     
   1.3671553480849018E+017  ,    1.0749754355194323     
   1.3696231375218784E+017  ,    1.0747253427721268     
   1.3720909269588546E+017  ,    1.0744764774632765     
   1.3745587163958309E+017  ,    1.0742288316799036     
   1.3770265058328072E+017  ,    1.0739823975721290     
   1.3794942952697835E+017  ,    1.0737371673525704     
   1.3819620847067602E+017  ,    1.0734931332957478     
   1.3844298741437362E+017  ,    1.0732502877374999     
   1.3868976635807126E+017  ,    1.0730086230744003     
   1.3893654530176890E+017  ,    1.0727681317631863     
   1.3918332424546656E+017  ,    1.0725288063201905     
   1.3943010318916416E+017  ,    1.0722906393207785     
   1.3967688213286182E+017  ,    1.0720536233987950     
   1.3992366107655946E+017  ,    1.0718177512460143     
   1.4017044002025709E+017  ,    1.0715830156115960     
   1.4041721896395474E+017  ,    1.0713494093015488     
   1.4066399790765237E+017  ,    1.0711169251782009     
   1.4091077685135000E+017  ,    1.0708855561596704     
   1.4115755579504763E+017  ,    1.0706552952193491     
   1.4140433473874526E+017  ,    1.0704261353853854     
   1.4165111368244290E+017  ,    1.0701980697401789     
   1.4189789262614053E+017  ,    1.0699710914198732     
   1.4214467156983818E+017  ,    1.0697451936138620     
   1.4239145051353581E+017  ,    1.0695203695642945     
   1.4263822945723344E+017  ,    1.0692966125655874     
   1.4288500840093110E+017  ,    1.0690739159639466     
   1.4313178734462870E+017  ,    1.0688522731568870     
   1.4337856628832634E+017  ,    1.0686316775927629     
   1.4362534523202397E+017  ,    1.0684121227702992     
   1.4387212417572162E+017  ,    1.0681936022381338     
   1.4411890311941926E+017  ,    1.0679761095943556     
   1.4436568206311686E+017  ,    1.0677596384860586     
   1.4461246100681453E+017  ,    1.0675441826088907     
   1.4485923995051216E+017  ,    1.0673297357066114     
   1.4510601889420982E+017  ,    1.0671162915706573     
   1.4535279783790746E+017  ,    1.0669038440397067     
   1.4559957678160509E+017  ,    1.0666923869992513     
   1.4584635572530272E+017  ,    1.0664819143811735     
   1.4609313466900035E+017  ,    1.0662724201633262     
   1.4633991361269798E+017  ,    1.0660638983691180     
   1.4658669255639562E+017  ,    1.0658563430671026     
   1.4683347150009325E+017  ,    1.0656497483705736     
   1.4708025044379088E+017  ,    1.0654441084371578     
   1.4732702938748851E+017  ,    1.0652394174684245     
   1.4757380833118614E+017  ,    1.0650356697094860     
   1.4782058727488378E+017  ,    1.0648328594486107     
   1.4806736621858141E+017  ,    1.0646309810168371     
   1.4831414516227907E+017  ,    1.0644300287875912     
   1.4856092410597670E+017  ,    1.0642299971763092     
   1.4880770304967437E+017  ,    1.0640308806400665     
   1.4905448199337197E+017  ,    1.0638326736772030     
   1.4930126093706963E+017  ,    1.0636353708269599     
   1.4954803988076723E+017  ,    1.0634389666691204     
   1.4979481882446486E+017  ,    1.0632434558236430     
   1.5004159776816253E+017  ,    1.0630488329503158     
   1.5028837671186016E+017  ,    1.0628550927483995     
   1.5053515565555776E+017  ,    1.0626622299562809     
   1.5078193459925539E+017  ,    1.0624702393511301     
   1.5102871354295306E+017  ,    1.0622791157485598     
   1.5127549248665069E+017  ,    1.0620888540022870     
   1.5152227143034832E+017  ,    1.0618994490037994     
   1.5176905037404598E+017  ,    1.0617108956820271     
   1.5201582931774362E+017  ,    1.0615231890030150     
   1.5226260826144125E+017  ,    1.0613363239695965     
   1.5250938720513888E+017  ,    1.0611502956210779     
   1.5275616614883651E+017  ,    1.0609650990329185     
   1.5300294509253414E+017  ,    1.0607807293164147     
   1.5324972403623178E+017  ,    1.0605971816183954     
   1.5349650297992941E+017  ,    1.0604144511209086     
   1.5374328192362704E+017  ,    1.0602325330409199     
   1.5399006086732467E+017  ,    1.0600514226300111     
   1.5423683981102234E+017  ,    1.0598711151740792     
   1.5448361875471994E+017  ,    1.0596916059930457     
   1.5473039769841757E+017  ,    1.0595128904405604     
   1.5497717664211520E+017  ,    1.0593349639037117     
   1.5522395558581286E+017  ,    1.0591578218027426     
   1.5547073452951053E+017  ,    1.0589814595907647     
   1.5571751347320813E+017  ,    1.0588058727534801     
   1.5596429241690579E+017  ,    1.0586310568088986     
   1.5621107136060342E+017  ,    1.0584570073070667     
   1.5645785030430106E+017  ,    1.0582837198297923     
   1.5670462924799866E+017  ,    1.0581111899903763     
   1.5695140819169632E+017  ,    1.0579394134333442     
   1.5719818713539392E+017  ,    1.0577683858341820     
   1.5744496607909158E+017  ,    1.0575981028990733     
   1.5769174502278922E+017  ,    1.0574285603646418     
   1.5793852396648685E+017  ,    1.0572597539976913     
   1.5818530291018448E+017  ,    1.0570916795949550     
   1.5843208185388211E+017  ,    1.0569243329828393     
   1.5867886079757978E+017  ,    1.0567577100171779     
   1.5892563974127738E+017  ,    1.0565918065829834     
   1.5917241868497507E+017  ,    1.0564266185942022     
   1.5941919762867267E+017  ,    1.0562621419934728     
   1.5966597657237030E+017  ,    1.0560983727518856     
   1.5991275551606794E+017  ,    1.0559353068687460     
   1.6015953445976557E+017  ,    1.0557729403713401     
   1.6040631340346320E+017  ,    1.0556112693146968     
   1.6065309234716086E+017  ,    1.0554502897813629     
   1.6089987129085850E+017  ,    1.0552899978811727     
   1.6114665023455613E+017  ,    1.0551303897510196     
   1.6139342917825376E+017  ,    1.0549714615546351     
   1.6164020812195136E+017  ,    1.0548132094823641     
   1.6188698706564899E+017  ,    1.0546556297509473     
   1.6213376600934666E+017  ,    1.0544987186033026     
   1.6238054495304429E+017  ,    1.0543424723083079     
   1.6262732389674195E+017  ,    1.0541868871605908     
   1.6287410284043958E+017  ,    1.0540319594803138     
   1.6312088178413722E+017  ,    1.0538776856129668     
   1.6336766072783485E+017  ,    1.0537240619291595     
   1.6361443967153248E+017  ,    1.0535710848244146     
   1.6386121861523014E+017  ,    1.0534187507189652     
   1.6410799755892771E+017  ,    1.0532670560575521     
   1.6435477650262538E+017  ,    1.0531159973092254     
   1.6460155544632301E+017  ,    1.0529655709671459     
   1.6484833439002064E+017  ,    1.0528157735483903     
   1.6509511333371827E+017  ,    1.0526666015937534     
   1.6534189227741590E+017  ,    1.0525180516675607     
   1.6558867122111357E+017  ,    1.0523701203574749     
   1.6583545016481123E+017  ,    1.0522228042743065     
   1.6608222910850883E+017  ,    1.0520761000518308     
   1.6632900805220650E+017  ,    1.0519300043465969     
   1.6657578699590410E+017  ,    1.0517845138377497     
   1.6682256593960173E+017  ,    1.0516396252268443     
   1.6706934488329936E+017  ,    1.0514953352376688     
   1.6731612382699702E+017  ,    1.0513516406160637     
   1.6756290277069466E+017  ,    1.0512085381297467     
   1.6780968171439226E+017  ,    1.0510660245681360     
   1.6805646065808992E+017  ,    1.0509240967421793     
   1.6830323960178755E+017  ,    1.0507827514841790     
   1.6855001854548522E+017  ,    1.0506419856476239     
   1.6879679748918282E+017  ,    1.0505017961070220     
   1.6904357643288045E+017  ,    1.0503621797577276     
   1.6929035537657811E+017  ,    1.0502231335157841     
   1.6953713432027571E+017  ,    1.0500846543177527     
   1.6978391326397338E+017  ,    1.0499467391205519     
   1.7003069220767101E+017  ,    1.0498093849013010     
   1.7027747115136867E+017  ,    1.0496725886571521     
   1.7052425009506627E+017  ,    1.0495363474051398     
   1.7077102903876390E+017  ,    1.0494006581820206     
   1.7101780798246157E+017  ,    1.0492655180441179     
   1.7126458692615920E+017  ,    1.0491309240671700     
   1.7151136586985680E+017  ,    1.0489968733461750     
   1.7175814481355443E+017  ,    1.0488633629952415     
   1.7200492375725206E+017  ,    1.0487303901474403     
   1.7225170270094973E+017  ,    1.0485979519546527     
   1.7249848164464736E+017  ,    1.0484660455874262     
   1.7274526058834502E+017  ,    1.0483346682348276     
   1.7299203953204266E+017  ,    1.0482038171042996     
   1.7323881847574029E+017  ,    1.0480734894215187     
   1.7348559741943792E+017  ,    1.0479436824302490     
   1.7373237636313555E+017  ,    1.0478143933922088     
   1.7397915530683322E+017  ,    1.0476856195869251     
   1.7422593425053078E+017  ,    1.0475573583115994     
   1.7447271319422845E+017  ,    1.0474296068809688     
   1.7471949213792608E+017  ,    1.0473023626271727     
   1.7496627108162371E+017  ,    1.0471756228996183     
   1.7521305002532134E+017  ,    1.0470493850648455     
   1.7545982896901898E+017  ,    1.0469236465063969     
   1.7570660791271664E+017  ,    1.0467984046246857     
   1.7595338685641424E+017  ,    1.0466736568368693     
   1.7620016580011190E+017  ,    1.0465494005767180     
   1.7644694474380954E+017  ,    1.0464256332944870     
   1.7669372368750717E+017  ,    1.0463023524567936     
   1.7694050263120480E+017  ,    1.0461795555464917     
   1.7718728157490243E+017  ,    1.0460572400625450     
   1.7743406051860010E+017  ,    1.0459354035199058     
   1.7768083946229773E+017  ,    1.0458140434493954     
   1.7792761840599533E+017  ,    1.0456931573975805     
   1.7817439734969299E+017  ,    1.0455727429266568     
   1.7842117629339062E+017  ,    1.0454527976143264     
   1.7866795523708826E+017  ,    1.0453333190536840     
   1.7891473418078586E+017  ,    1.0452143048530986     
   1.7916151312448352E+017  ,    1.0450957526361009     
   1.7940829206818115E+017  ,    1.0449776600412626     
   1.7965507101187878E+017  ,    1.0448600247220907     
   1.7990184995557645E+017  ,    1.0447428443469098     
   1.8014862889927408E+017  ,    1.0446261165987545     
   1.8039540784297174E+017  ,    1.0445098391752539     
   1.8064218678666934E+017  ,    1.0443940097885276     
   1.8088896573036698E+017  ,    1.0442786261650745     
   1.8113574467406464E+017  ,    1.0441636860456649     
   1.8138252361776221E+017  ,    1.0440491871852358     
   1.8162930256145987E+017  ,    1.0439351273527815     
   1.8187608150515750E+017  ,    1.0438215043312535     
   1.8212286044885517E+017  ,    1.0437083159174536     
   1.8236963939255277E+017  ,    1.0435955599219311     
   1.8261641833625040E+017  ,    1.0434832341688827     
   1.8286319727994806E+017  ,    1.0433713364960471     
   1.8310997622364570E+017  ,    1.0432598647546105     
   1.8335675516734336E+017  ,    1.0431488168091019     
   1.8360353411104099E+017  ,    1.0430381905372972     
   1.8385031305473859E+017  ,    1.0429279838301209     
   1.8409709199843622E+017  ,    1.0428181945915482     
   1.8434387094213386E+017  ,    1.0427088207385113     
   1.8459064988583152E+017  ,    1.0425998602008002     
   1.8483742882952915E+017  ,    1.0424913109209717     
   1.8508420777322678E+017  ,    1.0423831708542550     
   1.8533098671692442E+017  ,    1.0422754379684571     
   1.8557776566062205E+017  ,    1.0421681102438725     
   1.8582454460431971E+017  ,    1.0420611856731916     
   1.8607132354801728E+017  ,    1.0419546622614084     
   1.8631810249171498E+017  ,    1.0418485380257341     
   1.8656488143541261E+017  ,    1.0417428109955040     
   1.8681166037911021E+017  ,    1.0416374792120942     
   1.8705843932280787E+017  ,    1.0415325407288278     
   1.8730521826650550E+017  ,    1.0414279936108939     
   1.8755199721020317E+017  ,    1.0413238359352586     
   1.8779877615390077E+017  ,    1.0412200657905808     
   1.8804555509759843E+017  ,    1.0411166812771255     
   1.8829233404129606E+017  ,    1.0410136805066830     
   1.8853911298499370E+017  ,    1.0409110616024833     
   1.8878589192869130E+017  ,    1.0408088226991150     
   1.8903267087238893E+017  ,    1.0407069619424427     
   1.8927944981608659E+017  ,    1.0406054774895257     
   1.8952622875978422E+017  ,    1.0405043675085393     
   1.8977300770348182E+017  ,    1.0404036301786914     
   1.9001978664717949E+017  ,    1.0403032636901481     
   1.9026656559087715E+017  ,    1.0402032662439518     
   1.9051334453457478E+017  ,    1.0401036360519440     
   1.9076012347827242E+017  ,    1.0400043713366887     
   1.9100690242197008E+017  ,    1.0399054703313961     
   1.9125368136566771E+017  ,    1.0398069312798461     
   1.9150046030936528E+017  ,    1.0397087524363127     
   1.9174723925306294E+017  ,    1.0396109320654916     
   1.9199401819676058E+017  ,    1.0395134684424223     
   1.9224079714045824E+017  ,    1.0394163598524186     
   1.9248757608415584E+017  ,    1.0393196045909929     
   1.9273435502785347E+017  ,    1.0392232009637863     
   1.9298113397155114E+017  ,    1.0391271472864949     
   1.9322791291524874E+017  ,    1.0390314418847988     
   1.9347469185894640E+017  ,    1.0389360830942955     
   1.9372147080264403E+017  ,    1.0388410692604240     
   1.9396824974634173E+017  ,    1.0387463987384005     
   1.9421502869003930E+017  ,    1.0386520698931456     
   1.9446180763373693E+017  ,    1.0385580810992214     
   1.9470858657743459E+017  ,    1.0384644307407582     
   1.9495536552113222E+017  ,    1.0383711172113903     
   1.9520214446482986E+017  ,    1.0382781389141897     
   1.9544892340852749E+017  ,    1.0381854942615996     
   1.9569570235222512E+017  ,    1.0380931816753682     
   1.9594248129592275E+017  ,    1.0380011995864848     
   1.9618926023962035E+017  ,    1.0379095464351151     
   1.9643603918331802E+017  ,    1.0378182206705371     
   1.9668281812701565E+017  ,    1.0377272207510779     
   1.9692959707071328E+017  ,    1.0376365451440510     
   1.9717637601441094E+017  ,    1.0375461923256935     
   1.9742315495810858E+017  ,    1.0374561607811046     
   1.9766993390180624E+017  ,    1.0373664490041856     
   1.9791671284550384E+017  ,    1.0372770554975750     
   1.9816349178920150E+017  ,    1.0371879787725915     
   1.9841027073289914E+017  ,    1.0370992173491766     
   1.9865704967659670E+017  ,    1.0370107697558277     
   1.9890382862029437E+017  ,    1.0369226345295450     
   1.9915060756399200E+017  ,    1.0368348102157723     
   1.9939738650768966E+017  ,    1.0367472953683374     
   1.9964416545138726E+017  ,    1.0366600885493960     
   1.9989094439508493E+017  ,    1.0365731883293727     
   2.0013772333878256E+017  ,    1.0364865932869070     
   2.0038450228248019E+017  ,    1.0364003020087953     
   2.0063128122617786E+017  ,    1.0363143130899353     
   2.0087806016987549E+017  ,    1.0362286251332720     
   2.0112483911357315E+017  ,    1.0361432367497418     
   2.0137161805727072E+017  ,    1.0360581465582164     
   2.0161839700096835E+017  ,    1.0359733531854529     
   2.0186517594466602E+017  ,    1.0358888552660372     
   2.0211195488836365E+017  ,    1.0358046514423309     
   2.0235873383206128E+017  ,    1.0357207403644209     
   2.0260551277575891E+017  ,    1.0356371206900639     
   2.0285229171945658E+017  ,    1.0355537910846371     
   2.0309907066315421E+017  ,    1.0354707502210851     
   2.0334584960685178E+017  ,    1.0353879967798703     
   2.0359262855054947E+017  ,    1.0353055294489204     
   2.0383940749424707E+017  ,    1.0352233469235790     
   2.0408618643794474E+017  ,    1.0351414479065568     
   2.0433296538164237E+017  ,    1.0350598311078816     
   2.0457974432534000E+017  ,    1.0349784952448455     
   2.0482652326903766E+017  ,    1.0348974390419623     
   2.0507330221273526E+017  ,    1.0348166612309146     
   2.0532008115643293E+017  ,    1.0347361605505099     
   2.0556686010013056E+017  ,    1.0346559357466263     
   2.0581363904382822E+017  ,    1.0345759855721726     
   2.0606041798752579E+017  ,    1.0344963087870367     
   2.0630719693122342E+017  ,    1.0344169041580418     
   2.0655397587492109E+017  ,    1.0343377704588976     
   2.0680075481861869E+017  ,    1.0342589064701577     
   2.0704753376231635E+017  ,    1.0341803109791707     
   2.0729431270601398E+017  ,    1.0341019827800371     
   2.0754109164971165E+017  ,    1.0340239206735657     
   2.0778787059340928E+017  ,    1.0339461234672267     
   2.0803464953710691E+017  ,    1.0338685899751074     
   2.0828142848080458E+017  ,    1.0337913190178725     
   2.0852820742450221E+017  ,    1.0337143094227159     
   2.0877498636819981E+017  ,    1.0336375600233210     
   2.0902176531189744E+017  ,    1.0335610696598152     
   2.0926854425559507E+017  ,    1.0334848371787297     
   2.0951532319929274E+017  ,    1.0334088614329573     
   2.0976210214299034E+017  ,    1.0333331412817091     
   2.1000888108668800E+017  ,    1.0332576755904752     
   2.1025566003038563E+017  ,    1.0331824632309801     
   2.1050243897408323E+017  ,    1.0331075030811472     
   2.1074921791778090E+017  ,    1.0330327940250521     
   2.1099599686147853E+017  ,    1.0329583349528881     
   2.1124277580517619E+017  ,    1.0328841247609213     
   2.1148955474887379E+017  ,    1.0328101623514561     
   2.1173633369257146E+017  ,    1.0327364466327913     
   2.1198311263626909E+017  ,    1.0326629765191835     
   2.1222989157996672E+017  ,    1.0325897509308088     
   2.1247667052366435E+017  ,    1.0325167687937218     
   2.1272344946736198E+017  ,    1.0324440290398205     
   2.1297022841105965E+017  ,    1.0323715306068069     
   2.1321700735475722E+017  ,    1.0322992724381506     
   2.1346378629845485E+017  ,    1.0322272534830483     
   2.1371056524215251E+017  ,    1.0321554726963915     
   2.1395734418585014E+017  ,    1.0320839290387263     
   2.1420412312954778E+017  ,    1.0320126214762178     
   2.1445090207324544E+017  ,    1.0319415489806154     
   2.1469768101694310E+017  ,    1.0318707105292144     
   2.1494445996064074E+017  ,    1.0318001051048227     
   2.1519123890433834E+017  ,    1.0317297316957250     
   2.1543801784803600E+017  ,    1.0316595892956444     
   2.1568479679173363E+017  ,    1.0315896769037132     
   2.1593157573543123E+017  ,    1.0315199935244337     
   2.1617835467912886E+017  ,    1.0314505381676469     
   2.1642513362282650E+017  ,    1.0313813098484959     
   2.1667191256652416E+017  ,    1.0313123075873927     
   2.1691869151022176E+017  ,    1.0312435304099881     
   2.1716547045391942E+017  ,    1.0311749773471319     
   2.1741224939761706E+017  ,    1.0311066474348463     
   2.1765902834131472E+017  ,    1.0310385397142887     
   2.1790580728501232E+017  ,    1.0309706532317204     
   2.1815258622870998E+017  ,    1.0309029870384756     
   2.1839936517240765E+017  ,    1.0308355401909268     
   2.1864614411610522E+017  ,    1.0307683117504547     
   2.1889292305980288E+017  ,    1.0307013007834169     
   2.1913970200350051E+017  ,    1.0306345063611144     
   2.1938648094719814E+017  ,    1.0305679275597628     
   2.1963325989089578E+017  ,    1.0305015634604597     
   2.1988003883459341E+017  ,    1.0304354131491538     
   2.2012681777829107E+017  ,    1.0303694757166164     
   2.2037359672198870E+017  ,    1.0303037502584098     
   2.2062037566568634E+017  ,    1.0302382358748559     
   2.2086715460938394E+017  ,    1.0301729316710093     
   2.2111393355308157E+017  ,    1.0301078367566245     
   2.2136071249677923E+017  ,    1.0300429502461301     
   2.2160749144047686E+017  ,    1.0299782712585952     
   2.2185427038417453E+017  ,    1.0299137989177054     
   2.2210104932787216E+017  ,    1.0298495323517285     
   2.2234782827156976E+017  ,    1.0297854706934912     
   2.2259460721526742E+017  ,    1.0297216130803482     
   2.2284138615896506E+017  ,    1.0296579586541521     
   2.2308816510266272E+017  ,    1.0295945065612306     
   2.2333494404636029E+017  ,    1.0295312559523537     
   2.2358172299005795E+017  ,    1.0294682059827078     
   2.2382850193375558E+017  ,    1.0294053558118708     
   2.2407528087745318E+017  ,    1.0293427046037811     
   2.2432205982115085E+017  ,    1.0292802515267128     
   2.2456883876484848E+017  ,    1.0292179957532488     
   2.2481561770854614E+017  ,    1.0291559364602536     
   2.2506239665224378E+017  ,    1.0290940728288485     
   2.2530917559594141E+017  ,    1.0290324040443815     
   2.2555595453963907E+017  ,    1.0289709292964067     
   2.2580273348333667E+017  ,    1.0289096477786537     
   2.2604951242703430E+017  ,    1.0288485586890046     
   2.2629629137073194E+017  ,    1.0287876612294689     
   2.2654307031442960E+017  ,    1.0287269546061555     
   2.2678984925812723E+017  ,    1.0286664380292516     
   2.2703662820182483E+017  ,    1.0286061107129927     
   2.2728340714552250E+017  ,    1.0285459718756418     
   2.2753018608922013E+017  ,    1.0284860207394650     
   2.2777696503291776E+017  ,    1.0284262565307036     
   2.2802374397661539E+017  ,    1.0283666784795547     
   2.2827052292031302E+017  ,    1.0283072858201410     
   2.2851730186401069E+017  ,    1.0282480777904928     
   2.2876408080770829E+017  ,    1.0281890536325222     
   2.2901085975140595E+017  ,    1.0281302125919978     
   2.2925763869510358E+017  ,    1.0280715539185235     
   2.2950441763880125E+017  ,    1.0280130768655136     
   2.2975119658249885E+017  ,    1.0279547806901728     
   2.2999797552619648E+017  ,    1.0278966646534693     
   2.3024475446989414E+017  ,    1.0278387280201142     
   2.3049153341359171E+017  ,    1.0277809700585396     
   2.3073831235728938E+017  ,    1.0277233900408740     
   2.3098509130098701E+017  ,    1.0276659872429224     
   2.3123187024468464E+017  ,    1.0276087609441431     
   2.3147864918838227E+017  ,    1.0275517104276237     
   2.3172542813207994E+017  ,    1.0274948349800648     
   2.3197220707577757E+017  ,    1.0274381338917515     
   2.3221898601947523E+017  ,    1.0273816064565375     
   2.3246576496317286E+017  ,    1.0273252519718212     
   2.3271254390687050E+017  ,    1.0272690697385245     
   2.3295932285056813E+017  ,    1.0272130590610715     
   2.3320610179426573E+017  ,    1.0271572192473690     
   2.3345288073796336E+017  ,    1.0271015496087847     
   2.3369965968166102E+017  ,    1.0270460494601275     
   2.3394643862535866E+017  ,    1.0269907181196245     
   2.3419321756905626E+017  ,    1.0269355549089045     
   2.3443999651275392E+017  ,    1.0268805591529750     
   2.3468677545645155E+017  ,    1.0268257301802028     
   2.3493355440014922E+017  ,    1.0267710673222945     
   2.3518033334384682E+017  ,    1.0267165699142768     
   2.3542711228754448E+017  ,    1.0266622372944751     
   2.3567389123124214E+017  ,    1.0266080688044970     
   2.3592067017493971E+017  ,    1.0265540637892110     
   2.3616744911863738E+017  ,    1.0265002215967267     
   2.3641422806233501E+017  ,    1.0264465415783768     
   2.3666100700603267E+017  ,    1.0263930230886988     
   2.3690778594973027E+017  ,    1.0263396654854160     
   2.3715456489342790E+017  ,    1.0262864681294144     
   2.3740134383712557E+017  ,    1.0262334303847309     
   2.3764812278082320E+017  ,    1.0261805516185318     
   2.3789490172452083E+017  ,    1.0261278312010917     
   2.3814168066821843E+017  ,    1.0260752685057803     
   2.3838845961191610E+017  ,    1.0260228629090413     
   2.3863523855561373E+017  ,    1.0259706137903741     
   2.3888201749931136E+017  ,    1.0259185205323189     
   2.3912879644300902E+017  ,    1.0258665825204345     
   2.3937557538670666E+017  ,    1.0258147991432842     
   2.3962235433040429E+017  ,    1.0257631697924179     
   2.3986913327410192E+017  ,    1.0257116938623529     
   2.4011591221779955E+017  ,    1.0256603707505594     
   2.4036269116149722E+017  ,    1.0256091998574397     
   2.4060947010519478E+017  ,    1.0255581805863150     
   2.4085624904889245E+017  ,    1.0255073123434058     
   2.4110302799259008E+017  ,    1.0254565945378165     
   2.4134980693628771E+017  ,    1.0254060265815179     
   2.4159658587998534E+017  ,    1.0253556078893316     
   2.4184336482368298E+017  ,    1.0253053378789125     
   2.4209014376738064E+017  ,    1.0252552159707324     
   2.4233692271107827E+017  ,    1.0252052415880653     
   2.4258370165477594E+017  ,    1.0251554141569699     
   2.4283048059847357E+017  ,    1.0251057331062741     
   2.4307725954217117E+017  ,    1.0250561978675563     
   2.4332403848586880E+017  ,    1.0250068078751364     
   2.4357081742956643E+017  ,    1.0249575625660539     
   2.4381759637326410E+017  ,    1.0249084613800525     
   2.4406437531696173E+017  ,    1.0248595037595702     
   2.4431115426065936E+017  ,    1.0248106891497157     
   2.4455793320435699E+017  ,    1.0247620169982621     
   2.4480471214805462E+017  ,    1.0247134867556222     
   2.4505149109175226E+017  ,    1.0246650978748426     
   2.4529827003544986E+017  ,    1.0246168498115817     
   2.4554504897914755E+017  ,    1.0245687420240981     
   2.4579182792284518E+017  ,    1.0245207739732372     
   2.4603860686654278E+017  ,    1.0244729451224108     
   2.4628538581024045E+017  ,    1.0244252549375890     
   2.4653216475393808E+017  ,    1.0243777028872820     
   2.4677894369763574E+017  ,    1.0243302884425278     
   2.4702572264133334E+017  ,    1.0242830110768748     
   2.4727250158503101E+017  ,    1.0242358702663703     
   2.4751928052872864E+017  ,    1.0241888654895459     
   2.4776605947242621E+017  ,    1.0241419962274030     
   2.4801283841612387E+017  ,    1.0240952619633985     
   2.4825961735982150E+017  ,    1.0240486621834324     
   2.4850639630351917E+017  ,    1.0240021963758315     
   2.4875317524721677E+017  ,    1.0239558640313391     
   2.4899995419091440E+017  ,    1.0239096646430990     
   2.4924673313461206E+017  ,    1.0238635977066415     
   2.4949351207830973E+017  ,    1.0238176627198730     
   2.4974029102200736E+017  ,    1.0237718591830587     
   2.4998706996570499E+017  ,    1.0237261865988148     
   2.5023384890940266E+017  ,    1.0236806444720881     
   2.5048062785310022E+017  ,    1.0236352323101492     
   2.5072740679679786E+017  ,    1.0235899496225775     
   2.5097418574049552E+017  ,    1.0235447959212463     
   2.5122096468419315E+017  ,    1.0234997707203133     
   2.5146774362789078E+017  ,    1.0234548735362050     
   2.5171452257158842E+017  ,    1.0234101038876069     
   2.5196130151528605E+017  ,    1.0233654612954486     
   2.5220808045898371E+017  ,    1.0233209452828911     
   2.5245485940268131E+017  ,    1.0232765553753174     
   2.5270163834637898E+017  ,    1.0232322911003171     
   2.5294841729007661E+017  ,    1.0231881519876744     
   2.5319519623377424E+017  ,    1.0231441375693595     
   2.5344197517747187E+017  ,    1.0231002473795099     
   2.5368875412116950E+017  ,    1.0230564809544267     
   2.5393553306486717E+017  ,    1.0230128378325547     
   2.5418231200856477E+017  ,    1.0229693175544763     
   2.5442909095226243E+017  ,    1.0229259196628964     
   2.5467586989596006E+017  ,    1.0228826437026326     
   2.5492264883965770E+017  ,    1.0228394892206016     
   2.5516942778335533E+017  ,    1.0227964557658111     
   2.5541620672705293E+017  ,    1.0227535428893446     
   2.5566298567075059E+017  ,    1.0227107501443509     
   2.5590976461444819E+017  ,    1.0226680770860350     
   2.5615654355814586E+017  ,    1.0226255232716441     
   2.5640332250184352E+017  ,    1.0225830882604574     
   2.5665010144554115E+017  ,    1.0225407716137767     
   2.5689688038923878E+017  ,    1.0224985728949123     
   2.5714365933293642E+017  ,    1.0224564916691725     
   2.5739043827663408E+017  ,    1.0224145275038572     
   2.5763721722033171E+017  ,    1.0223726799682400     
   2.5788399616402928E+017  ,    1.0223309486335626     
   2.5813077510772694E+017  ,    1.0222893330730214     
   2.5837755405142458E+017  ,    1.0222478328617606     
   2.5862433299512221E+017  ,    1.0222064475768555     
   2.5887111193881984E+017  ,    1.0221651767973079     
   2.5911789088251750E+017  ,    1.0221240201040320     
   2.5936466982621514E+017  ,    1.0220829770798465     
   2.5961144876991277E+017  ,    1.0220420473094609     
   2.5985822771361040E+017  ,    1.0220012303794701     
   2.6010500665730806E+017  ,    1.0219605258783400     
   2.6035178560100573E+017  ,    1.0219199333963986     
   2.6059856454470330E+017  ,    1.0218794525258277     
   2.6084534348840093E+017  ,    1.0218390828606507     
   2.6109212243209859E+017  ,    1.0217988239967226     
   2.6133890137579619E+017  ,    1.0217586755317227     
   2.6158568031949386E+017  ,    1.0217186370651423     
   2.6183245926319149E+017  ,    1.0216787081982754     
   2.6207923820688915E+017  ,    1.0216388885342111     
   2.6232601715058675E+017  ,    1.0215991776778204     
   2.6257279609428435E+017  ,    1.0215595752357483     
   2.6281957503798205E+017  ,    1.0215200808164067     
   2.6306635398167965E+017  ,    1.0214806940299610     
   2.6331313292537731E+017  ,    1.0214414144883244     
   2.6355991186907494E+017  ,    1.0214022418051432     
   2.6380669081277258E+017  ,    1.0213631755957957     
   2.6405346975647027E+017  ,    1.0213242154773743     
   2.6430024870016784E+017  ,    1.0212853610686825     
   2.6454702764386547E+017  ,    1.0212466119902228     
   2.6479380658756310E+017  ,    1.0212079678641901     
   2.6504058553126074E+017  ,    1.0211694283144588     
   2.6528736447495837E+017  ,    1.0211309929665786     
   2.6553414341865600E+017  ,    1.0210926614477611     
   2.6578092236235370E+017  ,    1.0210544333868747     
   2.6602770130605126E+017  ,    1.0210163084144341     
   2.6627448024974896E+017  ,    1.0209782861625916     
   2.6652125919344656E+017  ,    1.0209403662651275     
   2.6676803813714422E+017  ,    1.0209025483574456     
   2.6701481708084182E+017  ,    1.0208648320765581     
   2.6726159602453946E+017  ,    1.0208272170610830     
   2.6750837496823715E+017  ,    1.0207897029512329     
   2.6775515391193472E+017  ,    1.0207522893888068     
   2.6800193285563242E+017  ,    1.0207149760171816     
   2.6824871179933005E+017  ,    1.0206777624813055     
   2.6849549074302768E+017  ,    1.0206406484276866     
   2.6874226968672531E+017  ,    1.0206036335043889     
   2.6898904863042288E+017  ,    1.0205667173610198     
   2.6923582757412058E+017  ,    1.0205298996487246     
   2.6948260651781821E+017  ,    1.0204931800201793     
   2.6972938546151578E+017  ,    1.0204565581295790     
   2.6997616440521347E+017  ,    1.0204200336326339     
   2.7022294334891110E+017  ,    1.0203836061865577     
   2.7046972229260877E+017  ,    1.0203472754500651     
   2.7071650123630640E+017  ,    1.0203110410833571     
   2.7096328018000403E+017  ,    1.0202749027481191     
   2.7121005912370166E+017  ,    1.0202388601075092     
   2.7145683806739923E+017  ,    1.0202029128261538     
   2.7170361701109693E+017  ,    1.0201670605701363     
   2.7195039595479456E+017  ,    1.0201313030069949     
   2.7219717489849219E+017  ,    1.0200956398057075     
   2.7244395384218982E+017  ,    1.0200600706366931     
   2.7269073278588746E+017  ,    1.0200245951717954     
   2.7293751172958509E+017  ,    1.0199892130842823     
   2.7318429067328272E+017  ,    1.0199539240488373     
   2.7343106961698035E+017  ,    1.0199187277415471     
   2.7367784856067802E+017  ,    1.0198836238399021     
   2.7392462750437568E+017  ,    1.0198486120227828     
   2.7417140644807328E+017  ,    1.0198136919704552     
   2.7441818539177091E+017  ,    1.0197788633645652     
   2.7466496433546854E+017  ,    1.0197441258881281     
   2.7491174327916618E+017  ,    1.0197094792255252     
   2.7515852222286381E+017  ,    1.0196749230624924     
   2.7540530116656144E+017  ,    1.0196404570861188     
   2.7565208011025907E+017  ,    1.0196060809848344     
   2.7589885905395670E+017  ,    1.0195717944484068     
   2.7614563799765434E+017  ,    1.0195375971679326     
   2.7639241694135203E+017  ,    1.0195034888358319     
   2.7663919588504960E+017  ,    1.0194694691458395     
   2.7688597482874723E+017  ,    1.0194355377930007     
   2.7713275377244490E+017  ,    1.0194016944736630     
   2.7737953271614253E+017  ,    1.0193679388854708     
   2.7762631165984022E+017  ,    1.0193342707273552     
   2.7787309060353779E+017  ,    1.0193006896995334     
   2.7811986954723549E+017  ,    1.0192671955034969     
   2.7836664849093312E+017  ,    1.0192337878420077     
   2.7861342743463069E+017  ,    1.0192004664190903     
   2.7886020637832832E+017  ,    1.0191672309400277     
   2.7910698532202595E+017  ,    1.0191340811113534     
   2.7935376426572365E+017  ,    1.0191010166408443     
   2.7960054320942122E+017  ,    1.0190680372375136     
   2.7984732215311891E+017  ,    1.0190351426116109     
   2.8009410109681654E+017  ,    1.0190023324746076     
   2.8034088004051418E+017  ,    1.0189696065391944     
   2.8058765898421181E+017  ,    1.0189369645192776     
   2.8083443792790947E+017  ,    1.0189044061299692     
   2.8108121687160710E+017  ,    1.0188719310875822     
   2.8132799581530474E+017  ,    1.0188395391096241     
   2.8157477475900230E+017  ,    1.0188072299147919     
   2.8182155370270000E+017  ,    1.0187750032229659     
   2.8206833264639763E+017  ,    1.0187428587552037     
   2.8231511159009526E+017  ,    1.0187107962337327     
   2.8256189053379290E+017  ,    1.0186788153819475     
   2.8280866947749053E+017  ,    1.0186469159244005     
   2.8305544842118816E+017  ,    1.0186150975867978     
   2.8330222736488579E+017  ,    1.0185833600959953     
   2.8354900630858342E+017  ,    1.0185517031799887     
   2.8379578525228106E+017  ,    1.0185201265679118     
   2.8404256419597869E+017  ,    1.0184886299900291     
   2.8428934313967635E+017  ,    1.0184572131777290     
   2.8453612208337398E+017  ,    1.0184258758635207     
   2.8478290102707162E+017  ,    1.0183946177810286     
   2.8502967997076925E+017  ,    1.0183634386649816     
   2.8527645891446688E+017  ,    1.0183323382512166     
   2.8552323785816451E+017  ,    1.0183013162766639     
   2.8577001680186221E+017  ,    1.0182703724793478     
   2.8601679574555978E+017  ,    1.0182395065983787     
   2.8626357468925741E+017  ,    1.0182087183739501     
   2.8651035363295504E+017  ,    1.0181780075473283     
   2.8675713257665267E+017  ,    1.0181473738608526     
   2.8700391152035030E+017  ,    1.0181168170579276     
   2.8725069046404794E+017  ,    1.0180863368830155     
   2.8749746940774560E+017  ,    1.0180559330816368     
   2.8774424835144323E+017  ,    1.0180256054003596     
   2.8799102729514086E+017  ,    1.0179953535867972     
   2.8823780623883853E+017  ,    1.0179651773896017     
   2.8848458518253619E+017  ,    1.0179350765584596     
   2.8873136412623373E+017  ,    1.0179050508440874     
   2.8897814306993139E+017  ,    1.0178750999982251     
   2.8922492201362906E+017  ,    1.0178452237736322     
   2.8947170095732672E+017  ,    1.0178154219240818     
   2.8971847990102432E+017  ,    1.0177856942043557     
   2.8996525884472198E+017  ,    1.0177560403702419     
   2.9021203778841965E+017  ,    1.0177264601785252     
   2.9045881673211718E+017  ,    1.0176969533869873     
   2.9070559567581491E+017  ,    1.0176675197543981     
   2.9095237461951251E+017  ,    1.0176381590405119     
   2.9119915356321018E+017  ,    1.0176088710060647     
   2.9144593250690771E+017  ,    1.0175796554127661     
   2.9169271145060544E+017  ,    1.0175505120232966     
   2.9193949039430304E+017  ,    1.0175214406013020     
   2.9218626933800070E+017  ,    1.0174924409113915     
   2.9243304828169830E+017  ,    1.0174635127191272     
   2.9267982722539597E+017  ,    1.0174346557910257     
   2.9292660616909357E+017  ,    1.0174058698945490     
   2.9317338511279123E+017  ,    1.0173771547981034     
   2.9342016405648883E+017  ,    1.0173485102710327     
   2.9366694300018650E+017  ,    1.0173199360836127     
   2.9391372194388416E+017  ,    1.0172914320070490     
   2.9416050088758176E+017  ,    1.0172629978134726     
   2.9440727983127942E+017  ,    1.0172346332759343     
   2.9465405877497702E+017  ,    1.0172063381683996     
   2.9490083771867469E+017  ,    1.0171781122657459     
   2.9514761666237229E+017  ,    1.0171499553437569     
   2.9539439560606995E+017  ,    1.0171218671791196     
   2.9564117454976755E+017  ,    1.0170938475494187     
   2.9588795349346522E+017  ,    1.0170658962331320     
   2.9613473243716282E+017  ,    1.0170380130096282     
   2.9638151138086048E+017  ,    1.0170101976591606     
   2.9662829032455814E+017  ,    1.0169824499628624     
   2.9687506926825574E+017  ,    1.0169547697027457     
   2.9712184821195341E+017  ,    1.0169271566616935     
   2.9736862715565101E+017  ,    1.0168996106234591     
   2.9761540609934874E+017  ,    1.0168721313726583     
   2.9786218504304627E+017  ,    1.0168447186947680     
   2.9810896398674394E+017  ,    1.0168173723761205     
   2.9835574293044160E+017  ,    1.0167900922039017     
   2.9860252187413926E+017  ,    1.0167628779661437     
   2.9884930081783680E+017  ,    1.0167357294517227     
   2.9909607976153446E+017  ,    1.0167086464503559     
   2.9934285870523213E+017  ,    1.0166816287525959     
   2.9958963764892973E+017  ,    1.0166546761498274     
   2.9983641659262739E+017  ,    1.0166277884342627     
   3.0008319553632506E+017  ,    1.0166009653989383     
   3.0032997448002272E+017  ,    1.0165742068377119     
   3.0057675342372032E+017  ,    1.0165475125452557     
   3.0082353236741798E+017  ,    1.0165208823170560     
   3.0107031131111552E+017  ,    1.0164943159494066     
   3.0131709025481325E+017  ,    1.0164678132394069     
   3.0156386919851078E+017  ,    1.0164413739849572     
   3.0181064814220851E+017  ,    1.0164149979847545     
   3.0205742708590611E+017  ,    1.0163886850382904     
   3.0230420602960371E+017  ,    1.0163624349458451     
   3.0255098497330138E+017  ,    1.0163362475084852     
   3.0279776391699904E+017  ,    1.0163101225280597     
   3.0304454286069664E+017  ,    1.0162840598071974     
   3.0329132180439424E+017  ,    1.0162580591492998     
   3.0353810074809197E+017  ,    1.0162321203585409     
   3.0378487969178957E+017  ,    1.0162062432398649     
   3.0403165863548723E+017  ,    1.0161804275989754     
   3.0427843757918483E+017  ,    1.0161546732423410     
   3.0452521652288250E+017  ,    1.0161289799771849     
   3.0477199546658010E+017  ,    1.0161033476114849     
   3.0501877441027776E+017  ,    1.0160777759539672     
   3.0526555335397536E+017  ,    1.0160522648141073     
   3.0551233229767302E+017  ,    1.0160268140021220     
   3.0575911124137062E+017  ,    1.0160014233289680     
   3.0600589018506829E+017  ,    1.0159760926063370     
   3.0625266912876589E+017  ,    1.0159508216466557     
   3.0649944807246355E+017  ,    1.0159256102630789     
   3.0674622701616115E+017  ,    1.0159004582694868     
   3.0699300595985882E+017  ,    1.0158753654804835     
   3.0723978490355648E+017  ,    1.0158503317113909     
   3.0748656384725408E+017  ,    1.0158253567782478     
   3.0773334279095174E+017  ,    1.0158004404978060     
   3.0798012173464934E+017  ,    1.0157755826875250     
   3.0822690067834701E+017  ,    1.0157507831655719     
   3.0847367962204467E+017  ,    1.0157260417508156     
   3.0872045856574227E+017  ,    1.0157013582628243     
   3.0896723750943987E+017  ,    1.0156767325218634     
   3.0921401645313754E+017  ,    1.0156521643488912     
   3.0946079539683514E+017  ,    1.0156276535655557     
   3.0970757434053280E+017  ,    1.0156031999941921     
   3.0995435328423040E+017  ,    1.0155788034578177     
   3.1020113222792806E+017  ,    1.0155544637801321     
   3.1044791117162573E+017  ,    1.0155301807855102     
   3.1069469011532333E+017  ,    1.0155059542990028     
   3.1094146905902106E+017  ,    1.0154817841463322     
   3.1118824800271866E+017  ,    1.0154576701538867     
   3.1143502694641626E+017  ,    1.0154336121487206     
   3.1168180589011392E+017  ,    1.0154096099585508     
   3.1192858483381158E+017  ,    1.0153856634117520     
   3.1217536377750918E+017  ,    1.0153617723373556     
   3.1242214272120685E+017  ,    1.0153379365650466     
   3.1266892166490445E+017  ,    1.0153141559251571     
   3.1291570060860211E+017  ,    1.0152904302486692     
   3.1316247955229965E+017  ,    1.0152667593672080     
   3.1340925849599731E+017  ,    1.0152431431130395     
   3.1365603743969498E+017  ,    1.0152195813190685     
   3.1390281638339264E+017  ,    1.0151960738188335     
   3.1414959532709024E+017  ,    1.0151726204465075     
   3.1439637427078784E+017  ,    1.0151492210368918     
   3.1464315321448557E+017  ,    1.0151258754254147     
   3.1488993215818317E+017  ,    1.0151025834481289     
   3.1513671110188083E+017  ,    1.0150793449417066     
   3.1538349004557843E+017  ,    1.0150561597434395     
   3.1563026898927610E+017  ,    1.0150330276912347     
   3.1587704793297370E+017  ,    1.0150099486236119     
   3.1612382687667136E+017  ,    1.0149869223797001     
   3.1637060582036896E+017  ,    1.0149639487992357     
   3.1661738476406662E+017  ,    1.0149410277225606     
   3.1686416370776422E+017  ,    1.0149181589906160     
   3.1711094265146189E+017  ,    1.0148953424449441     
   3.1735772159515955E+017  ,    1.0148725779276833     
   3.1760450053885722E+017  ,    1.0148498652815643     
   3.1785127948255475E+017  ,    1.0148272043499094     
   3.1809805842625248E+017  ,    1.0148045949766307     
   3.1834483736995014E+017  ,    1.0147820370062239     
   3.1859161631364768E+017  ,    1.0147595302837662     
   3.1883839525734534E+017  ,    1.0147370746549207     
   3.1908517420104294E+017  ,    1.0147146699659237     
   3.1933195314474061E+017  ,    1.0146923160635877     
   3.1957873208843821E+017  ,    1.0146700127952986     
   3.1982551103213587E+017  ,    1.0146477600090125     
   3.2007228997583347E+017  ,    1.0146255575532517     
   3.2031906891953114E+017  ,    1.0146034052771054     
   3.2056584786322880E+017  ,    1.0145813030302242     
   3.2081262680692640E+017  ,    1.0145592506628183     
   3.2105940575062406E+017  ,    1.0145372480256571     
   3.2130618469432173E+017  ,    1.0145152949700633     
   3.2155296363801933E+017  ,    1.0144933913479133     
   3.2179974258171699E+017  ,    1.0144715370116331     
   3.2204652152541466E+017  ,    1.0144497318141972     
   3.2229330046911226E+017  ,    1.0144279756091237     
   3.2254007941280992E+017  ,    1.0144062682504751     
   3.2278685835650752E+017  ,    1.0143846095928544     
   3.2303363730020518E+017  ,    1.0143629994914014     
   3.2328041624390272E+017  ,    1.0143414378017934     
   3.2352719518760038E+017  ,    1.0143199243802385     
   3.2377397413129798E+017  ,    1.0142984590834785     
   3.2402075307499571E+017  ,    1.0142770417687816     
   3.2426753201869331E+017  ,    1.0142556722939442     
   3.2451431096239091E+017  ,    1.0142343505172855     
   3.2476108990608858E+017  ,    1.0142130762976462     
   3.2500786884978618E+017  ,    1.0141918494943880     
   3.2525464779348390E+017  ,    1.0141706699673869     
   3.2550142673718150E+017  ,    1.0141495375770369     
   3.2574820568087917E+017  ,    1.0141284521842424     
   3.2599498462457677E+017  ,    1.0141074136504187     
   3.2624176356827443E+017  ,    1.0140864218374899     
   3.2648854251197203E+017  ,    1.0140654766078845     
   3.2673532145566970E+017  ,    1.0140445778245364     
   3.2698210039936730E+017  ,    1.0140237253508801     
   3.2722887934306496E+017  ,    1.0140029190508488     
   3.2747565828676262E+017  ,    1.0139821587888735     
   3.2772243723046029E+017  ,    1.0139614444298808     
   3.2796921617415789E+017  ,    1.0139407758392875     
   3.2821599511785542E+017  ,    1.0139201528830044     
   3.2846277406155309E+017  ,    1.0138995754274283     
   3.2870955300525075E+017  ,    1.0138790433394438     
   3.2895633194894842E+017  ,    1.0138585564864193     
   3.2920311089264602E+017  ,    1.0138381147362048     
   3.2944988983634368E+017  ,    1.0138177179571299     
   3.2969666878004128E+017  ,    1.0137973660180044     
   3.2994344772373901E+017  ,    1.0137770587881116     
   3.3019022666743654E+017  ,    1.0137567961372103     
   3.3043700561113421E+017  ,    1.0137365779355298     
   3.3068378455483181E+017  ,    1.0137164040537701     
   3.3093056349852947E+017  ,    1.0136962743630991     
   3.3117734244222714E+017  ,    1.0136761887351489     
   3.3142412138592480E+017  ,    1.0136561470420171     
   3.3167090032962246E+017  ,    1.0136361491562609     
   3.3191767927332000E+017  ,    1.0136161949508999     
   3.3216445821701766E+017  ,    1.0135962842994088     
   3.3241123716071533E+017  ,    1.0135764170757195     
   3.3265801610441299E+017  ,    1.0135565931542172     
   3.3290479504811059E+017  ,    1.0135368124097393     
   3.3315157399180819E+017  ,    1.0135170747175728     
   3.3339835293550592E+017  ,    1.0134973799534523     
   3.3364513187920346E+017  ,    1.0134777279935603     
   3.3389191082290106E+017  ,    1.0134581187145195     
   3.3413868976659872E+017  ,    1.0134385519933993     
   3.3438546871029638E+017  ,    1.0134190277077066     
   3.3463224765399405E+017  ,    1.0133995457353879     
   3.3487902659769165E+017  ,    1.0133801059548255     
   3.3512580554138931E+017  ,    1.0133607082448375     
   3.3537258448508698E+017  ,    1.0133413524846733     
   3.3561936342878451E+017  ,    1.0133220385540154     
   3.3586614237248224E+017  ,    1.0133027663329730     
   3.3611292131617984E+017  ,    1.0132835357020851     
   3.3635970025987750E+017  ,    1.0132643465423139     
   3.3660647920357510E+017  ,    1.0132451987350470     
   3.3685325814727277E+017  ,    1.0132260921620941     
   3.3710003709097043E+017  ,    1.0132070267056827     
   3.3734681603466803E+017  ,    1.0131880022484616     
   3.3759359497836563E+017  ,    1.0131690186734934     
   3.3784037392206323E+017  ,    1.0131500758642578     
   3.3808715286576090E+017  ,    1.0131311737046467     
   3.3833393180945862E+017  ,    1.0131123120789631     
   3.3858071075315622E+017  ,    1.0130934908719191     
   3.3882748969685382E+017  ,    1.0130747099686359     
   3.3907426864055142E+017  ,    1.0130559692546393     
   3.3932104758424902E+017  ,    1.0130372686158606     
   3.3956782652794675E+017  ,    1.0130186079386339     
   3.3981460547164435E+017  ,    1.0129999871096926     
   3.4006138441534202E+017  ,    1.0129814060161719     
   3.4030816335903962E+017  ,    1.0129628645456021     
   3.4055494230273734E+017  ,    1.0129443625859109     
   3.4080172124643494E+017  ,    1.0129259000254205     
   3.4104850019013254E+017  ,    1.0129074767528452     
   3.4129527913383014E+017  ,    1.0128890926572893     
   3.4154205807752781E+017  ,    1.0128707476282484     
   3.4178883702122547E+017  ,    1.0128524415556039     
   3.4203561596492314E+017  ,    1.0128341743296252     
   3.4228239490862080E+017  ,    1.0128159458409642     
   3.4252917385231840E+017  ,    1.0127977559806565     
   3.4277595279601594E+017  ,    1.0127796046401192     
   3.4302273173971360E+017  ,    1.0127614917111489     
   3.4326951068341126E+017  ,    1.0127434170859204     
   3.4351628962710886E+017  ,    1.0127253806569843     
   3.4376306857080653E+017  ,    1.0127073823172665     
   3.4400984751450413E+017  ,    1.0126894219600666     
   3.4425662645820186E+017  ,    1.0126714994790560     
   3.4450340540189946E+017  ,    1.0126536147682756     
   3.4475018434559706E+017  ,    1.0126357677221358     
   3.4499696328929472E+017  ,    1.0126179582354131     
   3.4524374223299232E+017  ,    1.0126001862032514     
   3.4549052117669005E+017  ,    1.0125824515211570     
   3.4573730012038765E+017  ,    1.0125647540850000     
   3.4598407906408531E+017  ,    1.0125470937910108     
   3.4623085800778291E+017  ,    1.0125294705357806     
   3.4647763695148058E+017  ,    1.0125118842162566     
   3.4672441589517818E+017  ,    1.0124943347297450     
   3.4697119483887584E+017  ,    1.0124768219739064     
   3.4721797378257344E+017  ,    1.0124593458467541     
   3.4746475272627110E+017  ,    1.0124419062466552     
   3.4771153166996877E+017  ,    1.0124245030723258     
   3.4795831061366643E+017  ,    1.0124071362228335     
   3.4820508955736397E+017  ,    1.0123898055975926     
   3.4845186850106157E+017  ,    1.0123725110963631     
   3.4869864744475923E+017  ,    1.0123552526192516     
   3.4894542638845690E+017  ,    1.0123380300667075     
   3.4919220533215456E+017  ,    1.0123208433395228     
   3.4943898427585216E+017  ,    1.0123036923388300     
   3.4968576321954982E+017  ,    1.0122865769661018     
   3.4993254216324742E+017  ,    1.0122694971231472     
   3.5017932110694509E+017  ,    1.0122524527121128     
   3.5042610005064269E+017  ,    1.0122354436354826     
   3.5067287899434035E+017  ,    1.0122184697960703     
   3.5091965793803795E+017  ,    1.0122015310970247     
   3.5116643688173568E+017  ,    1.0121846274418260     
   3.5141321582543328E+017  ,    1.0121677587342839     
   3.5165999476913094E+017  ,    1.0121509248785363     
   3.5190677371282848E+017  ,    1.0121341257790466     
   3.5215355265652614E+017  ,    1.0121173613406069     
   3.5240033160022381E+017  ,    1.0121006314683325     
   3.5264711054392147E+017  ,    1.0120839360676614     
   3.5289388948761907E+017  ,    1.0120672750443545     
   3.5314066843131667E+017  ,    1.0120506483044913     
   3.5338744737501434E+017  ,    1.0120340557544731     
   3.5363422631871194E+017  ,    1.0120174973010172     
   3.5388100526240960E+017  ,    1.0120009728511590     
   3.5412778420610720E+017  ,    1.0119844823122466     
   3.5437456314980486E+017  ,    1.0119680255919454     
   3.5462134209350246E+017  ,    1.0119516025982325     
   3.5486812103720019E+017  ,    1.0119352132393944     
   3.5511489998089779E+017  ,    1.0119188574240314     
   3.5536167892459546E+017  ,    1.0119025350610511     
   3.5560845786829306E+017  ,    1.0118862460596685     
   3.5585523681199066E+017  ,    1.0118699903294046     
   3.5610201575568838E+017  ,    1.0118537677800883     
   3.5634879469938598E+017  ,    1.0118375783218494     
   3.5659557364308365E+017  ,    1.0118214218651234     
   3.5684235258678125E+017  ,    1.0118052983206449     
   3.5708913153047898E+017  ,    1.0117892075994508     
   3.5733591047417651E+017  ,    1.0117731496128761     
   3.5758268941787411E+017  ,    1.0117571242725547     
   3.5782946836157171E+017  ,    1.0117411314904154     
   3.5807624730526938E+017  ,    1.0117251711786861     
   3.5832302624896704E+017  ,    1.0117092432498851     
   3.5856980519266470E+017  ,    1.0116933476168271     
   3.5881658413636230E+017  ,    1.0116774841926170     
   3.5906336308005990E+017  ,    1.0116616528906512     
   3.5931014202375757E+017  ,    1.0116458536246158     
   3.5955692096745523E+017  ,    1.0116300863084857     
   3.5980369991115290E+017  ,    1.0116143508565236     
   3.6005047885485050E+017  ,    1.0115986471832774     
   3.6029725779854816E+017  ,    1.0115829752035801     
   3.6054403674224576E+017  ,    1.0115673348325505     
   3.6079081568594349E+017  ,    1.0115517259855882     
   3.6103759462964102E+017  ,    1.0115361485783760     
   3.6128437357333869E+017  ,    1.0115206025268761     
   3.6153115251703629E+017  ,    1.0115050877473315     
   3.6177793146073395E+017  ,    1.0114896041562622     
   3.6202471040443162E+017  ,    1.0114741516704671     
   3.6227148934812928E+017  ,    1.0114587302070197     
   3.6251826829182688E+017  ,    1.0114433396832692     
   3.6276504723552442E+017  ,    1.0114279800168389     
   3.6301182617922208E+017  ,    1.0114126511256261     
   3.6325860512291974E+017  ,    1.0113973529277980     
   3.6350538406661741E+017  ,    1.0113820853417930     
   3.6375216301031501E+017  ,    1.0113668482863207     
   3.6399894195401267E+017  ,    1.0113516416803578     
   3.6424572089771034E+017  ,    1.0113364654431489     
   3.6449249984140800E+017  ,    1.0113213194942046     
   3.6473927878510554E+017  ,    1.0113062037533029     
   3.6498605772880320E+017  ,    1.0112911181404842     
   3.6523283667250080E+017  ,    1.0112760625760526     
   3.6547961561619853E+017  ,    1.0112610369805755     
   3.6572639455989613E+017  ,    1.0112460412748814     
   3.6597317350359379E+017  ,    1.0112310753800575     
   3.6621995244729139E+017  ,    1.0112161392174526     
   3.6646673139098899E+017  ,    1.0112012327086717     
   3.6671351033468672E+017  ,    1.0111863557755787     
   3.6696028927838432E+017  ,    1.0111715083402919     
   3.6720706822208198E+017  ,    1.0111566903251865     
   3.6745384716577958E+017  ,    1.0111419016528918     
   3.6770062610947718E+017  ,    1.0111271422462884     
   3.6794740505317491E+017  ,    1.0111124120285122     
   3.6819418399687245E+017  ,    1.0110977109229471     
   3.6844096294057005E+017  ,    1.0110830388532293     
   3.6868774188426771E+017  ,    1.0110683957432440     
   3.6893452082796538E+017  ,    1.0110537815171250     
   3.6918129977166304E+017  ,    1.0110391960992517     
   3.6942807871536064E+017  ,    1.0110246394142519     
   3.6967485765905830E+017  ,    1.0110101113869978     
   3.6992163660275597E+017  ,    1.0109956119426069     
   3.7016841554645357E+017  ,    1.0109811410064384     
   3.7041519449015123E+017  ,    1.0109666985040966     
   3.7066197343384883E+017  ,    1.0109522843614251     
   3.7090875237754650E+017  ,    1.0109378985045097     
   3.7115553132124410E+017  ,    1.0109235408596755     
   3.7140231026494182E+017  ,    1.0109092113534861     
   3.7164908920863942E+017  ,    1.0108949099127436     
   3.7189586815233702E+017  ,    1.0108806364644862     
   3.7214264709603456E+017  ,    1.0108663909359898     
   3.7238942603973222E+017  ,    1.0108521732547635     
   3.7263620498342995E+017  ,    1.0108379833485515     
   3.7288298392712755E+017  ,    1.0108238211453318     
   3.7312976287082522E+017  ,    1.0108096865733143     
   3.7337654181452282E+017  ,    1.0107955795609402     
   3.7362332075822042E+017  ,    1.0107815000368825     
   3.7387009970191808E+017  ,    1.0107674479300413     
   3.7411687864561574E+017  ,    1.0107534231695505     
   3.7436365758931334E+017  ,    1.0107394256847662     
   3.7461043653301101E+017  ,    1.0107254554052756     
   3.7485721547670867E+017  ,    1.0107115122608901     
   3.7510399442040634E+017  ,    1.0106975961816482     
   3.7535077336410394E+017  ,    1.0106837070978107     
   3.7559755230780154E+017  ,    1.0106698449398650     
   3.7584433125149914E+017  ,    1.0106560096385186     
   3.7609111019519686E+017  ,    1.0106422011247020     
   3.7633788913889446E+017  ,    1.0106284193295672     
   3.7658466808259213E+017  ,    1.0106146641844849     
   3.7683144702628979E+017  ,    1.0106009356210470     
   3.7707822596998739E+017  ,    1.0105872335710642     
   3.7732500491368506E+017  ,    1.0105735579665629     
   3.7757178385738259E+017  ,    1.0105599087397874     
   3.7781856280108026E+017  ,    1.0105462858231988     
   3.7806534174477786E+017  ,    1.0105326891494724     
   3.7831212068847552E+017  ,    1.0105191186514981     
   3.7855889963217318E+017  ,    1.0105055742623803     
   3.7880567857587085E+017  ,    1.0104920559154353     
   3.7905245751956845E+017  ,    1.0104785635441911     
   3.7929923646326605E+017  ,    1.0104650970823887     
   3.7954601540696365E+017  ,    1.0104516564639772     
   3.7979279435066138E+017  ,    1.0104382416231164     
   3.8003957329435898E+017  ,    1.0104248524941752     
   3.8028635223805664E+017  ,    1.0104114890117304     
   3.8053313118175430E+017  ,    1.0103981511105649     
   3.8077991012545197E+017  ,    1.0103848387256689     
   3.8102668906914957E+017  ,    1.0103715517922389     
   3.8127346801284717E+017  ,    1.0103582902456747     
   3.8152024695654483E+017  ,    1.0103450540215813     
   3.8176702590024243E+017  ,    1.0103318430557675     
   3.8201380484394016E+017  ,    1.0103186572842429     
   3.8226058378763776E+017  ,    1.0103054966432208     
   3.8250736273133542E+017  ,    1.0102923610691137     
   3.8275414167503290E+017  ,    1.0102792504985365     
   3.8300092061873056E+017  ,    1.0102661648683018     
   3.8324769956242822E+017  ,    1.0102531041154217     
   3.8349447850612589E+017  ,    1.0102400681771058     
   3.8374125744982355E+017  ,    1.0102270569907619     
   3.8398803639352115E+017  ,    1.0102140704939946     
   3.8423481533721882E+017  ,    1.0102011086246023     
   3.8448159428091648E+017  ,    1.0101881713205805     
   3.8472837322461408E+017  ,    1.0101752585201174     
   3.8497515216831168E+017  ,    1.0101623701615969     
   3.8522193111200934E+017  ,    1.0101495061835932     
   3.8546871005570694E+017  ,    1.0101366665248763     
   3.8571548899940467E+017  ,    1.0101238511244026     
   3.8596226794310227E+017  ,    1.0101110599213232     
   3.8620904688679994E+017  ,    1.0100982928549787     
   3.8645582583049747E+017  ,    1.0100855498648971     
   3.8670260477419507E+017  ,    1.0100728308907976     
   3.8694938371789280E+017  ,    1.0100601358725847     
   3.8719616266159046E+017  ,    1.0100474647503521     
   3.8744294160528806E+017  ,    1.0100348174643781     
   3.8768972054898566E+017  ,    1.0100221939551293     
   3.8793649949268346E+017  ,    1.0100095941632552     
   3.8818327843638093E+017  ,    1.0099970180295907     
   3.8843005738007859E+017  ,    1.0099844654951544     
   3.8867683632377619E+017  ,    1.0099719365011475     
   3.8892361526747386E+017  ,    1.0099594309889539     
   3.8917039421117152E+017  ,    1.0099469489001407     
   3.8941717315486918E+017  ,    1.0099344901764531     
   3.8966395209856678E+017  ,    1.0099220547598182     
   3.8991073104226445E+017  ,    1.0099096425923431     
   3.9015750998596205E+017  ,    1.0098972536163136     
   3.9040428892965971E+017  ,    1.0098848877741926     
   3.9065106787335738E+017  ,    1.0098725450086241     
   3.9089784681705498E+017  ,    1.0098602252624260     
   3.9114462576075264E+017  ,    1.0098479284785935     
   3.9139140470445024E+017  ,    1.0098356546002967     
   3.9163818364814797E+017  ,    1.0098234035708831     
   3.9188496259184550E+017  ,    1.0098111753338732     
   3.9213174153554310E+017  ,    1.0097989698329604     
   3.9237852047924070E+017  ,    1.0097867870120130     
   3.9262529942293843E+017  ,    1.0097746268150711     
   3.9287207836663603E+017  ,    1.0097624891863466     
   3.9311885731033370E+017  ,    1.0097503740702227     
   3.9336563625403130E+017  ,    1.0097382814112532     
   3.9361241519772890E+017  ,    1.0097262111541627     
   3.9385919414142656E+017  ,    1.0097141632438433     
   3.9410597308512422E+017  ,    1.0097021376253588     
   3.9435275202882189E+017  ,    1.0096901342439382     
   3.9459953097251949E+017  ,    1.0096781530449790     
   3.9484630991621715E+017  ,    1.0096661939740472     
   3.9509308885991482E+017  ,    1.0096542569768729     
   3.9533986780361248E+017  ,    1.0096423419993537     
   3.9558664674731002E+017  ,    1.0096304489875507     
   3.9583342569100768E+017  ,    1.0096185778876900     
   3.9608020463470528E+017  ,    1.0096067286461636     
   3.9632698357840301E+017  ,    1.0095949012095229     
   3.9657376252210061E+017  ,    1.0095830955244856     
   3.9682054146579827E+017  ,    1.0095713115379297     
   3.9706732040949587E+017  ,    1.0095595491968949     
   3.9731409935319341E+017  ,    1.0095478084485821     
   3.9756087829689114E+017  ,    1.0095360892403535     
   3.9780765724058874E+017  ,    1.0095243915197287     
   3.9805443618428640E+017  ,    1.0095127152343888     
   3.9830121512798400E+017  ,    1.0095010603321728     
   3.9854799407168173E+017  ,    1.0094894267610766     
   3.9879477301537933E+017  ,    1.0094778144692553     
   3.9904155195907699E+017  ,    1.0094662234050198     
   3.9928833090277453E+017  ,    1.0094546535168385     
   3.9953510984647219E+017  ,    1.0094431047533341     
   3.9978188879016986E+017  ,    1.0094315770632849     
   4.0002866773386752E+017  ,    1.0094200703956246     
   4.0027544667756512E+017  ,    1.0094085846994398     
   4.0052222562126278E+017  ,    1.0093971199239722     
   4.0076900456496038E+017  ,    1.0093856760186153     
   4.0101578350865805E+017  ,    1.0093742529329151     
   4.0126256245235571E+017  ,    1.0093628506165695     
   4.0150934139605331E+017  ,    1.0093514690194290     
   4.0175612033975098E+017  ,    1.0093401080914919     
   4.0200289928344851E+017  ,    1.0093287677829108     
   4.0224967822714630E+017  ,    1.0093174480439846     
   4.0249645717084390E+017  ,    1.0093061488251631     
   4.0274323611454144E+017  ,    1.0092948700770434     
   4.0299001505823904E+017  ,    1.0092836117503732     
   4.0323679400193670E+017  ,    1.0092723737960447     
   4.0348357294563437E+017  ,    1.0092611561650990     
   4.0373035188933203E+017  ,    1.0092499588087234     
   4.0397713083302963E+017  ,    1.0092387816782511     
   4.0422390977672730E+017  ,    1.0092276247251610     
   4.0447068872042496E+017  ,    1.0092164879010759     
   4.0471746766412256E+017  ,    1.0092053711577642     
   4.0496424660782022E+017  ,    1.0091942744471383     
   4.0521102555151782E+017  ,    1.0091831977212529     
   4.0545780449521549E+017  ,    1.0091721409323064     
   4.0570458343891315E+017  ,    1.0091611040326396     
   4.0595136238261082E+017  ,    1.0091500869747345     
   4.0619814132630842E+017  ,    1.0091390897112158     
   4.0644492027000602E+017  ,    1.0091281121948474     
   4.0669169921370355E+017  ,    1.0091171543785347     
   4.0693847815740134E+017  ,    1.0091062162153226     
   4.0718525710109894E+017  ,    1.0090952976583953     
   4.0743203604479654E+017  ,    1.0090843986610762     
   4.0767881498849414E+017  ,    1.0090735191768265     
   4.0792559393219181E+017  ,    1.0090626591592464     
   4.0817237287588947E+017  ,    1.0090518185620714     
   4.0841915181958707E+017  ,    1.0090409973391772     
   4.0866593076328474E+017  ,    1.0090301954445726     
   4.0891270970698234E+017  ,    1.0090194128324037     
   4.0915948865068000E+017  ,    1.0090086494569535     
   4.0940626759437766E+017  ,    1.0089979052726366     
   4.0965304653807533E+017  ,    1.0089871802340056     
   4.0989982548177293E+017  ,    1.0089764742957452     
   4.1014660442547053E+017  ,    1.0089657874126743     
   4.1039338336916813E+017  ,    1.0089551195397448     
   4.1064016231286586E+017  ,    1.0089444706320405     
   4.1088694125656346E+017  ,    1.0089338406447785     
   4.1113372020026112E+017  ,    1.0089232295333079     
   4.1138049914395872E+017  ,    1.0089126372531068     
   4.1162727808765645E+017  ,    1.0089020637597865     
   4.1187405703135398E+017  ,    1.0088915090090869     
   4.1212083597505158E+017  ,    1.0088809729568793     
   4.1236761491874925E+017  ,    1.0088704555591634     
   4.1261439386244685E+017  ,    1.0088599567720675     
   4.1286117280614458E+017  ,    1.0088494765518492     
   4.1310795174984218E+017  ,    1.0088390148548940     
   4.1335473069353984E+017  ,    1.0088285716377148     
   4.1360150963723738E+017  ,    1.0088181468569517     
   4.1384828858093504E+017  ,    1.0088077404693712     
   4.1409506752463270E+017  ,    1.0087973524318670     
   4.1434184646833037E+017  ,    1.0087869827014575     
   4.1458862541202797E+017  ,    1.0087766312352877     
   4.1483540435572563E+017  ,    1.0087662979906264     
   4.1508218329942330E+017  ,    1.0087559829248669     
   4.1532896224312096E+017  ,    1.0087456859955268     
   4.1557574118681856E+017  ,    1.0087354071602488     
   4.1582252013051616E+017  ,    1.0087251463767961     
   4.1606929907421382E+017  ,    1.0087149036030576     
   4.1631607801791149E+017  ,    1.0087046787970422     
   4.1656285696160915E+017  ,    1.0086944719168818     
   4.1680963590530675E+017  ,    1.0086842829208296     
   4.1705641484900442E+017  ,    1.0086741117672600     
   4.1730319379270189E+017  ,    1.0086639584146682     
   4.1754997273639962E+017  ,    1.0086538228216695     
   4.1779675168009722E+017  ,    1.0086437049469983     
   4.1804353062379488E+017  ,    1.0086336047495097     
   4.1829030956749254E+017  ,    1.0086235221881765     
   4.1853708851119014E+017  ,    1.0086134572220924     
   4.1878386745488787E+017  ,    1.0086034098104657     
   4.1903064639858547E+017  ,    1.0085933799126259     
   4.1927742534228307E+017  ,    1.0085833674880174     
   4.1952420428598067E+017  ,    1.0085733724962036     
   4.1977098322967834E+017  ,    1.0085633948968624     
   4.2001776217337600E+017  ,    1.0085534346497897     
   4.2026454111707366E+017  ,    1.0085434917148959     
   4.2051132006077126E+017  ,    1.0085335660522075     
   4.2075809900446893E+017  ,    1.0085236576218655     
   4.2100487794816646E+017  ,    1.0085137663841259     
   4.2125165689186419E+017  ,    1.0085038922993574     
   4.2149843583556179E+017  ,    1.0084940353280456     
   4.2174521477925939E+017  ,    1.0084841954307868     
   4.2199199372295706E+017  ,    1.0084743725682905     
   4.2223877266665478E+017  ,    1.0084645667013798     
   4.2248555161035238E+017  ,    1.0084547777909898     
   4.2273233055404992E+017  ,    1.0084450057981669     
   4.2297910949774758E+017  ,    1.0084352506840697     
   4.2322588844144518E+017  ,    1.0084255124099679     
   4.2347266738514291E+017  ,    1.0084157909372398     
   4.2371944632884051E+017  ,    1.0084060862273774     
   4.2396622527253818E+017  ,    1.0083963982419810     
   4.2421300421623578E+017  ,    1.0083867269427598     
   4.2445978315993344E+017  ,    1.0083770722915324     
   4.2470656210363104E+017  ,    1.0083674342502273     
   4.2495334104732870E+017  ,    1.0083578127808810     
   4.2520011999102630E+017  ,    1.0083482078456374     
   4.2544689893472397E+017  ,    1.0083386194067483     
   4.2569367787842163E+017  ,    1.0083290474265743     
   4.2594045682211930E+017  ,    1.0083194918675806     
   4.2618723576581696E+017  ,    1.0083099526923407     
   4.2643401470951443E+017  ,    1.0083004298635343     
   4.2668079365321210E+017  ,    1.0082909233439459     
   4.2692757259690970E+017  ,    1.0082814330964667     
   4.2717435154060742E+017  ,    1.0082719590840923     
   4.2742113048430502E+017  ,    1.0082625012699242     
   4.2766790942800269E+017  ,    1.0082530596171664     
   4.2791468837170029E+017  ,    1.0082436340891288     
   4.2816146731539789E+017  ,    1.0082342246492251     
   4.2840824625909555E+017  ,    1.0082248312609705     
   4.2865502520279322E+017  ,    1.0082154538879853     
   4.2890180414649088E+017  ,    1.0082060924939917     
   4.2914858309018848E+017  ,    1.0081967470428137     
   4.2939536203388621E+017  ,    1.0081874174983796     
   4.2964214097758381E+017  ,    1.0081781038247155     
   4.2988891992128147E+017  ,    1.0081688059859522     
   4.3013569886497901E+017  ,    1.0081595239463208     
   4.3038247780867667E+017  ,    1.0081502576701513     
   4.3062925675237434E+017  ,    1.0081410071218764     
   4.3087603569607200E+017  ,    1.0081317722660272     
   4.3112281463976960E+017  ,    1.0081225530672353     
   4.3136959358346726E+017  ,    1.0081133494902303     
   4.3161637252716486E+017  ,    1.0081041614998425     
   4.3186315147086246E+017  ,    1.0080949890609998     
   4.3210993041456013E+017  ,    1.0080858321387287     
   4.3235670935825773E+017  ,    1.0080766906981533     
   4.3260348830195539E+017  ,    1.0080675647044959     
   4.3285026724565299E+017  ,    1.0080584541230759     
   4.3309704618935072E+017  ,    1.0080493589193091     
   4.3334382513304832E+017  ,    1.0080402790587097     
   4.3359060407674598E+017  ,    1.0080312145068862     
   4.3383738302044352E+017  ,    1.0080221652295442     
   4.3408416196414125E+017  ,    1.0080131311924851     
   4.3433094090783885E+017  ,    1.0080041123616050     
   4.3457771985153651E+017  ,    1.0079951087028960     
   4.3482449879523411E+017  ,    1.0079861201824436     
   4.3507127773893178E+017  ,    1.0079771467664294     
   4.3531805668262944E+017  ,    1.0079681884211271     
   4.3556483562632704E+017  ,    1.0079592451129078     
   4.3581161457002464E+017  ,    1.0079503168082313     
   4.3605839351372230E+017  ,    1.0079414034736540     
   4.3630517245741997E+017  ,    1.0079325050758243     
   4.3655195140111763E+017  ,    1.0079236215814824     
   4.3679873034481530E+017  ,    1.0079147529574617     
   4.3704550928851283E+017  ,    1.0079058991706877     
   4.3729228823221043E+017  ,    1.0078970601881769     
   4.3753906717590803E+017  ,    1.0078882359770365     
   4.3778584611960576E+017  ,    1.0078794265044659     
   4.3803262506330336E+017  ,    1.0078706317377562     
   4.3827940400700102E+017  ,    1.0078618516442859     
   4.3852618295069862E+017  ,    1.0078530861915265     
   4.3877296189439629E+017  ,    1.0078443353470374     
   4.3901974083809395E+017  ,    1.0078355990784695     
   4.3926651978179155E+017  ,    1.0078268773535615     
   4.3951329872548922E+017  ,    1.0078181701401405     
   4.3976007766918682E+017  ,    1.0078094774061241     
   4.4000685661288454E+017  ,    1.0078007991195173     
   4.4025363555658214E+017  ,    1.0077921352484123     
   4.4050041450027981E+017  ,    1.0077834857609913     
   4.4074719344397741E+017  ,    1.0077748506255215     
   4.4099397238767494E+017  ,    1.0077662298103593     
   4.4124075133137267E+017  ,    1.0077576232839474     
   4.4148753027507034E+017  ,    1.0077490310148143     
   4.4173430921876787E+017  ,    1.0077404529715768     
   4.4198108816246554E+017  ,    1.0077318891229343     
   4.4222786710616314E+017  ,    1.0077233394376763     
   4.4247464604986086E+017  ,    1.0077148038846744     
   4.4272142499355846E+017  ,    1.0077062824328882     
   4.4296820393725606E+017  ,    1.0076977750513589     
   4.4321498288095373E+017  ,    1.0076892817092158     
   4.4346176182465133E+017  ,    1.0076808023756700     
   4.4370854076834906E+017  ,    1.0076723370200187     
   4.4395531971204666E+017  ,    1.0076638856116416     
   4.4420209865574432E+017  ,    1.0076554481200024     
   4.4444887759944192E+017  ,    1.0076470245146480     
   4.4469565654313952E+017  ,    1.0076386147652088     
   4.4494243548683718E+017  ,    1.0076302188413968     
   4.4518921443053485E+017  ,    1.0076218367130081     
   4.4543599337423245E+017  ,    1.0076134683499198     
   4.4568277231793011E+017  ,    1.0076051137220916     
   4.4592955126162778E+017  ,    1.0075967727995636     
   4.4617633020532544E+017  ,    1.0075884455524597     
   4.4642310914902298E+017  ,    1.0075801319509827     
   4.4666988809272058E+017  ,    1.0075718319654181     
   4.4691666703641824E+017  ,    1.0075635455661298     
   4.4716344598011590E+017  ,    1.0075552727235639     
   4.4741022492381357E+017  ,    1.0075470134082465     
   4.4765700386751117E+017  ,    1.0075387675907828     
   4.4790378281120883E+017  ,    1.0075305352418575     
   4.4815056175490637E+017  ,    1.0075223163322355     
   4.4839734069860410E+017  ,    1.0075141108327599     
   4.4864411964230170E+017  ,    1.0075059187143531     
   4.4889089858599936E+017  ,    1.0074977399480161     
   4.4913767752969696E+017  ,    1.0074895745048285     
   4.4938445647339462E+017  ,    1.0074814223559463     
   4.4963123541709229E+017  ,    1.0074732834726052     
   4.4987801436078995E+017  ,    1.0074651578261182     
   4.5012479330448755E+017  ,    1.0074570453878751     
   4.5037157224818515E+017  ,    1.0074489461293419     
   4.5061835119188282E+017  ,    1.0074408600220630     
   4.5086513013558048E+017  ,    1.0074327870376583     
   4.5111190907927814E+017  ,    1.0074247271478245     
   4.5135868802297574E+017  ,    1.0074166803243347     
   4.5160546696667334E+017  ,    1.0074086465390371     
   4.5185224591037088E+017  ,    1.0074006257638555     
   4.5209902485406861E+017  ,    1.0073926179707893     
   4.5234580379776621E+017  ,    1.0073846231319130     
   4.5259258274146387E+017  ,    1.0073766412193761     
   4.5283936168516147E+017  ,    1.0073686722054023     
   4.5308614062885920E+017  ,    1.0073607160622897     
   4.5333291957255680E+017  ,    1.0073527727624110     
   4.5357969851625446E+017  ,    1.0073448422782127     
   4.5382647745995206E+017  ,    1.0073369245822141     
   4.5407325640364966E+017  ,    1.0073290196470088     
   4.5432003534734739E+017  ,    1.0073211274452645     
   4.5456681429104499E+017  ,    1.0073132479497191     
   4.5481359323474266E+017  ,    1.0073053811331856     
   4.5506037217844026E+017  ,    1.0072975269685487     
   4.5530715112213792E+017  ,    1.0072896854287658     
   4.5555393006583552E+017  ,    1.0072818564868649     
   4.5580070900953318E+017  ,    1.0072740401159477     
   4.5604748795323078E+017  ,    1.0072662362891867     
   4.5629426689692838E+017  ,    1.0072584449798248     
   4.5654104584062605E+017  ,    1.0072506661611780     
   4.5678782478432378E+017  ,    1.0072428998066310     
   4.5703460372802138E+017  ,    1.0072351458896400     
   4.5728138267171891E+017  ,    1.0072274043837328     
   4.5752816161541658E+017  ,    1.0072196752625067     
   4.5777494055911424E+017  ,    1.0072119584996266     
   4.5802171950281190E+017  ,    1.0072042540688320     
   4.5826849844650950E+017  ,    1.0071965619439271     
   4.5851527739020717E+017  ,    1.0071888820987900     
   4.5876205633390477E+017  ,    1.0071812145073633     
   4.5900883527760250E+017  ,    1.0071735591436612     
   4.5925561422130003E+017  ,    1.0071659159817665     
   4.5950239316499770E+017  ,    1.0071582849958303     
   4.5974917210869530E+017  ,    1.0071506661600711     
   4.5999595105239296E+017  ,    1.0071430594487754     
   4.6024272999609062E+017  ,    1.0071354648362993     
   4.6048950893978829E+017  ,    1.0071278822970653     
   4.6073628788348595E+017  ,    1.0071203118055616     
   4.6098306682718342E+017  ,    1.0071127533363473     
   4.6122984577088109E+017  ,    1.0071052068640454     
   4.6147662471457875E+017  ,    1.0070976723633469     
   4.6172340365827642E+017  ,    1.0070901498090088     
   4.6197018260197402E+017  ,    1.0070826391758547     
   4.6221696154567168E+017  ,    1.0070751404387743     
   4.6246374048936928E+017  ,    1.0070676535727239     
   4.6271051943306694E+017  ,    1.0070601785527244     
   4.6295729837676454E+017  ,    1.0070527153538618     
   4.6320407732046221E+017  ,    1.0070452639512897     
   4.6345085626415987E+017  ,    1.0070378243202245     
   4.6369763520785754E+017  ,    1.0070303964359484     
   4.6394441415155514E+017  ,    1.0070229802738091     
   4.6419119309525280E+017  ,    1.0070155758092163     
   4.6443797203895046E+017  ,    1.0070081830176465     
   4.6468475098264800E+017  ,    1.0070008018746384     
   4.6493152992634573E+017  ,    1.0069934323557967     
   4.6517830887004333E+017  ,    1.0069860744367887     
   4.6542508781374099E+017  ,    1.0069787280933438     
   4.6567186675743859E+017  ,    1.0069713933012570     
   4.6591864570113626E+017  ,    1.0069640700363847     
   4.6616542464483392E+017  ,    1.0069567582746466     
   4.6641220358853146E+017  ,    1.0069494579920257     
   4.6665898253222906E+017  ,    1.0069421691645666     
   4.6690576147592672E+017  ,    1.0069348917683780     
   4.6715254041962438E+017  ,    1.0069276257796282     
   4.6739931936332205E+017  ,    1.0069203711745489     
   4.6764609830701971E+017  ,    1.0069131279294332     
   4.6789287725071731E+017  ,    1.0069058960206352     
   4.6813965619441491E+017  ,    1.0068986754245717     
   4.6838643513811251E+017  ,    1.0068914661177195     
   4.6863321408181024E+017  ,    1.0068842680766168     
   4.6887999302550784E+017  ,    1.0068770812778620     
   4.6912677196920550E+017  ,    1.0068699056981154     
   4.6937355091290310E+017  ,    1.0068627413140960     
   4.6962032985660083E+017  ,    1.0068555881025838     
   4.6986710880029843E+017  ,    1.0068484460404197     
   4.7011388774399603E+017  ,    1.0068413151045021     
   4.7036066668769363E+017  ,    1.0068341952717923     
   4.7060744563139130E+017  ,    1.0068270865193081     
   4.7085422457508896E+017  ,    1.0068199888241278     
   4.7110100351878662E+017  ,    1.0068129021633891     
   4.7134778246248429E+017  ,    1.0068058265142887     
   4.7159456140618182E+017  ,    1.0067987618540806     
   4.7184134034987942E+017  ,    1.0067917081600783     
   4.7208811929357709E+017  ,    1.0067846654096555     
   4.7233489823727475E+017  ,    1.0067776335802407     
   4.7258167718097235E+017  ,    1.0067706126493221     
   4.7282845612467002E+017  ,    1.0067636025944462     
   4.7307523506836762E+017  ,    1.0067566033932160     
   4.7332201401206534E+017  ,    1.0067496150232942     
   4.7356879295576294E+017  ,    1.0067426374623971     
   4.7381557189946054E+017  ,    1.0067356706883013     
   4.7406235084315821E+017  ,    1.0067287146788393     
   4.7430912978685581E+017  ,    1.0067217694119004     
   4.7455590873055354E+017  ,    1.0067148348654300     
   4.7480268767425114E+017  ,    1.0067079110174304     
   4.7504946661794880E+017  ,    1.0067009978459613     
   4.7529624556164640E+017  ,    1.0066940953291361     
   4.7554302450534394E+017  ,    1.0066872034451255     
   4.7578980344904166E+017  ,    1.0066803221721561     
   4.7603658239273933E+017  ,    1.0066734514885096     
   4.7628336133643686E+017  ,    1.0066665913725239     
   4.7653014028013453E+017  ,    1.0066597418025907     
   4.7677691922383219E+017  ,    1.0066529027571578     
   4.7702369816752986E+017  ,    1.0066460742147276     
   4.7727047711122746E+017  ,    1.0066392561538577     
   4.7751725605492506E+017  ,    1.0066324485531590     
   4.7776403499862272E+017  ,    1.0066256513912986     
   4.7801081394232038E+017  ,    1.0066188646469969     
   4.7825759288601805E+017  ,    1.0066120882990273     
   4.7850437182971565E+017  ,    1.0066053223262190     
   4.7875115077341331E+017  ,    1.0065985667074540     
   4.7899792971711091E+017  ,    1.0065918214216678     
   4.7924470866080858E+017  ,    1.0065850864478492     
   4.7949148760450618E+017  ,    1.0065783617650406     
   4.7973826654820384E+017  ,    1.0065716473523383     
   4.7998504549190144E+017  ,    1.0065649431888899     
   4.8023182443559910E+017  ,    1.0065582492538967     
   4.8047860337929677E+017  ,    1.0065515655266122     
   4.8072538232299443E+017  ,    1.0065448919863427     
   4.8097216126669197E+017  ,    1.0065382286124462     
   4.8121894021038957E+017  ,    1.0065315753843349     
   4.8146571915408730E+017  ,    1.0065249322814691     
   4.8171249809778490E+017  ,    1.0065182992833643     
   4.8195927704148256E+017  ,    1.0065116763695874     
   4.8220605598518016E+017  ,    1.0065050635197543     
   4.8245283492887782E+017  ,    1.0064984607135354     
   4.8269961387257542E+017  ,    1.0064918679306494     
   4.8294639281627309E+017  ,    1.0064852851508679     
   4.8319317175997069E+017  ,    1.0064787123540133     
   4.8343995070366835E+017  ,    1.0064721495199587     
   4.8368672964736595E+017  ,    1.0064655966286262     
   4.8393350859106368E+017  ,    1.0064590536599909     
   4.8418028753476128E+017  ,    1.0064525205940749     
   4.8442706647845894E+017  ,    1.0064459974109545     
   4.8467384542215654E+017  ,    1.0064394840907531     
   4.8492062436585414E+017  ,    1.0064329806136441     
   4.8516740330955187E+017  ,    1.0064264869598518     
   4.8541418225324947E+017  ,    1.0064200031096489     
   4.8566096119694714E+017  ,    1.0064135290433582     
   4.8590774014064474E+017  ,    1.0064070647413514     
   4.8615451908434234E+017  ,    1.0064006101840492     
   4.8640129802803994E+017  ,    1.0063941653519219     
   4.8664807697173760E+017  ,    1.0063877302254876     
   4.8689485591543520E+017  ,    1.0063813047853134     
   4.8714163485913286E+017  ,    1.0063748890120157     
   4.8738841380283053E+017  ,    1.0063684828862582     
   4.8763519274652819E+017  ,    1.0063620863887530     
   4.8788197169022579E+017  ,    1.0063556995002605     
   4.8812875063392346E+017  ,    1.0063493222015891     
   4.8837552957762106E+017  ,    1.0063429544735949     
   4.8862230852131872E+017  ,    1.0063365962971815     
   4.8886908746501638E+017  ,    1.0063302476533005     
   4.8911586640871398E+017  ,    1.0063239085229494     
   4.8936264535241165E+017  ,    1.0063175788871750     
   4.8960942429610925E+017  ,    1.0063112587270699     
   4.8985620323980698E+017  ,    1.0063049480237733     
   4.9010298218350451E+017  ,    1.0062986467584725     
   4.9034976112720218E+017  ,    1.0062923549124001     
   4.9059654007089971E+017  ,    1.0062860724668365     
   4.9084331901459738E+017  ,    1.0062797994031074     
   4.9109009795829510E+017  ,    1.0062735357025852     
   4.9133687690199270E+017  ,    1.0062672813466882     
   4.9158365584569037E+017  ,    1.0062610363168802     
   4.9183043478938790E+017  ,    1.0062548005946732     
   4.9207721373308557E+017  ,    1.0062485741616212     
   4.9232399267678323E+017  ,    1.0062423569993268     
   4.9257077162048090E+017  ,    1.0062361490894374     
   4.9281755056417850E+017  ,    1.0062299504136438     
   4.9306432950787616E+017  ,    1.0062237609536844     
   4.9331110845157382E+017  ,    1.0062175806913418     
   4.9355788739527149E+017  ,    1.0062114096084422     
