   0.0000000000000000       ,    170.33510000000001     
   246778943697635.72       ,    85.527479163155348     
   493557887395271.44       ,    42.433593450823651     
   740336831092907.12       ,    25.370953711695687     
   987115774790542.88       ,    17.700982859046238     
   1233894718488178.5       ,    13.697211019879271     
   1480673662185814.2       ,    11.353915302685030     
   1727452605883449.8       ,    9.8592551774057213     
   1974231549581085.8       ,    8.8398101065385486     
   2221010493278721.5       ,    8.1057567271002089     
   2467789436976357.0       ,    7.5528061649533846     
   2714568380673993.0       ,    7.1200361829773424     
   2961347324371628.5       ,    6.7700532540517395     
   3208126268069264.5       ,    6.4789535924439496     
   3454905211766899.5       ,    6.2309289947943745     
   3701684155464535.5       ,    6.0152196982479742     
   3948463099162171.5       ,    5.8243185521418352     
   4195242042859807.5       ,    5.6528734794359847     
   4442020986557443.0       ,    5.4969952406286913     
   4688799930255079.0       ,    5.3538086454007896     
   4935578873952714.0       ,    5.2211544734851030     
   5182357817650351.0       ,    5.0973872287282962     
   5429136761347986.0       ,    4.9812353091661876     
   5675915705045621.0       ,    4.8717027114736400     
   5922694648743257.0       ,    4.7679989127173732     
   6169473592440893.0       ,    4.6694882016918831     
   6416252536138529.0       ,    4.5756526451289767     
   6663031479836163.0       ,    4.4860647454838052     
   6909810423533799.0       ,    4.4003670725348298     
   7156589367231436.0       ,    4.3182569679955236     
   7403368310929071.0       ,    4.2394749759773926     
   7650147254626707.0       ,    4.1637960330928676     
   7896926198324343.0       ,    4.0910227178058385     
   8143705142021978.0       ,    4.0209800465125705     
   8390484085719615.0       ,    3.9535114381757301     
   8637263029417251.0       ,    3.8884755664079385     
   8884041973114886.0       ,    3.8257438887091531     
   9130820916812522.0       ,    3.7651986946452198     
   9377599860510158.0       ,    3.7067315533494507     
   9624378804207792.0       ,    3.6502420695151092     
   9871157747905428.0       ,    3.5956368786400330     
   10117936691603062.       ,    3.5428288285633323     
   10364715635300702.       ,    3.4917363066597771     
   10611494578998336.       ,    3.4422826814256204     
   10858273522695972.       ,    3.3943958343333378     
   11105052466393608.       ,    3.3480077632962741     
   11351831410091242.       ,    3.3030542432733112     
   11598610353788878.       ,    3.2594745327629568     
   11845389297486514.       ,    3.2172111174154558     
   12092168241184150.       ,    3.1762094839041843     
   12338947184881786.       ,    3.1364179186759311     
   12585726128579420.       ,    3.0977873273441201     
   12832505072277058.       ,    3.0602710713764996     
   13079284015974692.       ,    3.0238248194181905     
   13326062959672326.       ,    2.9884064111273210     
   13572841903369964.       ,    2.9539757318186659     
   13819620847067598.       ,    2.9204945965372673     
   14066399790765236.       ,    2.8879266424397718     
   14313178734462872.       ,    2.8562372285619517     
   14559957678160508.       ,    2.8253933422089488     
   14806736621858142.       ,    2.7953635113296378     
   15053515565555778.       ,    2.7661177223356197     
   15300294509253414.       ,    2.7376273429043172     
   15547073452951048.       ,    2.7098650493689376     
   15793852396648686.       ,    2.6828047583491470     
   16040631340346322.       ,    2.6564215623177310     
   16287410284043956.       ,    2.6306916688325277     
   16534189227741592.       ,    2.6055923431908936     
   16780968171439230.       ,    2.5811018542874256     
   17027747115136864.       ,    2.5571994234753217     
   17274526058834502.       ,    2.5338651762485509     
   17521305002532136.       ,    2.5110800965764644     
   17768083946229772.       ,    2.4888259837350128     
   18014862889927408.       ,    2.4670854114898142     
   18261641833625044.       ,    2.4458416894960902     
   18508420777322676.       ,    2.4250788267893397     
   18755199721020316.       ,    2.4047814972484982     
   19001978664717952.       ,    2.3849350069206507     
   19248757608415584.       ,    2.3655252631029451     
   19495536552113224.       ,    2.3465387450835511     
   19742315495810856.       ,    2.3279624764491267     
   19989094439508492.       ,    2.3097839988716058     
   20235873383206124.       ,    2.2919913472920421     
   20482652326903768.       ,    2.2745730264238784     
   20729431270601404.       ,    2.2575179885023759     
   20976210214299032.       ,    2.2408156122110201     
   21222989157996672.       ,    2.2244556827196060     
   21469768101694304.       ,    2.2084283727723180     
   21716547045391944.       ,    2.1927242247675731     
   21963325989089580.       ,    2.1773341337746430     
   22210104932787216.       ,    2.1622493314351456     
   22456883876484848.       ,    2.1474613707003773     
   22703662820182484.       ,    2.1329621113582227     
   22950441763880124.       ,    2.1187437063059678     
   23197220707577756.       ,    2.1047985885277760     
   23443999651275396.       ,    2.0911194587379347     
   23690778594973028.       ,    2.0776992736531437     
   23937557538670660.       ,    2.0645312348592020     
   24184336482368300.       ,    2.0516087782394044     
   24431115426065936.       ,    2.0389255639338146     
   24677894369763572.       ,    2.0264754668002953     
   24924673313461208.       ,    2.0142525673498799     
   25171452257158840.       ,    2.0022511431305730     
   25418231200856472.       ,    1.9904656605351743     
   25665010144554116.       ,    1.9788907670100782     
   25911789088251748.       ,    1.9675212836433422     
   26158568031949384.       ,    1.9563521981115144     
   26405346975647024.       ,    1.9453786579659076     
   26652125919344652.       ,    1.9345959642400856     
   26898904863042292.       ,    1.9239995653613664     
   27145683806739928.       ,    1.9135850513501302     
   27392462750437564.       ,    1.9033481482916272     
   27639241694135196.       ,    1.8932847130658597     
   27886020637832840.       ,    1.8833907283219178     
   28132799581530472.       ,    1.8736622976839306     
   28379578525228104.       ,    1.8640956411765095     
   28626357468925744.       ,    1.8546870908582425     
   28873136412623376.       ,    1.8454330866524569     
   29119915356321016.       ,    1.8363301723650547     
   29366694300018652.       ,    1.8273749918798019     
   29613473243716284.       ,    1.8185642855220094     
   29860252187413920.       ,    1.8098948865820101     
   30107031131111556.       ,    1.8013637179903585     
   30353810074809196.       ,    1.7929677891370936     
   30600589018506828.       ,    1.7847041928278509     
   30847367962204468.       ,    1.7765701023699922     
   31094146905902096.       ,    1.7685627687823129     
   31340925849599732.       ,    1.7606795181222226     
   31587704793297372.       ,    1.7529177489246490     
   31834483736995008.       ,    1.7452749297472068     
   32081262680692644.       ,    1.7377485968164827     
   32328041624390276.       ,    1.7303363517705681     
   32574820568087912.       ,    1.7230358594932209     
   32821599511785544.       ,    1.7158448460352942     
   33068378455483184.       ,    1.7087610966193101     
   33315157399180820.       ,    1.7017824537232551     
   33561936342878460.       ,    1.6949068152399009     
   33808715286576096.       ,    1.6881321327081411     
   34055494230273728.       ,    1.6814564096130222     
   34302273173971364.       ,    1.6748776997513106     
   34549052117669004.       ,    1.6683941056596223     
   34795831061366640.       ,    1.6620037771022709     
   35042610005064272.       ,    1.6557049096161520     
   35289388948761908.       ,    1.6494957431101240     
   35536167892459544.       ,    1.6433745605164538     
   35782946836157176.       ,    1.6373396864920389     
   36029725779854816.       ,    1.6313894861672278     
   36276504723552456.       ,    1.6255223639401652     
   36523283667250088.       ,    1.6197367623146954     
   36770062610947720.       ,    1.6140311607799533     
   37016841554645352.       ,    1.6084040747298722     
   37263620498342992.       ,    1.6028540544209124     
   37510399442040632.       ,    1.5973796839664016     
   37757178385738264.       ,    1.5919795803659684     
   38003957329435904.       ,    1.5866523925686047     
   38250736273133536.       ,    1.5813968005679675     
   38497515216831168.       ,    1.5762115145286175     
   38744294160528800.       ,    1.5710952739419162     
   38991073104226448.       ,    1.5660468468104045     
   39237852047924080.       ,    1.5610650288595034     
   39484630991621712.       ,    1.5561486427754589     
   39731409935319344.       ,    1.5512965374684939     
   39978188879016984.       ,    1.5465075873601679     
   40224967822714624.       ,    1.5417806916940093     
   40471746766412248.       ,    1.5371147738685111     
   40718525710109896.       ,    1.5325087807916347     
   40965304653807536.       ,    1.5279616822559943     
   41212083597505160.       ,    1.5234724703339360     
   41458862541202808.       ,    1.5190401587917646     
   41705641484900432.       ,    1.5146637825223987     
   41952420428598064.       ,    1.5103423969957592     
   42199199372295704.       ,    1.5060750777262517     
   42445978315993344.       ,    1.5018609197566946     
   42692757259690976.       ,    1.4976990371581063     
   42939536203388608.       ,    1.4935885625447696     
   43186315147086256.       ,    1.4895286466040187     
   43433094090783888.       ,    1.4855184576402314     
   43679873034481520.       ,    1.4815571811325061     
   43926651978179160.       ,    1.4776440193055516     
   44173430921876792.       ,    1.4737781907133150     
   44420209865574432.       ,    1.4699589298349118     
   44666988809272064.       ,    1.4661854866824149     
   44913767752969696.       ,    1.4624571264201156     
   45160546696667336.       ,    1.4587731289948365     
   45407325640364968.       ,    1.4551327887769376     
   45654104584062600.       ,    1.4515354142116463     
   45900883527760248.       ,    1.4479803274803627     
   46147662471457880.       ,    1.4444668641715983     
   46394441415155512.       ,    1.4409943729612467     
   46641220358853152.       ,    1.4375622153018499     
   46887999302550792.       ,    1.4341697651205851     
   47134778246248424.       ,    1.4308164085256772     
   47381557189946056.       ,    1.4275015435209566     
   47628336133643696.       ,    1.4242245797283104     
   47875115077341320.       ,    1.4209849381177613     
   48121894021038960.       ,    1.4177820507449361     
   48368672964736600.       ,    1.4146153604956826     
   48615451908434232.       ,    1.4114843208376135     
   48862230852131872.       ,    1.4083883955783527     
   49109009795829504.       ,    1.4053270586302784     
   49355788739527144.       ,    1.4022997937815544     
   49602567683224784.       ,    1.3993060944732609     
   49849346626922416.       ,    1.3963454635824284     
   50096125570620048.       ,    1.3934174132107988     
   50342904514317680.       ,    1.3905214644791339     
   50589683458015320.       ,    1.3876571473269088     
   50836462401712944.       ,    1.3848240003172156     
   51083241345410592.       ,    1.3820215704467296     
   51330020289108232.       ,    1.3792494129605868     
   51576799232805856.       ,    1.3765070911720141     
   51823578176503496.       ,    1.3737941762865837     
   52070357120201144.       ,    1.3711102472309509     
   52317136063898768.       ,    1.3684548904859328     
   52563915007596408.       ,    1.3658276999238195     
   52810693951294048.       ,    1.3632282766497810     
   53057472894991680.       ,    1.3606562288472452     
   53304251838689304.       ,    1.3581111716271543     
   53551030782386944.       ,    1.3555927268809609     
   53797809726084584.       ,    1.3531005231372770     
   54044588669782216.       ,    1.3506341954220595     
   54291367613479856.       ,    1.3481933851222416     
   54538146557177496.       ,    1.3457777398526951     
   54784925500875128.       ,    1.3433869133264551     
   55031704444572768.       ,    1.3410205652280904     
   55278483388270392.       ,    1.3386783610901485     
   55525262331968040.       ,    1.3363599721725805     
   55772041275665680.       ,    1.3340650753450694     
   56018820219363296.       ,    1.3317933529721739     
   56265599163060944.       ,    1.3295444928012190     
   56512378106758576.       ,    1.3273181878528513     
   56759157050456208.       ,    1.3251141363141901     
   57005935994153848.       ,    1.3229320414345009     
   57252714937851488.       ,    1.3207716114233239     
   57499493881549120.       ,    1.3186325593509953     
   57746272825246752.       ,    1.3165146030514898     
   57993051768944392.       ,    1.3144174650275251     
   58239830712642032.       ,    1.3123408723578718     
   58486609656339664.       ,    1.3102845566068064     
   58733388600037304.       ,    1.3082482537356495     
   58980167543734928.       ,    1.3062317040163367     
   59226946487432568.       ,    1.3042346519469672     
   59473725431130208.       ,    1.3022568461692812     
   59720504374827840.       ,    1.3002980393880115     
   59967283318525480.       ,    1.2983579882920644     
   60214062262223112.       ,    1.2964364534774788     
   60460841205920744.       ,    1.2945331993721203     
   60707620149618392.       ,    1.2926479941620652     
   60954399093316024.       ,    1.2907806097196335     
   61201178037013656.       ,    1.2889308215330200     
   61447956980711296.       ,    1.2870984086374933     
   61694735924408936.       ,    1.2852831535481177     
   61941514868106552.       ,    1.2834848421939609     
   62188293811804192.       ,    1.2817032638537476     
   62435072755501840.       ,    1.2799382110929252     
   62681851699199464.       ,    1.2781894797021083     
   62928630642897104.       ,    1.2764568686368596     
   63175409586594744.       ,    1.2747401799587836     
   63422188530292376.       ,    1.2730392187778963     
   63668967473990016.       ,    1.2713537931962366     
   63915746417687648.       ,    1.2696837142526911     
   64162525361385288.       ,    1.2680287958690084     
   64409304305082928.       ,    1.2663888547969626     
   64656083248780552.       ,    1.2647637105666458     
   64902862192478192.       ,    1.2631531854358609     
   65149641136175824.       ,    1.2615571043405860     
   65396420079873464.       ,    1.2599752948464862     
   65643199023571088.       ,    1.2584075871014473     
   65889977967268736.       ,    1.2568538137891068     
   66136756910966368.       ,    1.2553138100833585     
   66383535854664000.       ,    1.2537874136038050     
   66630314798361640.       ,    1.2522744643721408     
   66877093742059288.       ,    1.2507748047694378     
   67123872685756920.       ,    1.2492882794943221     
   67370651629454552.       ,    1.2478147355220000     
   67617430573152192.       ,    1.2463540220641423     
   67864209516849808.       ,    1.2449059905295841     
   68110988460547456.       ,    1.2434704944858266     
   68357767404245088.       ,    1.2420473896213315     
   68604546347942728.       ,    1.2406365337085745     
   68851325291640360.       ,    1.2392377865678548     
   69098104235338008.       ,    1.2378510100318303     
   69344883179035632.       ,    1.2364760679107749     
   69591662122733280.       ,    1.2351128259585293     
   69838441066430912.       ,    1.2337611518391343     
   70085220010128544.       ,    1.2324209150941363     
   70331998953826184.       ,    1.2310919871105377     
   70578777897523816.       ,    1.2297742410893944     
   70825556841221448.       ,    1.2284675520150219     
   71072335784919088.       ,    1.2271717966248235     
   71319114728616720.       ,    1.2258868533797083     
   71565893672314352.       ,    1.2246126024350878     
   71812672616011984.       ,    1.2233489256124455     
   72059451559709632.       ,    1.2220957063714624     
   72306230503407264.       ,    1.2208528297826822     
   72553009447104912.       ,    1.2196201825007107     
   72799788390802544.       ,    1.2183976527379381     
   73046567334500176.       ,    1.2171851302387615     
   73293346278197808.       ,    1.2159825062543130     
   73540125221895440.       ,    1.2147896735176664     
   73786904165593072.       ,    1.2136065262195279     
   74033683109290704.       ,    1.2124329599843835     
   74280462052988352.       ,    1.2112688718471074     
   74527240996685984.       ,    1.2101141602300114     
   74774019940383616.       ,    1.2089687249203334     
   75020798884081264.       ,    1.2078324670481502     
   75267577827778880.       ,    1.2067052890647059     
   75514356771476528.       ,    1.2055870947211518     
   75761135715174160.       ,    1.2044777890476828     
   76007914658871808.       ,    1.2033772783330621     
   76254693602569440.       ,    1.2022854701045376     
   76501472546267072.       ,    1.2012022731081193     
   76748251489964704.       ,    1.2001275972892349     
   76995030433662336.       ,    1.1990613537737367     
   77241809377359968.       ,    1.1980034548492611     
   77488588321057600.       ,    1.1969538139469342     
   77735367264755264.       ,    1.1959123456234095     
   77982146208452896.       ,    1.1948789655432406     
   78228925152150528.       ,    1.1938535904615686     
   78475704095848160.       ,    1.1928361382071329     
   78722483039545792.       ,    1.1918265276655884     
   78969261983243424.       ,    1.1908246787631205     
   79216040926941056.       ,    1.1898305124503663     
   79462819870638688.       ,    1.1888439506866180     
   79709598814336336.       ,    1.1878649164243136     
   79956377758033968.       ,    1.1868933335938090     
   80203156701731600.       ,    1.1859291270884165     
   80449935645429248.       ,    1.1849722227497173     
   80696714589126880.       ,    1.1840225473531298     
   80943493532824496.       ,    1.1830800285937422     
   81190272476522144.       ,    1.1821445950723859     
   81437051420219792.       ,    1.1812161762819666     
   81683830363917424.       ,    1.1802947025940269     
   81930609307615072.       ,    1.1793801052455526     
   82177388251312688.       ,    1.1784723163260065     
   82424167195010320.       ,    1.1775712687645883     
   82670946138707952.       ,    1.1766768963177230     
   82917725082405616.       ,    1.1757891335567618     
   83164504026103248.       ,    1.1749079158558966     
   83411282969800864.       ,    1.1740331793802896     
   83658061913498512.       ,    1.1731648610744017     
   83904840857196128.       ,    1.1723028986505255     
   84151619800893776.       ,    1.1714472305775168     
   84398398744591408.       ,    1.1705977960697169     
   84645177688289056.       ,    1.1697545350760661     
   84891956631986688.       ,    1.1689173882693997     
   85138735575684336.       ,    1.1680862970359369     
   85385514519381952.       ,    1.1672612034649341     
   85632293463079600.       ,    1.1664420503385224     
   85879072406777216.       ,    1.1656287811217165     
   86125851350474864.       ,    1.1648213399525897     
   86372630294172512.       ,    1.1640196716326181     
   86619409237870144.       ,    1.1632237216171788     
   86866188181567776.       ,    1.1624334360062174     
   87112967125265392.       ,    1.1616487615350675     
   87359746068963040.       ,    1.1608696455654186     
   87606525012660672.       ,    1.1600960360764418     
   87853303956358320.       ,    1.1593278816560570     
   88100082900055952.       ,    1.1585651314923493     
   88346861843753584.       ,    1.1578077353651208     
   88593640787451216.       ,    1.1570556436375907     
   88840419731148864.       ,    1.1563088072482219     
   89087198674846496.       ,    1.1555671777026897     
   89333977618544128.       ,    1.1548307070659742     
   89580756562241760.       ,    1.1540993479545911     
   89827535505939392.       ,    1.1533730535289410     
   90074314449637040.       ,    1.1526517774857852     
   90321093393334672.       ,    1.1519354740508450     
   90567872337032320.       ,    1.1512240979715189     
   90814651280729936.       ,    1.1505176045097203     
   91061430224427584.       ,    1.1498159494348235     
   91308209168125200.       ,    1.1491190890167324     
   91554988111822848.       ,    1.1484269800190512     
   91801767055520496.       ,    1.1477395796923706     
   92048545999218112.       ,    1.1470568457676575     
   92295324942915760.       ,    1.1463787364497511     
   92542103886613392.       ,    1.1457052104109633     
   92788882830311024.       ,    1.1450362267847756     
   93035661774008640.       ,    1.1443717451596429     
   93282440717706304.       ,    1.1437117255728888     
   93529219661403936.       ,    1.1430561285046998     
   93775998605101584.       ,    1.1424049148722115     
   94022777548799216.       ,    1.1417580460236911     
   94269556492496848.       ,    1.1411154837328064     
   94516335436194464.       ,    1.1404771901929855     
   94763114379892112.       ,    1.1398431280118670     
   95009893323589744.       ,    1.1392132602058325     
   95256672267287392.       ,    1.1385875501946234     
   95503451210985040.       ,    1.1379659617960440     
   95750230154682640.       ,    1.1373484592207466     
   95997009098380288.       ,    1.1367350070670887     
   96243788042077920.       ,    1.1361255703160815     
   96490566985775568.       ,    1.1355201143264033     
   96737345929473200.       ,    1.1349186048294990     
   96984124873170864.       ,    1.1343210079247485     
   97230903816868464.       ,    1.1337272900747080     
   97477682760566112.       ,    1.1331374181004292     
   97724461704263744.       ,    1.1325513591768410     
   97971240647961376.       ,    1.1319690808282088     
   98218019591659008.       ,    1.1313905509236579     
   98464798535356640.       ,    1.1308157376727617     
   98711577479054288.       ,    1.1302446096212035     
   98958356422751920.       ,    1.1296771356464967     
   99205135366449568.       ,    1.1291132849537702     
   99451914310147184.       ,    1.1285530270716200     
   99698693253844832.       ,    1.1279963318480171     
   99945472197542464.       ,    1.1274431694462801     
   1.0019225114124010E+017  ,    1.1268935103411026     
   1.0043903008493774E+017  ,    1.1263473253146496     
   1.0068580902863536E+017  ,    1.1258045854526981     
   1.0093258797233301E+017  ,    1.1252652621408425     
   1.0117936691603064E+017  ,    1.1247293270607543     
   1.0142614585972829E+017  ,    1.1241967521864951     
   1.0167292480342589E+017  ,    1.1236675097808848     
   1.0191970374712354E+017  ,    1.1231415723919220     
   1.0216648269082118E+017  ,    1.1226189128492570     
   1.0241326163451883E+017  ,    1.1220995042607143     
   1.0266004057821646E+017  ,    1.1215833200088681     
   1.0290681952191411E+017  ,    1.1210703337476646     
   1.0315359846561171E+017  ,    1.1205605193990955     
   1.0340037740930934E+017  ,    1.1200538511499163     
   1.0364715635300699E+017  ,    1.1195503034484133     
   1.0389393529670464E+017  ,    1.1190498510012197     
   1.0414071424040229E+017  ,    1.1185524687701704     
   1.0438749318409990E+017  ,    1.1180581319692096     
   1.0463427212779754E+017  ,    1.1175668160613346     
   1.0488105107149517E+017  ,    1.1170784967555891     
   1.0512783001519282E+017  ,    1.1165931500040969     
   1.0537460895889045E+017  ,    1.1161107519991358     
   1.0562138790258810E+017  ,    1.1156312791702556     
   1.0586816684628573E+017  ,    1.1151547081814346     
   1.0611494578998336E+017  ,    1.1146810159282776     
   1.0636172473368099E+017  ,    1.1142101795352515     
   1.0660850367737861E+017  ,    1.1137421763529618     
   1.0685528262107626E+017  ,    1.1132769839554646     
   1.0710206156477389E+017  ,    1.1128145801376172     
   1.0734884050847155E+017  ,    1.1123549429124657     
   1.0759561945216917E+017  ,    1.1118980505086697     
   1.0784239839586682E+017  ,    1.1114438813679588     
   1.0808917733956443E+017  ,    1.1109924141426299     
   1.0833595628326208E+017  ,    1.1105436276930760     
   1.0858273522695971E+017  ,    1.1100975010853456     
   1.0882951417065736E+017  ,    1.1096540135887440     
   1.0907629311435499E+017  ,    1.1092131446734594     
   1.0932307205805261E+017  ,    1.1087748740082226     
   1.0956985100175026E+017  ,    1.1083391814580081     
   1.0981662994544789E+017  ,    1.1079060470817501     
   1.1006340888914554E+017  ,    1.1074754511301041     
   1.1031018783284317E+017  ,    1.1070473740432312     
   1.1055696677654078E+017  ,    1.1066217964486156     
   1.1080374572023843E+017  ,    1.1061986991589070     
   1.1105052466393608E+017  ,    1.1057780631698007     
   1.1129730360763371E+017  ,    1.1053598696579352     
   1.1154408255133136E+017  ,    1.1049440999788285     
   1.1179086149502898E+017  ,    1.1045307356648344     
   1.1203764043872659E+017  ,    1.1041197584231293     
   1.1228441938242424E+017  ,    1.1037111501337267     
   1.1253119832612189E+017  ,    1.1033048928475158     
   1.1277797726981954E+017  ,    1.1029009687843285     
   1.1302475621351715E+017  ,    1.1024993603310291     
   1.1327153515721480E+017  ,    1.1021000500396314     
   1.1351831410091242E+017  ,    1.1017030206254430     
   1.1376509304461006E+017  ,    1.1013082549652271     
   1.1401187198830770E+017  ,    1.1009157360953954     
   1.1425865093200534E+017  ,    1.1005254472102224     
   1.1450542987570298E+017  ,    1.1001373716600806     
   1.1475220881940062E+017  ,    1.0997514929497025     
   1.1499898776309824E+017  ,    1.0993677947364633     
   1.1524576670679586E+017  ,    1.0989862608286873     
   1.1549254565049350E+017  ,    1.0986068751839726     
   1.1573932459419114E+017  ,    1.0982296219075438     
   1.1598610353788878E+017  ,    1.0978544852506205     
   1.1623288248158643E+017  ,    1.0974814496088088     
   1.1647966142528406E+017  ,    1.0971104995205154     
   1.1672644036898168E+017  ,    1.0967416196653781     
   1.1697321931267933E+017  ,    1.0963747948627209     
   1.1721999825637696E+017  ,    1.0960100100700263     
   1.1746677720007461E+017  ,    1.0956472503814243     
   1.1771355614377224E+017  ,    1.0952865010262109     
   1.1796033508746986E+017  ,    1.0949277473673715     
   1.1820711403116750E+017  ,    1.0945709749001356     
   1.1845389297486514E+017  ,    1.0942161692505403     
   1.1870067191856278E+017  ,    1.0938633161740192     
   1.1894745086226042E+017  ,    1.0935124015540054     
   1.1919422980595805E+017  ,    1.0931634114005520     
   1.1944100874965568E+017  ,    1.0928163318489710     
   1.1968778769335333E+017  ,    1.0924711491584906     
   1.1993456663705096E+017  ,    1.0921278497109259     
   1.2018134558074861E+017  ,    1.0917864200093705     
   1.2042812452444622E+017  ,    1.0914468466769003     
   1.2067490346814386E+017  ,    1.0911091164552973     
   1.2092168241184149E+017  ,    1.0907732162037853     
   1.2116846135553914E+017  ,    1.0904391328977863     
   1.2141524029923678E+017  ,    1.0901068536276859     
   1.2166201924293440E+017  ,    1.0897763655976218     
   1.2190879818663205E+017  ,    1.0894476561242805     
   1.2215557713032968E+017  ,    1.0891207126357108     
   1.2240235607402731E+017  ,    1.0887955226701547     
   1.2264913501772493E+017  ,    1.0884720738748914     
   1.2289591396142259E+017  ,    1.0881503540050899     
   1.2314269290512022E+017  ,    1.0878303509226865     
   1.2338947184881787E+017  ,    1.0875120525952651     
   1.2363625079251550E+017  ,    1.0871954470949587     
   1.2388302973621310E+017  ,    1.0868805225973617     
   1.2412980867991075E+017  ,    1.0865672673804545     
   1.2437658762360838E+017  ,    1.0862556698235415     
   1.2462336656730603E+017  ,    1.0859457184062031     
   1.2487014551100368E+017  ,    1.0856374017072608     
   1.2511692445470133E+017  ,    1.0853307084037533     
   1.2536370339839893E+017  ,    1.0850256272699237     
   1.2561048234209658E+017  ,    1.0847221471762236     
   1.2585726128579421E+017  ,    1.0844202570883228     
   1.2610404022949186E+017  ,    1.0841199460661384     
   1.2635081917318949E+017  ,    1.0838212032628665     
   1.2659759811688712E+017  ,    1.0835240179240342     
   1.2684437706058475E+017  ,    1.0832283793865596     
   1.2709115600428238E+017  ,    1.0829342770778174     
   1.2733793494798003E+017  ,    1.0826417005147262     
   1.2758471389167766E+017  ,    1.0823506393028377     
   1.2783149283537530E+017  ,    1.0820610831354425     
   1.2807827177907293E+017  ,    1.0817730217926813     
   1.2832505072277058E+017  ,    1.0814864451406718     
   1.2857182966646821E+017  ,    1.0812013431306426     
   1.2881860861016586E+017  ,    1.0809177057980766     
   1.2906538755386347E+017  ,    1.0806355232618690     
   1.2931216649756110E+017  ,    1.0803547857234896     
   1.2955894544125875E+017  ,    1.0800754834661579     
   1.2980572438495638E+017  ,    1.0797976068540287     
   1.3005250332865403E+017  ,    1.0795211463313850     
   1.3029928227235165E+017  ,    1.0792460924218392     
   1.3054606121604930E+017  ,    1.0789724357275490     
   1.3079284015974693E+017  ,    1.0787001669284375     
   1.3103961910344458E+017  ,    1.0784292767814234     
   1.3128639804714218E+017  ,    1.0781597561196592     
   1.3153317699083982E+017  ,    1.0778915958517818     
   1.3177995593453747E+017  ,    1.0776247869611697     
   1.3202673487823514E+017  ,    1.0773593205052034     
   1.3227351382193274E+017  ,    1.0770951876145483     
   1.3252029276563037E+017  ,    1.0768323794924259     
   1.3276707170932800E+017  ,    1.0765708874139133     
   1.3301385065302563E+017  ,    1.0763107027252377     
   1.3326062959672328E+017  ,    1.0760518168430826     
   1.3350740854042091E+017  ,    1.0757942212539033     
   1.3375418748411858E+017  ,    1.0755379075132474     
   1.3400096642781621E+017  ,    1.0752828672450885     
   1.3424774537151384E+017  ,    1.0750290921411589     
   1.3449452431521144E+017  ,    1.0747765739602975     
   1.3474130325890910E+017  ,    1.0745253045278007     
   1.3498808220260674E+017  ,    1.0742752757347831     
   1.3523486114630438E+017  ,    1.0740264795375436     
   1.3548164009000202E+017  ,    1.0737789079569389     
   1.3572841903369962E+017  ,    1.0735325530777666     
   1.3597519797739728E+017  ,    1.0732874070481502     
   1.3622197692109491E+017  ,    1.0730434620789346     
   1.3646875586479254E+017  ,    1.0728007104430903     
   1.3671553480849018E+017  ,    1.0725591444751164     
   1.3696231375218784E+017  ,    1.0723187565704602     
   1.3720909269588546E+017  ,    1.0720795391849354     
   1.3745587163958309E+017  ,    1.0718414848341509     
   1.3770265058328072E+017  ,    1.0716045860929451     
   1.3794942952697835E+017  ,    1.0713688355948243     
   1.3819620847067602E+017  ,    1.0711342260314105     
   1.3844298741437362E+017  ,    1.0709007501518946     
   1.3868976635807126E+017  ,    1.0706684007624929     
   1.3893654530176890E+017  ,    1.0704371707259128     
   1.3918332424546656E+017  ,    1.0702070529608221     
   1.3943010318916416E+017  ,    1.0699780404413270     
   1.3967688213286182E+017  ,    1.0697501261964510     
   1.3992366107655946E+017  ,    1.0695233033096259     
   1.4017044002025709E+017  ,    1.0692975649181802     
   1.4041721896395474E+017  ,    1.0690729042128433     
   1.4066399790765237E+017  ,    1.0688493144372440     
   1.4091077685135000E+017  ,    1.0686267888874232     
   1.4115755579504763E+017  ,    1.0684053209113480     
   1.4140433473874526E+017  ,    1.0681849039084306     
   1.4165111368244290E+017  ,    1.0679655313290550     
   1.4189789262614053E+017  ,    1.0677471966741043     
   1.4214467156983818E+017  ,    1.0675298934944990     
   1.4239145051353581E+017  ,    1.0673136153907363     
   1.4263822945723344E+017  ,    1.0670983560124339     
   1.4288500840093110E+017  ,    1.0668841090578818     
   1.4313178734462870E+017  ,    1.0666708682735953     
   1.4337856628832634E+017  ,    1.0664586274538770     
   1.4362534523202397E+017  ,    1.0662473804403776     
   1.4387212417572162E+017  ,    1.0660371211216686     
   1.4411890311941926E+017  ,    1.0658278434328130     
   1.4436568206311686E+017  ,    1.0656195413549441     
   1.4461246100681453E+017  ,    1.0654122089148477     
   1.4485923995051216E+017  ,    1.0652058401845497     
   1.4510601889420982E+017  ,    1.0650004292809065     
   1.4535279783790746E+017  ,    1.0647959703652010     
   1.4559957678160509E+017  ,    1.0645924576427412     
   1.4584635572530272E+017  ,    1.0643898853624660     
   1.4609313466900035E+017  ,    1.0641882478165516     
   1.4633991361269798E+017  ,    1.0639875393400255     
   1.4658669255639562E+017  ,    1.0637877543103809     
   1.4683347150009325E+017  ,    1.0635888871471966     
   1.4708025044379088E+017  ,    1.0633909323117645     
   1.4732702938748851E+017  ,    1.0631938843067139     
   1.4757380833118614E+017  ,    1.0629977376756454     
   1.4782058727488378E+017  ,    1.0628024870027679     
   1.4806736621858141E+017  ,    1.0626081269125347     
   1.4831414516227907E+017  ,    1.0624146520692892     
   1.4856092410597670E+017  ,    1.0622220571769121     
   1.4880770304967437E+017  ,    1.0620303369784707     
   1.4905448199337197E+017  ,    1.0618394862558735     
   1.4930126093706963E+017  ,    1.0616494998295292     
   1.4954803988076723E+017  ,    1.0614603725580058     
   1.4979481882446486E+017  ,    1.0612720993376970     
   1.5004159776816253E+017  ,    1.0610846751024900     
   1.5028837671186016E+017  ,    1.0608980948234361     
   1.5053515565555776E+017  ,    1.0607123535084275     
   1.5078193459925539E+017  ,    1.0605274462018737     
   1.5102871354295306E+017  ,    1.0603433679843839     
   1.5127549248665069E+017  ,    1.0601601139724506     
   1.5152227143034832E+017  ,    1.0599776793181401     
   1.5176905037404598E+017  ,    1.0597960592087807     
   1.5201582931774362E+017  ,    1.0596152488666586     
   1.5226260826144125E+017  ,    1.0594352435487142     
   1.5250938720513888E+017  ,    1.0592560385462439     
   1.5275616614883651E+017  ,    1.0590776291846002     
   1.5300294509253414E+017  ,    1.0589000108229034     
   1.5324972403623178E+017  ,    1.0587231788537448     
   1.5349650297992941E+017  ,    1.0585471287029045     
   1.5374328192362704E+017  ,    1.0583718558290609     
   1.5399006086732467E+017  ,    1.0581973557235147     
   1.5423683981102234E+017  ,    1.0580236239099041     
   1.5448361875471994E+017  ,    1.0578506559439316     
   1.5473039769841757E+017  ,    1.0576784474130891     
   1.5497717664211520E+017  ,    1.0575069939363870     
   1.5522395558581286E+017  ,    1.0573362911640869     
   1.5547073452951053E+017  ,    1.0571663347774332     
   1.5571751347320813E+017  ,    1.0569971204883939     
   1.5596429241690579E+017  ,    1.0568286440393964     
   1.5621107136060342E+017  ,    1.0566609012030723     
   1.5645785030430106E+017  ,    1.0564938877820009     
   1.5670462924799866E+017  ,    1.0563275996084565     
   1.5695140819169632E+017  ,    1.0561620325441576     
   1.5719818713539392E+017  ,    1.0559971824800209     
   1.5744496607909158E+017  ,    1.0558330453359124     
   1.5769174502278922E+017  ,    1.0556696170604083     
   1.5793852396648685E+017  ,    1.0555068936305512     
   1.5818530291018448E+017  ,    1.0553448710516133     
   1.5843208185388211E+017  ,    1.0551835453568605     
   1.5867886079757978E+017  ,    1.0550229126073167     
   1.5892563974127738E+017  ,    1.0548629688915352     
   1.5917241868497507E+017  ,    1.0547037103253687     
   1.5941919762867267E+017  ,    1.0545451330517388     
   1.5966597657237030E+017  ,    1.0543872332404176     
   1.5991275551606794E+017  ,    1.0542300070877992     
   1.6015953445976557E+017  ,    1.0540734508166825     
   1.6040631340346320E+017  ,    1.0539175606760514     
   1.6065309234716086E+017  ,    1.0537623329408594     
   1.6089987129085850E+017  ,    1.0536077639118155     
   1.6114665023455613E+017  ,    1.0534538499151707     
   1.6139342917825376E+017  ,    1.0533005873025090     
   1.6164020812195136E+017  ,    1.0531479724505401     
   1.6188698706564899E+017  ,    1.0529960017608908     
   1.6213376600934666E+017  ,    1.0528446716599038     
   1.6238054495304429E+017  ,    1.0526939785984326     
   1.6262732389674195E+017  ,    1.0525439190516441     
   1.6287410284043958E+017  ,    1.0523944895188180     
   1.6312088178413722E+017  ,    1.0522456865231515     
   1.6336766072783485E+017  ,    1.0520975066115634     
   1.6361443967153248E+017  ,    1.0519499463545039     
   1.6386121861523014E+017  ,    1.0518030023457603     
   1.6410799755892771E+017  ,    1.0516566712022704     
   1.6435477650262538E+017  ,    1.0515109495639337     
   1.6460155544632301E+017  ,    1.0513658340934264     
   1.6484833439002064E+017  ,    1.0512213214760180     
   1.6509511333371827E+017  ,    1.0510774084193868     
   1.6534189227741590E+017  ,    1.0509340916534426     
   1.6558867122111357E+017  ,    1.0507913679301470     
   1.6583545016481123E+017  ,    1.0506492340233340     
   1.6608222910850883E+017  ,    1.0505076867285379     
   1.6632900805220650E+017  ,    1.0503667228628166     
   1.6657578699590410E+017  ,    1.0502263392645823     
   1.6682256593960173E+017  ,    1.0500865327934283     
   1.6706934488329936E+017  ,    1.0499473003299615     
   1.6731612382699702E+017  ,    1.0498086387756347     
   1.6756290277069466E+017  ,    1.0496705450525796     
   1.6780968171439226E+017  ,    1.0495330161034446     
   1.6805646065808992E+017  ,    1.0493960488912311     
   1.6830323960178755E+017  ,    1.0492596403991297     
   1.6855001854548522E+017  ,    1.0491237876303638     
   1.6879679748918282E+017  ,    1.0489884876080307     
   1.6904357643288045E+017  ,    1.0488537373749429     
   1.6929035537657811E+017  ,    1.0487195339934732     
   1.6953713432027571E+017  ,    1.0485858745454022     
   1.6978391326397338E+017  ,    1.0484527561317638     
   1.7003069220767101E+017  ,    1.0483201758726948     
   1.7027747115136867E+017  ,    1.0481881309072840     
   1.7052425009506627E+017  ,    1.0480566183934261     
   1.7077102903876390E+017  ,    1.0479256355076718     
   1.7101780798246157E+017  ,    1.0477951794450833     
   1.7126458692615920E+017  ,    1.0476652474190895     
   1.7151136586985680E+017  ,    1.0475358366613443     
   1.7175814481355443E+017  ,    1.0474069444215817     
   1.7200492375725206E+017  ,    1.0472785679674774     
   1.7225170270094973E+017  ,    1.0471507045845088     
   1.7249848164464736E+017  ,    1.0470233515758174     
   1.7274526058834502E+017  ,    1.0468965062620714     
   1.7299203953204266E+017  ,    1.0467701659813307     
   1.7323881847574029E+017  ,    1.0466443280889104     
   1.7348559741943792E+017  ,    1.0465189899572516     
   1.7373237636313555E+017  ,    1.0463941489757855     
   1.7397915530683322E+017  ,    1.0462698025508048     
   1.7422593425053078E+017  ,    1.0461459481053339     
   1.7447271319422845E+017  ,    1.0460225830789991     
   1.7471949213792608E+017  ,    1.0458997049279015     
   1.7496627108162371E+017  ,    1.0457773111244930     
   1.7521305002532134E+017  ,    1.0456553991574495     
   1.7545982896901898E+017  ,    1.0455339665315455     
   1.7570660791271664E+017  ,    1.0454130107675346     
   1.7595338685641424E+017  ,    1.0452925294020248     
   1.7620016580011190E+017  ,    1.0451725199873596     
   1.7644694474380954E+017  ,    1.0450529800914972     
   1.7669372368750717E+017  ,    1.0449339072978918     
   1.7694050263120480E+017  ,    1.0448152992053781     
   1.7718728157490243E+017  ,    1.0446971534280522     
   1.7743406051860010E+017  ,    1.0445794675951572     
   1.7768083946229773E+017  ,    1.0444622393509690     
   1.7792761840599533E+017  ,    1.0443454663546836     
   1.7817439734969299E+017  ,    1.0442291462803026     
   1.7842117629339062E+017  ,    1.0441132768165224     
   1.7866795523708826E+017  ,    1.0439978556666254     
   1.7891473418078586E+017  ,    1.0438828805483675     
   1.7916151312448352E+017  ,    1.0437683491938723     
   1.7940829206818115E+017  ,    1.0436542593495224     
   1.7965507101187878E+017  ,    1.0435406087758519     
   1.7990184995557645E+017  ,    1.0434273952474422     
   1.8014862889927408E+017  ,    1.0433146165528142     
   1.8039540784297174E+017  ,    1.0432022704943280     
   1.8064218678666934E+017  ,    1.0430903548880792     
   1.8088896573036698E+017  ,    1.0429788675637930     
   1.8113574467406464E+017  ,    1.0428678063647281     
   1.8138252361776221E+017  ,    1.0427571691475721     
   1.8162930256145987E+017  ,    1.0426469537823460     
   1.8187608150515750E+017  ,    1.0425371581523000     
   1.8212286044885517E+017  ,    1.0424277801538213     
   1.8236963939255277E+017  ,    1.0423188176963347     
   1.8261641833625040E+017  ,    1.0422102687022041     
   1.8286319727994806E+017  ,    1.0421021311066432     
   1.8310997622364570E+017  ,    1.0419944028576129     
   1.8335675516734336E+017  ,    1.0418870819157351     
   1.8360353411104099E+017  ,    1.0417801662541957     
   1.8385031305473859E+017  ,    1.0416736538586528     
   1.8409709199843622E+017  ,    1.0415675427271462     
   1.8434387094213386E+017  ,    1.0414618308700065     
   1.8459064988583152E+017  ,    1.0413565163097660     
   1.8483742882952915E+017  ,    1.0412515970810681     
   1.8508420777322678E+017  ,    1.0411470712305784     
   1.8533098671692442E+017  ,    1.0410429368169025     
   1.8557776566062205E+017  ,    1.0409391919104916     
   1.8582454460431971E+017  ,    1.0408358345935622     
   1.8607132354801728E+017  ,    1.0407328629600086     
   1.8631810249171498E+017  ,    1.0406302751153171     
   1.8656488143541261E+017  ,    1.0405280691764835     
   1.8681166037911021E+017  ,    1.0404262432719318     
   1.8705843932280787E+017  ,    1.0403247955414276     
   1.8730521826650550E+017  ,    1.0402237241359986     
   1.8755199721020317E+017  ,    1.0401230272178532     
   1.8779877615390077E+017  ,    1.0400227029603006     
   1.8804555509759843E+017  ,    1.0399227495476699     
   1.8829233404129606E+017  ,    1.0398231651752310     
   1.8853911298499370E+017  ,    1.0397239480491189     
   1.8878589192869130E+017  ,    1.0396250963862492     
   1.8903267087238893E+017  ,    1.0395266084142503     
   1.8927944981608659E+017  ,    1.0394284823713782     
   1.8952622875978422E+017  ,    1.0393307165064467     
   1.8977300770348182E+017  ,    1.0392333090787471     
   1.9001978664717949E+017  ,    1.0391362583579797     
   1.9026656559087715E+017  ,    1.0390395626241731     
   1.9051334453457478E+017  ,    1.0389432201676165     
   1.9076012347827242E+017  ,    1.0388472292887827     
   1.9100690242197008E+017  ,    1.0387515882982574     
   1.9125368136566771E+017  ,    1.0386562955166689     
   1.9150046030936528E+017  ,    1.0385613492746153     
   1.9174723925306294E+017  ,    1.0384667479125951     
   1.9199401819676058E+017  ,    1.0383724897809361     
   1.9224079714045824E+017  ,    1.0382785732397271     
   1.9248757608415584E+017  ,    1.0381849966587502     
   1.9273435502785347E+017  ,    1.0380917584174094     
   1.9298113397155114E+017  ,    1.0379988569046661     
   1.9322791291524874E+017  ,    1.0379062905189709     
   1.9347469185894640E+017  ,    1.0378140576681985     
   1.9372147080264403E+017  ,    1.0377221567695767     
   1.9396824974634173E+017  ,    1.0376305862496280     
   1.9421502869003930E+017  ,    1.0375393445440997     
   1.9446180763373693E+017  ,    1.0374484300979019     
   1.9470858657743459E+017  ,    1.0373578413650422     
   1.9495536552113222E+017  ,    1.0372675768085635     
   1.9520214446482986E+017  ,    1.0371776349004802     
   1.9544892340852749E+017  ,    1.0370880141217163     
   1.9569570235222512E+017  ,    1.0369987129620448     
   1.9594248129592275E+017  ,    1.0369097299200245     
   1.9618926023962035E+017  ,    1.0368210635029376     
   1.9643603918331802E+017  ,    1.0367327122267354     
   1.9668281812701565E+017  ,    1.0366446746159732     
   1.9692959707071328E+017  ,    1.0365569492037514     
   1.9717637601441094E+017  ,    1.0364695345316584     
   1.9742315495810858E+017  ,    1.0363824291497106     
   1.9766993390180624E+017  ,    1.0362956316162968     
   1.9791671284550384E+017  ,    1.0362091404981173     
   1.9816349178920150E+017  ,    1.0361229543701294     
   1.9841027073289914E+017  ,    1.0360370718154894     
   1.9865704967659670E+017  ,    1.0359514914254984     
   1.9890382862029437E+017  ,    1.0358662117995445     
   1.9915060756399200E+017  ,    1.0357812315450470     
   1.9939738650768966E+017  ,    1.0356965492774048     
   1.9964416545138726E+017  ,    1.0356121636199391     
   1.9989094439508493E+017  ,    1.0355280732038410     
   2.0013772333878256E+017  ,    1.0354442766681167     
   2.0038450228248019E+017  ,    1.0353607726595353     
   2.0063128122617786E+017  ,    1.0352775598325765     
   2.0087806016987549E+017  ,    1.0351946368493774     
   2.0112483911357315E+017  ,    1.0351120023796796     
   2.0137161805727072E+017  ,    1.0350296551007818     
   2.0161839700096835E+017  ,    1.0349475936974828     
   2.0186517594466602E+017  ,    1.0348658168620373     
   2.0211195488836365E+017  ,    1.0347843232941007     
   2.0235873383206128E+017  ,    1.0347031117006813     
   2.0260551277575891E+017  ,    1.0346221807960896     
   2.0285229171945658E+017  ,    1.0345415293018916     
   2.0309907066315421E+017  ,    1.0344611559468582     
   2.0334584960685178E+017  ,    1.0343810594669161     
   2.0359262855054947E+017  ,    1.0343012386051025     
   2.0383940749424707E+017  ,    1.0342216921115155     
   2.0408618643794474E+017  ,    1.0341424187432664     
   2.0433296538164237E+017  ,    1.0340634172644363     
   2.0457974432534000E+017  ,    1.0339846864460251     
   2.0482652326903766E+017  ,    1.0339062250659068     
   2.0507330221273526E+017  ,    1.0338280319087880     
   2.0532008115643293E+017  ,    1.0337501057661549     
   2.0556686010013056E+017  ,    1.0336724454362345     
   2.0581363904382822E+017  ,    1.0335950497239474     
   2.0606041798752579E+017  ,    1.0335179174408626     
   2.0630719693122342E+017  ,    1.0334410474051554     
   2.0655397587492109E+017  ,    1.0333644384415632     
   2.0680075481861869E+017  ,    1.0332880893813403     
   2.0704753376231635E+017  ,    1.0332119990622182     
   2.0729431270601398E+017  ,    1.0331361663283594     
   2.0754109164971165E+017  ,    1.0330605900303176     
   2.0778787059340928E+017  ,    1.0329852690249948     
   2.0803464953710691E+017  ,    1.0329102021755987     
   2.0828142848080458E+017  ,    1.0328353883516024     
   2.0852820742450221E+017  ,    1.0327608264287031     
   2.0877498636819981E+017  ,    1.0326865152887825     
   2.0902176531189744E+017  ,    1.0326124538198622     
   2.0926854425559507E+017  ,    1.0325386409160693     
   2.0951532319929274E+017  ,    1.0324650754775915     
   2.0976210214299034E+017  ,    1.0323917564106406     
   2.1000888108668800E+017  ,    1.0323186826274129     
   2.1025566003038563E+017  ,    1.0322458530460479     
   2.1050243897408323E+017  ,    1.0321732665905938     
   2.1074921791778090E+017  ,    1.0321009221909643     
   2.1099599686147853E+017  ,    1.0320288187829036     
   2.1124277580517619E+017  ,    1.0319569553079497     
   2.1148955474887379E+017  ,    1.0318853307133926     
   2.1173633369257146E+017  ,    1.0318139439522409     
   2.1198311263626909E+017  ,    1.0317427939831827     
   2.1222989157996672E+017  ,    1.0316718797705515     
   2.1247667052366435E+017  ,    1.0316012002842856     
   2.1272344946736198E+017  ,    1.0315307544998966     
   2.1297022841105965E+017  ,    1.0314605413984292     
   2.1321700735475722E+017  ,    1.0313905599664297     
   2.1346378629845485E+017  ,    1.0313208091959076     
   2.1371056524215251E+017  ,    1.0312512880843026     
   2.1395734418585014E+017  ,    1.0311819956344470     
   2.1420412312954778E+017  ,    1.0311129308545344     
   2.1445090207324544E+017  ,    1.0310440927580837     
   2.1469768101694310E+017  ,    1.0309754803639064     
   2.1494445996064074E+017  ,    1.0309070926960699     
   2.1519123890433834E+017  ,    1.0308389287838660     
   2.1543801784803600E+017  ,    1.0307709876617797     
   2.1568479679173363E+017  ,    1.0307032683694524     
   2.1593157573543123E+017  ,    1.0306357699516489     
   2.1617835467912886E+017  ,    1.0305684914582289     
   2.1642513362282650E+017  ,    1.0305014319441139     
   2.1667191256652416E+017  ,    1.0304345904692487     
   2.1691869151022176E+017  ,    1.0303679660985783     
   2.1716547045391942E+017  ,    1.0303015579020109     
   2.1741224939761706E+017  ,    1.0302353649543894     
   2.1765902834131472E+017  ,    1.0301693863354566     
   2.1790580728501232E+017  ,    1.0301036211298289     
   2.1815258622870998E+017  ,    1.0300380684269619     
   2.1839936517240765E+017  ,    1.0299727273211214     
   2.1864614411610522E+017  ,    1.0299075969113545     
   2.1889292305980288E+017  ,    1.0298426763014563     
   2.1913970200350051E+017  ,    1.0297779645999428     
   2.1938648094719814E+017  ,    1.0297134609200205     
   2.1963325989089578E+017  ,    1.0296491643795567     
   2.1988003883459341E+017  ,    1.0295850741010513     
   2.2012681777829107E+017  ,    1.0295211892116056     
   2.2037359672198870E+017  ,    1.0294575088428968     
   2.2062037566568634E+017  ,    1.0293940321311474     
   2.2086715460938394E+017  ,    1.0293307582170972     
   2.2111393355308157E+017  ,    1.0292676862459740     
   2.2136071249677923E+017  ,    1.0292048153674693     
   2.2160749144047686E+017  ,    1.0291421447357061     
   2.2185427038417453E+017  ,    1.0290796735092149     
   2.2210104932787216E+017  ,    1.0290174008509030     
   2.2234782827156976E+017  ,    1.0289553259280326     
   2.2259460721526742E+017  ,    1.0288934479121881     
   2.2284138615896506E+017  ,    1.0288317659792523     
   2.2308816510266272E+017  ,    1.0287702793093794     
   2.2333494404636029E+017  ,    1.0287089870869697     
   2.2358172299005795E+017  ,    1.0286478885006414     
   2.2382850193375558E+017  ,    1.0285869827432055     
   2.2407528087745318E+017  ,    1.0285262690116412     
   2.2432205982115085E+017  ,    1.0284657465070677     
   2.2456883876484848E+017  ,    1.0284054144347221     
   2.2481561770854614E+017  ,    1.0283452720039319     
   2.2506239665224378E+017  ,    1.0282853184280885     
   2.2530917559594141E+017  ,    1.0282255529246258     
   2.2555595453963907E+017  ,    1.0281659747149954     
   2.2580273348333667E+017  ,    1.0281065830246374     
   2.2604951242703430E+017  ,    1.0280473770829612     
   2.2629629137073194E+017  ,    1.0279883561233192     
   2.2654307031442960E+017  ,    1.0279295193829818     
   2.2678984925812723E+017  ,    1.0278708661031160     
   2.2703662820182483E+017  ,    1.0278123955287590     
   2.2728340714552250E+017  ,    1.0277541069087974     
   2.2753018608922013E+017  ,    1.0276959994959405     
   2.2777696503291776E+017  ,    1.0276380725467023     
   2.2802374397661539E+017  ,    1.0275803253213716     
   2.2827052292031302E+017  ,    1.0275227570839958     
   2.2851730186401069E+017  ,    1.0274653671023544     
   2.2876408080770829E+017  ,    1.0274081546479348     
   2.2901085975140595E+017  ,    1.0273511189959168     
   2.2925763869510358E+017  ,    1.0272942594251417     
   2.2950441763880125E+017  ,    1.0272375752180976     
   2.2975119658249885E+017  ,    1.0271810656608928     
   2.2999797552619648E+017  ,    1.0271247300432360     
   2.3024475446989414E+017  ,    1.0270685676584144     
   2.3049153341359171E+017  ,    1.0270125778032717     
   2.3073831235728938E+017  ,    1.0269567597781883     
   2.3098509130098701E+017  ,    1.0269011128870571     
   2.3123187024468464E+017  ,    1.0268456364372667     
   2.3147864918838227E+017  ,    1.0267903297396761     
   2.3172542813207994E+017  ,    1.0267351921085983     
   2.3197220707577757E+017  ,    1.0266802228617757     
   2.3221898601947523E+017  ,    1.0266254213203621     
   2.3246576496317286E+017  ,    1.0265707868089018     
   2.3271254390687050E+017  ,    1.0265163186553106     
   2.3295932285056813E+017  ,    1.0264620161908522     
   2.3320610179426573E+017  ,    1.0264078787501232     
   2.3345288073796336E+017  ,    1.0263539056710289     
   2.3369965968166102E+017  ,    1.0263000962947670     
   2.3394643862535866E+017  ,    1.0262464499658066     
   2.3419321756905626E+017  ,    1.0261929660318676     
   2.3443999651275392E+017  ,    1.0261396438439052     
   2.3468677545645155E+017  ,    1.0260864827560867     
   2.3493355440014922E+017  ,    1.0260334821257759     
   2.3518033334384682E+017  ,    1.0259806413135106     
   2.3542711228754448E+017  ,    1.0259279596829884     
   2.3567389123124214E+017  ,    1.0258754366010454     
   2.3592067017493971E+017  ,    1.0258230714376362     
   2.3616744911863738E+017  ,    1.0257708635658209     
   2.3641422806233501E+017  ,    1.0257188123617405     
   2.3666100700603267E+017  ,    1.0256669172046031     
   2.3690778594973027E+017  ,    1.0256151774766649     
   2.3715456489342790E+017  ,    1.0255635925632127     
   2.3740134383712557E+017  ,    1.0255121618525449     
   2.3764812278082320E+017  ,    1.0254608847359559     
   2.3789490172452083E+017  ,    1.0254097606077148     
   2.3814168066821843E+017  ,    1.0253587888650546     
   2.3838845961191610E+017  ,    1.0253079689081490     
   2.3863523855561373E+017  ,    1.0252573001400969     
   2.3888201749931136E+017  ,    1.0252067819669068     
   2.3912879644300902E+017  ,    1.0251564137974800     
   2.3937557538670666E+017  ,    1.0251061950435911     
   2.3962235433040429E+017  ,    1.0250561251198744     
   2.3986913327410192E+017  ,    1.0250062034438057     
   2.4011591221779955E+017  ,    1.0249564294356857     
   2.4036269116149722E+017  ,    1.0249068025186250     
   2.4060947010519478E+017  ,    1.0248573221185278     
   2.4085624904889245E+017  ,    1.0248079876640734     
   2.4110302799259008E+017  ,    1.0247587985867030     
   2.4134980693628771E+017  ,    1.0247097543206036     
   2.4159658587998534E+017  ,    1.0246608543026887     
   2.4184336482368298E+017  ,    1.0246120979725883     
   2.4209014376738064E+017  ,    1.0245634847726288     
   2.4233692271107827E+017  ,    1.0245150141478190     
   2.4258370165477594E+017  ,    1.0244666855458351     
   2.4283048059847357E+017  ,    1.0244184984170059     
   2.4307725954217117E+017  ,    1.0243704522142947     
   2.4332403848586880E+017  ,    1.0243225463932892     
   2.4357081742956643E+017  ,    1.0242747804121817     
   2.4381759637326410E+017  ,    1.0242271537317567     
   2.4406437531696173E+017  ,    1.0241796658153759     
   2.4431115426065936E+017  ,    1.0241323161289637     
   2.4455793320435699E+017  ,    1.0240851041409913     
   2.4480471214805462E+017  ,    1.0240380293224647     
   2.4505149109175226E+017  ,    1.0239910911469072     
   2.4529827003544986E+017  ,    1.0239442890903485     
   2.4554504897914755E+017  ,    1.0238976226313070     
   2.4579182792284518E+017  ,    1.0238510912507779     
   2.4603860686654278E+017  ,    1.0238046944322190     
   2.4628538581024045E+017  ,    1.0237584316615369     
   2.4653216475393808E+017  ,    1.0237123024270725     
   2.4677894369763574E+017  ,    1.0236663062195872     
   2.4702572264133334E+017  ,    1.0236204425322493     
   2.4727250158503101E+017  ,    1.0235747108606232     
   2.4751928052872864E+017  ,    1.0235291107026494     
   2.4776605947242621E+017  ,    1.0234836415586397     
   2.4801283841612387E+017  ,    1.0234383029312555     
   2.4825961735982150E+017  ,    1.0233930943255010     
   2.4850639630351917E+017  ,    1.0233480152487069     
   2.4875317524721677E+017  ,    1.0233030652105175     
   2.4899995419091440E+017  ,    1.0232582437228801     
   2.4924673313461206E+017  ,    1.0232135503000281     
   2.4949351207830973E+017  ,    1.0231689844584722     
   2.4974029102200736E+017  ,    1.0231245457169851     
   2.4998706996570499E+017  ,    1.0230802335965903     
   2.5023384890940266E+017  ,    1.0230360476205484     
   2.5048062785310022E+017  ,    1.0229919873143458     
   2.5072740679679786E+017  ,    1.0229480522056820     
   2.5097418574049552E+017  ,    1.0229042418244576     
   2.5122096468419315E+017  ,    1.0228605557027588     
   2.5146774362789078E+017  ,    1.0228169933748521     
   2.5171452257158842E+017  ,    1.0227735543771643     
   2.5196130151528605E+017  ,    1.0227302382482786     
   2.5220808045898371E+017  ,    1.0226870445289147     
   2.5245485940268131E+017  ,    1.0226439727619236     
   2.5270163834637898E+017  ,    1.0226010224922708     
   2.5294841729007661E+017  ,    1.0225581932670291     
   2.5319519623377424E+017  ,    1.0225154846353626     
   2.5344197517747187E+017  ,    1.0224728961485188     
   2.5368875412116950E+017  ,    1.0224304273598155     
   2.5393553306486717E+017  ,    1.0223880778246297     
   2.5418231200856477E+017  ,    1.0223458471003855     
   2.5442909095226243E+017  ,    1.0223037347465440     
   2.5467586989596006E+017  ,    1.0222617403245922     
   2.5492264883965770E+017  ,    1.0222198633980306     
   2.5516942778335533E+017  ,    1.0221781035323640     
   2.5541620672705293E+017  ,    1.0221364602950871     
   2.5566298567075059E+017  ,    1.0220949332556801     
   2.5590976461444819E+017  ,    1.0220535219855906     
   2.5615654355814586E+017  ,    1.0220122260582274     
   2.5640332250184352E+017  ,    1.0219710450489479     
   2.5665010144554115E+017  ,    1.0219299785350484     
   2.5689688038923878E+017  ,    1.0218890260957540     
   2.5714365933293642E+017  ,    1.0218481873122063     
   2.5739043827663408E+017  ,    1.0218074617674544     
   2.5763721722033171E+017  ,    1.0217668490464440     
   2.5788399616402928E+017  ,    1.0217263487360084     
   2.5813077510772694E+017  ,    1.0216859604248565     
   2.5837755405142458E+017  ,    1.0216456837035623     
   2.5862433299512221E+017  ,    1.0216055181645585     
   2.5887111193881984E+017  ,    1.0215654634021212     
   2.5911789088251750E+017  ,    1.0215255190123644     
   2.5936466982621514E+017  ,    1.0214856845932270     
   2.5961144876991277E+017  ,    1.0214459597444656     
   2.5985822771361040E+017  ,    1.0214063440676424     
   2.6010500665730806E+017  ,    1.0213668371661169     
   2.6035178560100573E+017  ,    1.0213274386450357     
   2.6059856454470330E+017  ,    1.0212881481113232     
   2.6084534348840093E+017  ,    1.0212489651736714     
   2.6109212243209859E+017  ,    1.0212098894425317     
   2.6133890137579619E+017  ,    1.0211709205301034     
   2.6158568031949386E+017  ,    1.0211320580503278     
   2.6183245926319149E+017  ,    1.0210933016188746     
   2.6207923820688915E+017  ,    1.0210546508531353     
   2.6232601715058675E+017  ,    1.0210161053722142     
   2.6257279609428435E+017  ,    1.0209776647969184     
   2.6281957503798205E+017  ,    1.0209393287497484     
   2.6306635398167965E+017  ,    1.0209010968548908     
   2.6331313292537731E+017  ,    1.0208629687382056     
   2.6355991186907494E+017  ,    1.0208249440272223     
   2.6380669081277258E+017  ,    1.0207870223511286     
   2.6405346975647027E+017  ,    1.0207492033407590     
   2.6430024870016784E+017  ,    1.0207114866285920     
   2.6454702764386547E+017  ,    1.0206738718487351     
   2.6479380658756310E+017  ,    1.0206363586369211     
   2.6504058553126074E+017  ,    1.0205989466304968     
   2.6528736447495837E+017  ,    1.0205616354684142     
   2.6553414341865600E+017  ,    1.0205244247912260     
   2.6578092236235370E+017  ,    1.0204873142410706     
   2.6602770130605126E+017  ,    1.0204503034616701     
   2.6627448024974896E+017  ,    1.0204133920983172     
   2.6652125919344656E+017  ,    1.0203765797978697     
   2.6676803813714422E+017  ,    1.0203398662087422     
   2.6701481708084182E+017  ,    1.0203032509808971     
   2.6726159602453946E+017  ,    1.0202667337658353     
   2.6750837496823715E+017  ,    1.0202303142165905     
   2.6775515391193472E+017  ,    1.0201939919877203     
   2.6800193285563242E+017  ,    1.0201577667352975     
   2.6824871179933005E+017  ,    1.0201216381169023     
   2.6849549074302768E+017  ,    1.0200856057916157     
   2.6874226968672531E+017  ,    1.0200496694200116     
   2.6898904863042288E+017  ,    1.0200138286641462     
   2.6923582757412058E+017  ,    1.0199780831875538     
   2.6948260651781821E+017  ,    1.0199424326552358     
   2.6972938546151578E+017  ,    1.0199068767336577     
   2.6997616440521347E+017  ,    1.0198714150907358     
   2.7022294334891110E+017  ,    1.0198360473958350     
   2.7046972229260877E+017  ,    1.0198007733197567     
   2.7071650123630640E+017  ,    1.0197655925347355     
   2.7096328018000403E+017  ,    1.0197305047144274     
   2.7121005912370166E+017  ,    1.0196955095339066     
   2.7145683806739923E+017  ,    1.0196606066696559     
   2.7170361701109693E+017  ,    1.0196257957995585     
   2.7195039595479456E+017  ,    1.0195910766028942     
   2.7219717489849219E+017  ,    1.0195564487603299     
   2.7244395384218982E+017  ,    1.0195219119539103     
   2.7269073278588746E+017  ,    1.0194874658670561     
   2.7293751172958509E+017  ,    1.0194531101845521     
   2.7318429067328272E+017  ,    1.0194188445925429     
   2.7343106961698035E+017  ,    1.0193846687785251     
   2.7367784856067802E+017  ,    1.0193505824313396     
   2.7392462750437568E+017  ,    1.0193165852411659     
   2.7417140644807328E+017  ,    1.0192826768995153     
   2.7441818539177091E+017  ,    1.0192488570992235     
   2.7466496433546854E+017  ,    1.0192151255344419     
   2.7491174327916618E+017  ,    1.0191814819006357     
   2.7515852222286381E+017  ,    1.0191479258945728     
   2.7540530116656144E+017  ,    1.0191144572143191     
   2.7565208011025907E+017  ,    1.0190810755592308     
   2.7589885905395670E+017  ,    1.0190477806299498     
   2.7614563799765434E+017  ,    1.0190145721283941     
   2.7639241694135203E+017  ,    1.0189814497577554     
   2.7663919588504960E+017  ,    1.0189484132224875     
   2.7688597482874723E+017  ,    1.0189154622283052     
   2.7713275377244490E+017  ,    1.0188825964821739     
   2.7737953271614253E+017  ,    1.0188498156923043     
   2.7762631165984022E+017  ,    1.0188171195681481     
   2.7787309060353779E+017  ,    1.0187845078203901     
   2.7811986954723549E+017  ,    1.0187519801609393     
   2.7836664849093312E+017  ,    1.0187195363029291     
   2.7861342743463069E+017  ,    1.0186871759607052     
   2.7886020637832832E+017  ,    1.0186548988498216     
   2.7910698532202595E+017  ,    1.0186227046870355     
   2.7935376426572365E+017  ,    1.0185905931903001     
   2.7960054320942122E+017  ,    1.0185585640787587     
   2.7984732215311891E+017  ,    1.0185266170727392     
   2.8009410109681654E+017  ,    1.0184947518937468     
   2.8034088004051418E+017  ,    1.0184629682644604     
   2.8058765898421181E+017  ,    1.0184312659087238     
   2.8083443792790947E+017  ,    1.0183996445515440     
   2.8108121687160710E+017  ,    1.0183681039190797     
   2.8132799581530474E+017  ,    1.0183366437386407     
   2.8157477475900230E+017  ,    1.0183052637386791     
   2.8182155370270000E+017  ,    1.0182739636487859     
   2.8206833264639763E+017  ,    1.0182427431996821     
   2.8231511159009526E+017  ,    1.0182116021232166     
   2.8256189053379290E+017  ,    1.0181805401523580     
   2.8280866947749053E+017  ,    1.0181495570211905     
   2.8305544842118816E+017  ,    1.0181186524649071     
   2.8330222736488579E+017  ,    1.0180878262198050     
   2.8354900630858342E+017  ,    1.0180570780232809     
   2.8379578525228106E+017  ,    1.0180264076138230     
   2.8404256419597869E+017  ,    1.0179958147310080     
   2.8428934313967635E+017  ,    1.0179652991154950     
   2.8453612208337398E+017  ,    1.0179348605090190     
   2.8478290102707162E+017  ,    1.0179044986543879     
   2.8502967997076925E+017  ,    1.0178742132954741     
   2.8527645891446688E+017  ,    1.0178440041772125     
   2.8552323785816451E+017  ,    1.0178138710455933     
   2.8577001680186221E+017  ,    1.0177838136476567     
   2.8601679574555978E+017  ,    1.0177538317314885     
   2.8626357468925741E+017  ,    1.0177239250462151     
   2.8651035363295504E+017  ,    1.0176940933419971     
   2.8675713257665267E+017  ,    1.0176643363700255     
   2.8700391152035030E+017  ,    1.0176346538825167     
   2.8725069046404794E+017  ,    1.0176050456327066     
   2.8749746940774560E+017  ,    1.0175755113748448     
   2.8774424835144323E+017  ,    1.0175460508641936     
   2.8799102729514086E+017  ,    1.0175166638570166     
   2.8823780623883853E+017  ,    1.0174873501105812     
   2.8848458518253619E+017  ,    1.0174581093831465     
   2.8873136412623373E+017  ,    1.0174289414339643     
   2.8897814306993139E+017  ,    1.0173998460232707     
   2.8922492201362906E+017  ,    1.0173708229122822     
   2.8947170095732672E+017  ,    1.0173418718631919     
   2.8971847990102432E+017  ,    1.0173129926391637     
   2.8996525884472198E+017  ,    1.0172841850043270     
   2.9021203778841965E+017  ,    1.0172554487237755     
   2.9045881673211718E+017  ,    1.0172267835635558     
   2.9070559567581491E+017  ,    1.0171981892906705     
   2.9095237461951251E+017  ,    1.0171696656730680     
   2.9119915356321018E+017  ,    1.0171412124796402     
   2.9144593250690771E+017  ,    1.0171128294802174     
   2.9169271145060544E+017  ,    1.0170845164455640     
   2.9193949039430304E+017  ,    1.0170562731473747     
   2.9218626933800070E+017  ,    1.0170280993582668     
   2.9243304828169830E+017  ,    1.0169999948517814     
   2.9267982722539597E+017  ,    1.0169719594023723     
   2.9292660616909357E+017  ,    1.0169439927854087     
   2.9317338511279123E+017  ,    1.0169160947771627     
   2.9342016405648883E+017  ,    1.0168882651548128     
   2.9366694300018650E+017  ,    1.0168605036964344     
   2.9391372194388416E+017  ,    1.0168328101809976     
   2.9416050088758176E+017  ,    1.0168051843883623     
   2.9440727983127942E+017  ,    1.0167776260992738     
   2.9465405877497702E+017  ,    1.0167501350953594     
   2.9490083771867469E+017  ,    1.0167227111591222     
   2.9514761666237229E+017  ,    1.0166953540739407     
   2.9539439560606995E+017  ,    1.0166680636240597     
   2.9564117454976755E+017  ,    1.0166408395945903     
   2.9588795349346522E+017  ,    1.0166136817715028     
   2.9613473243716282E+017  ,    1.0165865899416249     
   2.9638151138086048E+017  ,    1.0165595638926364     
   2.9662829032455814E+017  ,    1.0165326034130644     
   2.9687506926825574E+017  ,    1.0165057082922819     
   2.9712184821195341E+017  ,    1.0164788783205010     
   2.9736862715565101E+017  ,    1.0164521132887703     
   2.9761540609934874E+017  ,    1.0164254129889698     
   2.9786218504304627E+017  ,    1.0163987772138092     
   2.9810896398674394E+017  ,    1.0163722057568210     
   2.9835574293044160E+017  ,    1.0163456984123600     
   2.9860252187413926E+017  ,    1.0163192549755942     
   2.9884930081783680E+017  ,    1.0162928752425098     
   2.9909607976153446E+017  ,    1.0162665590098947     
   2.9934285870523213E+017  ,    1.0162403060753478     
   2.9958963764892973E+017  ,    1.0162141162372667     
   2.9983641659262739E+017  ,    1.0161879892948460     
   3.0008319553632506E+017  ,    1.0161619250480753     
   3.0032997448002272E+017  ,    1.0161359232977332     
   3.0057675342372032E+017  ,    1.0161099838453840     
   3.0082353236741798E+017  ,    1.0160841064933757     
   3.0107031131111552E+017  ,    1.0160582910448344     
   3.0131709025481325E+017  ,    1.0160325373036614     
   3.0156386919851078E+017  ,    1.0160068450745292     
   3.0181064814220851E+017  ,    1.0159812141628797     
   3.0205742708590611E+017  ,    1.0159556443749165     
   3.0230420602960371E+017  ,    1.0159301355176060     
   3.0255098497330138E+017  ,    1.0159046873986712     
   3.0279776391699904E+017  ,    1.0158792998265884     
   3.0304454286069664E+017  ,    1.0158539726105840     
   3.0329132180439424E+017  ,    1.0158287055606301     
   3.0353810074809197E+017  ,    1.0158034984874449     
   3.0378487969178957E+017  ,    1.0157783512024827     
   3.0403165863548723E+017  ,    1.0157532635179358     
   3.0427843757918483E+017  ,    1.0157282352467283     
   3.0452521652288250E+017  ,    1.0157032662025156     
   3.0477199546658010E+017  ,    1.0156783561996758     
   3.0501877441027776E+017  ,    1.0156535050533131     
   3.0526555335397536E+017  ,    1.0156287125792480     
   3.0551233229767302E+017  ,    1.0156039785940183     
   3.0575911124137062E+017  ,    1.0155793029148747     
   3.0600589018506829E+017  ,    1.0155546853597761     
   3.0625266912876589E+017  ,    1.0155301257473874     
   3.0649944807246355E+017  ,    1.0155056238970781     
   3.0674622701616115E+017  ,    1.0154811796289138     
   3.0699300595985882E+017  ,    1.0154567927636593     
   3.0723978490355648E+017  ,    1.0154324631227714     
   3.0748656384725408E+017  ,    1.0154081905283960     
   3.0773334279095174E+017  ,    1.0153839748033671     
   3.0798012173464934E+017  ,    1.0153598157712005     
   3.0822690067834701E+017  ,    1.0153357132560938     
   3.0847367962204467E+017  ,    1.0153116670829201     
   3.0872045856574227E+017  ,    1.0152876770772283     
   3.0896723750943987E+017  ,    1.0152637430652385     
   3.0921401645313754E+017  ,    1.0152398648738361     
   3.0946079539683514E+017  ,    1.0152160423305749     
   3.0970757434053280E+017  ,    1.0151922752636673     
   3.0995435328423040E+017  ,    1.0151685635019858     
   3.1020113222792806E+017  ,    1.0151449068750593     
   3.1044791117162573E+017  ,    1.0151213052130688     
   3.1069469011532333E+017  ,    1.0150977583468452     
   3.1094146905902106E+017  ,    1.0150742661078660     
   3.1118824800271866E+017  ,    1.0150508283282524     
   3.1143502694641626E+017  ,    1.0150274448407668     
   3.1168180589011392E+017  ,    1.0150041154788108     
   3.1192858483381158E+017  ,    1.0149808400764182     
   3.1217536377750918E+017  ,    1.0149576184682585     
   3.1242214272120685E+017  ,    1.0149344504896278     
   3.1266892166490445E+017  ,    1.0149113359764490     
   3.1291570060860211E+017  ,    1.0148882747652705     
   3.1316247955229965E+017  ,    1.0148652666932605     
   3.1340925849599731E+017  ,    1.0148423115982037     
   3.1365603743969498E+017  ,    1.0148194093185021     
   3.1390281638339264E+017  ,    1.0147965596931692     
   3.1414959532709024E+017  ,    1.0147737625618283     
   3.1439637427078784E+017  ,    1.0147510177647103     
   3.1464315321448557E+017  ,    1.0147283251426480     
   3.1488993215818317E+017  ,    1.0147056845370783     
   3.1513671110188083E+017  ,    1.0146830957900357     
   3.1538349004557843E+017  ,    1.0146605587441497     
   3.1563026898927610E+017  ,    1.0146380732426454     
   3.1587704793297370E+017  ,    1.0146156391293364     
   3.1612382687667136E+017  ,    1.0145932562486253     
   3.1637060582036896E+017  ,    1.0145709244454999     
   3.1661738476406662E+017  ,    1.0145486435655315     
   3.1686416370776422E+017  ,    1.0145264134548699     
   3.1711094265146189E+017  ,    1.0145042339602437     
   3.1735772159515955E+017  ,    1.0144821049289563     
   3.1760450053885722E+017  ,    1.0144600262088832     
   3.1785127948255475E+017  ,    1.0144379976484690     
   3.1809805842625248E+017  ,    1.0144160190967277     
   3.1834483736995014E+017  ,    1.0143940904032356     
   3.1859161631364768E+017  ,    1.0143722114181326     
   3.1883839525734534E+017  ,    1.0143503819921174     
   3.1908517420104294E+017  ,    1.0143286019764475     
   3.1933195314474061E+017  ,    1.0143068712229328     
   3.1957873208843821E+017  ,    1.0142851895839382     
   3.1982551103213587E+017  ,    1.0142635569123757     
   3.2007228997583347E+017  ,    1.0142419730617065     
   3.2031906891953114E+017  ,    1.0142204378859356     
   3.2056584786322880E+017  ,    1.0141989512396117     
   3.2081262680692640E+017  ,    1.0141775129778221     
   3.2105940575062406E+017  ,    1.0141561229561933     
   3.2130618469432173E+017  ,    1.0141347810308863     
   3.2155296363801933E+017  ,    1.0141134870585953     
   3.2179974258171699E+017  ,    1.0140922408965436     
   3.2204652152541466E+017  ,    1.0140710424024859     
   3.2229330046911226E+017  ,    1.0140498914347007     
   3.2254007941280992E+017  ,    1.0140287878519902     
   3.2278685835650752E+017  ,    1.0140077315136782     
   3.2303363730020518E+017  ,    1.0139867222796071     
   3.2328041624390272E+017  ,    1.0139657600101377     
   3.2352719518760038E+017  ,    1.0139448445661419     
   3.2377397413129798E+017  ,    1.0139239758090073     
   3.2402075307499571E+017  ,    1.0139031536006295     
   3.2426753201869331E+017  ,    1.0138823778034123     
   3.2451431096239091E+017  ,    1.0138616482802651     
   3.2476108990608858E+017  ,    1.0138409648945994     
   3.2500786884978618E+017  ,    1.0138203275103297     
   3.2525464779348390E+017  ,    1.0137997359918680     
   3.2550142673718150E+017  ,    1.0137791902041227     
   3.2574820568087917E+017  ,    1.0137586900124980     
   3.2599498462457677E+017  ,    1.0137382352828896     
   3.2624176356827443E+017  ,    1.0137178258816837     
   3.2648854251197203E+017  ,    1.0136974616757533     
   3.2673532145566970E+017  ,    1.0136771425324593     
   3.2698210039936730E+017  ,    1.0136568683196452     
   3.2722887934306496E+017  ,    1.0136366389056366     
   3.2747565828676262E+017  ,    1.0136164541592392     
   3.2772243723046029E+017  ,    1.0135963139497330     
   3.2796921617415789E+017  ,    1.0135762181468788     
   3.2821599511785542E+017  ,    1.0135561666209065     
   3.2846277406155309E+017  ,    1.0135361592425198     
   3.2870955300525075E+017  ,    1.0135161958828900     
   3.2895633194894842E+017  ,    1.0134962764136564     
   3.2920311089264602E+017  ,    1.0134764007069232     
   3.2944988983634368E+017  ,    1.0134565686352588     
   3.2969666878004128E+017  ,    1.0134367800716910     
   3.2994344772373901E+017  ,    1.0134170348897096     
   3.3019022666743654E+017  ,    1.0133973329632588     
   3.3043700561113421E+017  ,    1.0133776741667386     
   3.3068378455483181E+017  ,    1.0133580583750041     
   3.3093056349852947E+017  ,    1.0133384854633598     
   3.3117734244222714E+017  ,    1.0133189553075608     
   3.3142412138592480E+017  ,    1.0132994677838087     
   3.3167090032962246E+017  ,    1.0132800227687520     
   3.3191767927332000E+017  ,    1.0132606201394818     
   3.3216445821701766E+017  ,    1.0132412597735303     
   3.3241123716071533E+017  ,    1.0132219415488708     
   3.3265801610441299E+017  ,    1.0132026653439146     
   3.3290479504811059E+017  ,    1.0131834310375079     
   3.3315157399180819E+017  ,    1.0131642385089323     
   3.3339835293550592E+017  ,    1.0131450876379009     
   3.3364513187920346E+017  ,    1.0131259783045581     
   3.3389191082290106E+017  ,    1.0131069103894761     
   3.3413868976659872E+017  ,    1.0130878837736543     
   3.3438546871029638E+017  ,    1.0130688983385170     
   3.3463224765399405E+017  ,    1.0130499539659126     
   3.3487902659769165E+017  ,    1.0130310505381095     
   3.3512580554138931E+017  ,    1.0130121879377962     
   3.3537258448508698E+017  ,    1.0129933660480801     
   3.3561936342878451E+017  ,    1.0129745847524827     
   3.3586614237248224E+017  ,    1.0129558439349406     
   3.3611292131617984E+017  ,    1.0129371434798042     
   3.3635970025987750E+017  ,    1.0129184832718328     
   3.3660647920357510E+017  ,    1.0128998631961956     
   3.3685325814727277E+017  ,    1.0128812831384693     
   3.3710003709097043E+017  ,    1.0128627429846346     
   3.3734681603466803E+017  ,    1.0128442426210793     
   3.3759359497836563E+017  ,    1.0128257819345894     
   3.3784037392206323E+017  ,    1.0128073608123542     
   3.3808715286576090E+017  ,    1.0127889791419604     
   3.3833393180945862E+017  ,    1.0127706368113931     
   3.3858071075315622E+017  ,    1.0127523337090303     
   3.3882748969685382E+017  ,    1.0127340697236467     
   3.3907426864055142E+017  ,    1.0127158447444062     
   3.3932104758424902E+017  ,    1.0126976586608660     
   3.3956782652794675E+017  ,    1.0126795113629705     
   3.3981460547164435E+017  ,    1.0126614027410508     
   3.4006138441534202E+017  ,    1.0126433326858240     
   3.4030816335903962E+017  ,    1.0126253010883917     
   3.4055494230273734E+017  ,    1.0126073078402371     
   3.4080172124643494E+017  ,    1.0125893528332244     
   3.4104850019013254E+017  ,    1.0125714359595965     
   3.4129527913383014E+017  ,    1.0125535571119746     
   3.4154205807752781E+017  ,    1.0125357161833548     
   3.4178883702122547E+017  ,    1.0125179130671087     
   3.4203561596492314E+017  ,    1.0125001476569795     
   3.4228239490862080E+017  ,    1.0124824198470821     
   3.4252917385231840E+017  ,    1.0124647295319014     
   3.4277595279601594E+017  ,    1.0124470766062914     
   3.4302273173971360E+017  ,    1.0124294609654696     
   3.4326951068341126E+017  ,    1.0124118825050215     
   3.4351628962710886E+017  ,    1.0123943411208955     
   3.4376306857080653E+017  ,    1.0123768367094015     
   3.4400984751450413E+017  ,    1.0123593691672101     
   3.4425662645820186E+017  ,    1.0123419383913503     
   3.4450340540189946E+017  ,    1.0123245442792121     
   3.4475018434559706E+017  ,    1.0123071867285360     
   3.4499696328929472E+017  ,    1.0122898656374213     
   3.4524374223299232E+017  ,    1.0122725809043196     
   3.4549052117669005E+017  ,    1.0122553324280326     
   3.4573730012038765E+017  ,    1.0122381201077151     
   3.4598407906408531E+017  ,    1.0122209438428671     
   3.4623085800778291E+017  ,    1.0122038035333389     
   3.4647763695148058E+017  ,    1.0121866990793256     
   3.4672441589517818E+017  ,    1.0121696303813663     
   3.4697119483887584E+017  ,    1.0121525973403442     
   3.4721797378257344E+017  ,    1.0121355998574832     
   3.4746475272627110E+017  ,    1.0121186378343483     
   3.4771153166996877E+017  ,    1.0121017111728419     
   3.4795831061366643E+017  ,    1.0120848197752061     
   3.4820508955736397E+017  ,    1.0120679635440168     
   3.4845186850106157E+017  ,    1.0120511423821865     
   3.4869864744475923E+017  ,    1.0120343561929592     
   3.4894542638845690E+017  ,    1.0120176048799123     
   3.4919220533215456E+017  ,    1.0120008883469527     
   3.4943898427585216E+017  ,    1.0119842064983176     
   3.4968576321954982E+017  ,    1.0119675592385717     
   3.4993254216324742E+017  ,    1.0119509464726055     
   3.5017932110694509E+017  ,    1.0119343681056354     
   3.5042610005064269E+017  ,    1.0119178240432010     
   3.5067287899434035E+017  ,    1.0119013141911664     
   3.5091965793803795E+017  ,    1.0118848384557144     
   3.5116643688173568E+017  ,    1.0118683967433493     
   3.5141321582543328E+017  ,    1.0118519889608939     
   3.5165999476913094E+017  ,    1.0118356150154877     
   3.5190677371282848E+017  ,    1.0118192748145864     
   3.5215355265652614E+017  ,    1.0118029682659619     
   3.5240033160022381E+017  ,    1.0117866952776966     
   3.5264711054392147E+017  ,    1.0117704557581884     
   3.5289388948761907E+017  ,    1.0117542496161434     
   3.5314066843131667E+017  ,    1.0117380767605790     
   3.5338744737501434E+017  ,    1.0117219371008210     
   3.5363422631871194E+017  ,    1.0117058305465019     
   3.5388100526240960E+017  ,    1.0116897570075603     
   3.5412778420610720E+017  ,    1.0116737163942391     
   3.5437456314980486E+017  ,    1.0116577086170853     
   3.5462134209350246E+017  ,    1.0116417335869468     
   3.5486812103720019E+017  ,    1.0116257912149755     
   3.5511489998089779E+017  ,    1.0116098814126198     
   3.5536167892459546E+017  ,    1.0115940040916289     
   3.5560845786829306E+017  ,    1.0115781591640474     
   3.5585523681199066E+017  ,    1.0115623465422188     
   3.5610201575568838E+017  ,    1.0115465661387795     
   3.5634879469938598E+017  ,    1.0115308178666593     
   3.5659557364308365E+017  ,    1.0115151016390838     
   3.5684235258678125E+017  ,    1.0114994173695662     
   3.5708913153047898E+017  ,    1.0114837649719119     
   3.5733591047417651E+017  ,    1.0114681443602165     
   3.5758268941787411E+017  ,    1.0114525554488614     
   3.5782946836157171E+017  ,    1.0114369981525160     
   3.5807624730526938E+017  ,    1.0114214723861357     
   3.5832302624896704E+017  ,    1.0114059780649585     
   3.5856980519266470E+017  ,    1.0113905151045091     
   3.5881658413636230E+017  ,    1.0113750834205912     
   3.5906336308005990E+017  ,    1.0113596829292915     
   3.5931014202375757E+017  ,    1.0113443135469760     
   3.5955692096745523E+017  ,    1.0113289751902910     
   3.5980369991115290E+017  ,    1.0113136677761578     
   3.6005047885485050E+017  ,    1.0112983912217777     
   3.6029725779854816E+017  ,    1.0112831454446245     
   3.6054403674224576E+017  ,    1.0112679303624488     
   3.6079081568594349E+017  ,    1.0112527458932730     
   3.6103759462964102E+017  ,    1.0112375919553938     
   3.6128437357333869E+017  ,    1.0112224684673761     
   3.6153115251703629E+017  ,    1.0112073753480586     
   3.6177793146073395E+017  ,    1.0111923125165467     
   3.6202471040443162E+017  ,    1.0111772798922134     
   3.6227148934812928E+017  ,    1.0111622773947011     
   3.6251826829182688E+017  ,    1.0111473049439148     
   3.6276504723552442E+017  ,    1.0111323624600277     
   3.6301182617922208E+017  ,    1.0111174498634752     
   3.6325860512291974E+017  ,    1.0111025670749549     
   3.6350538406661741E+017  ,    1.0110877140154273     
   3.6375216301031501E+017  ,    1.0110728906061133     
   3.6399894195401267E+017  ,    1.0110580967684930     
   3.6424572089771034E+017  ,    1.0110433324243049     
   3.6449249984140800E+017  ,    1.0110285974955464     
   3.6473927878510554E+017  ,    1.0110138919044716     
   3.6498605772880320E+017  ,    1.0109992155735876     
   3.6523283667250080E+017  ,    1.0109845684256589     
   3.6547961561619853E+017  ,    1.0109699503837031     
   3.6572639455989613E+017  ,    1.0109553613709892     
   3.6597317350359379E+017  ,    1.0109408013110384     
   3.6621995244729139E+017  ,    1.0109262701276234     
   3.6646673139098899E+017  ,    1.0109117677447654     
   3.6671351033468672E+017  ,    1.0108972940867349     
   3.6696028927838432E+017  ,    1.0108828490780506     
   3.6720706822208198E+017  ,    1.0108684326434765     
   3.6745384716577958E+017  ,    1.0108540447080239     
   3.6770062610947718E+017  ,    1.0108396851969479     
   3.6794740505317491E+017  ,    1.0108253540357470     
   3.6819418399687245E+017  ,    1.0108110511501647     
   3.6844096294057005E+017  ,    1.0107967764661843     
   3.6868774188426771E+017  ,    1.0107825299100317     
   3.6893452082796538E+017  ,    1.0107683114081716     
   3.6918129977166304E+017  ,    1.0107541208873085     
   3.6942807871536064E+017  ,    1.0107399582743855     
   3.6967485765905830E+017  ,    1.0107258234965824     
   3.6992163660275597E+017  ,    1.0107117164813153     
   3.7016841554645357E+017  ,    1.0106976371562355     
   3.7041519449015123E+017  ,    1.0106835854492309     
   3.7066197343384883E+017  ,    1.0106695612884207     
   3.7090875237754650E+017  ,    1.0106555646021576     
   3.7115553132124410E+017  ,    1.0106415953190260     
   3.7140231026494182E+017  ,    1.0106276533678418     
   3.7164908920863942E+017  ,    1.0106137386776504     
   3.7189586815233702E+017  ,    1.0105998511777268     
   3.7214264709603456E+017  ,    1.0105859907975738     
   3.7238942603973222E+017  ,    1.0105721574669220     
   3.7263620498342995E+017  ,    1.0105583511157281     
   3.7288298392712755E+017  ,    1.0105445716741750     
   3.7312976287082522E+017  ,    1.0105308190726703     
   3.7337654181452282E+017  ,    1.0105170932418446     
   3.7362332075822042E+017  ,    1.0105033941125532     
   3.7387009970191808E+017  ,    1.0104897216158717     
   3.7411687864561574E+017  ,    1.0104760756830986     
   3.7436365758931334E+017  ,    1.0104624562457527     
   3.7461043653301101E+017  ,    1.0104488632355713     
   3.7485721547670867E+017  ,    1.0104352965845111     
   3.7510399442040634E+017  ,    1.0104217562247475     
   3.7535077336410394E+017  ,    1.0104082420886726     
   3.7559755230780154E+017  ,    1.0103947541088947     
   3.7584433125149914E+017  ,    1.0103812922182374     
   3.7609111019519686E+017  ,    1.0103678563497385     
   3.7633788913889446E+017  ,    1.0103544464366510     
   3.7658466808259213E+017  ,    1.0103410624124403     
   3.7683144702628979E+017  ,    1.0103277042107839     
   3.7707822596998739E+017  ,    1.0103143717655703     
   3.7732500491368506E+017  ,    1.0103010650108992     
   3.7757178385738259E+017  ,    1.0102877838810798     
   3.7781856280108026E+017  ,    1.0102745283106309     
   3.7806534174477786E+017  ,    1.0102612982342782     
   3.7831212068847552E+017  ,    1.0102480935869562     
   3.7855889963217318E+017  ,    1.0102349143038054     
   3.7880567857587085E+017  ,    1.0102217603201726     
   3.7905245751956845E+017  ,    1.0102086315716086     
   3.7929923646326605E+017  ,    1.0101955279938684     
   3.7954601540696365E+017  ,    1.0101824495229126     
   3.7979279435066138E+017  ,    1.0101693960949025     
   3.8003957329435898E+017  ,    1.0101563676462029     
   3.8028635223805664E+017  ,    1.0101433641133786     
   3.8053313118175430E+017  ,    1.0101303854331940     
   3.8077991012545197E+017  ,    1.0101174315426158     
   3.8102668906914957E+017  ,    1.0101045023788082     
   3.8127346801284717E+017  ,    1.0100915978791327     
   3.8152024695654483E+017  ,    1.0100787179811503     
   3.8176702590024243E+017  ,    1.0100658626226167     
   3.8201380484394016E+017  ,    1.0100530317414840     
   3.8226058378763776E+017  ,    1.0100402252759015     
   3.8250736273133542E+017  ,    1.0100274431642116     
   3.8275414167503290E+017  ,    1.0100146853449481     
   3.8300092061873056E+017  ,    1.0100019517568415     
   3.8324769956242822E+017  ,    1.0099892423388133     
   3.8349447850612589E+017  ,    1.0099765570299757     
   3.8374125744982355E+017  ,    1.0099638957696329     
   3.8398803639352115E+017  ,    1.0099512584972794     
   3.8423481533721882E+017  ,    1.0099386451525973     
   3.8448159428091648E+017  ,    1.0099260556754597     
   3.8472837322461408E+017  ,    1.0099134900059266     
   3.8497515216831168E+017  ,    1.0099009480842451     
   3.8522193111200934E+017  ,    1.0098884298508497     
   3.8546871005570694E+017  ,    1.0098759352463602     
   3.8571548899940467E+017  ,    1.0098634642115814     
   3.8596226794310227E+017  ,    1.0098510166875030     
   3.8620904688679994E+017  ,    1.0098385926153002     
   3.8645582583049747E+017  ,    1.0098261919363283     
   3.8670260477419507E+017  ,    1.0098138145921278     
   3.8694938371789280E+017  ,    1.0098014605244181     
   3.8719616266159046E+017  ,    1.0097891296751029     
   3.8744294160528806E+017  ,    1.0097768219862646     
   3.8768972054898566E+017  ,    1.0097645374001647     
   3.8793649949268346E+017  ,    1.0097522758592470     
   3.8818327843638093E+017  ,    1.0097400373061294     
   3.8843005738007859E+017  ,    1.0097278216836105     
   3.8867683632377619E+017  ,    1.0097156289346660     
   3.8892361526747386E+017  ,    1.0097034590024463     
   3.8917039421117152E+017  ,    1.0096913118302799     
   3.8941717315486918E+017  ,    1.0096791873616684     
   3.8966395209856678E+017  ,    1.0096670855402892     
   3.8991073104226445E+017  ,    1.0096550063099943     
   3.9015750998596205E+017  ,    1.0096429496148058     
   3.9040428892965971E+017  ,    1.0096309153989225     
   3.9065106787335738E+017  ,    1.0096189036067116     
   3.9089784681705498E+017  ,    1.0096069141827144     
   3.9114462576075264E+017  ,    1.0095949470716417     
   3.9139140470445024E+017  ,    1.0095830022183743     
   3.9163818364814797E+017  ,    1.0095710795679615     
   3.9188496259184550E+017  ,    1.0095591790656240     
   3.9213174153554310E+017  ,    1.0095473006567492     
   3.9237852047924070E+017  ,    1.0095354442868913     
   3.9262529942293843E+017  ,    1.0095236099017721     
   3.9287207836663603E+017  ,    1.0095117974472820     
   3.9311885731033370E+017  ,    1.0095000068694731     
   3.9336563625403130E+017  ,    1.0094882381145656     
   3.9361241519772890E+017  ,    1.0094764911289438     
   3.9385919414142656E+017  ,    1.0094647658591549     
   3.9410597308512422E+017  ,    1.0094530622519098     
   3.9435275202882189E+017  ,    1.0094413802540838     
   3.9459953097251949E+017  ,    1.0094297198127111     
   3.9484630991621715E+017  ,    1.0094180808749904     
   3.9509308885991482E+017  ,    1.0094064633882815     
   3.9533986780361248E+017  ,    1.0093948673001014     
   3.9558664674731002E+017  ,    1.0093832925581305     
   3.9583342569100768E+017  ,    1.0093717391102053     
   3.9608020463470528E+017  ,    1.0093602069043244     
   3.9632698357840301E+017  ,    1.0093486958886415     
   3.9657376252210061E+017  ,    1.0093372060114696     
   3.9682054146579827E+017  ,    1.0093257372212769     
   3.9706732040949587E+017  ,    1.0093142894666902     
   3.9731409935319341E+017  ,    1.0093028626964895     
   3.9756087829689114E+017  ,    1.0092914568596130     
   3.9780765724058874E+017  ,    1.0092800719051502     
   3.9805443618428640E+017  ,    1.0092687077823481     
   3.9830121512798400E+017  ,    1.0092573644406053     
   3.9854799407168173E+017  ,    1.0092460418294731     
   3.9879477301537933E+017  ,    1.0092347398986563     
   3.9904155195907699E+017  ,    1.0092234585980113     
   3.9928833090277453E+017  ,    1.0092121978775452     
   3.9953510984647219E+017  ,    1.0092009576874161     
   3.9978188879016986E+017  ,    1.0091897379779338     
   4.0002866773386752E+017  ,    1.0091785386995558     
   4.0027544667756512E+017  ,    1.0091673598028896     
   4.0052222562126278E+017  ,    1.0091562012386917     
   4.0076900456496038E+017  ,    1.0091450629578662     
   4.0101578350865805E+017  ,    1.0091339449114649     
   4.0126256245235571E+017  ,    1.0091228470506868     
   4.0150934139605331E+017  ,    1.0091117693268770     
   4.0175612033975098E+017  ,    1.0091007116915269     
   4.0200289928344851E+017  ,    1.0090896740962729     
   4.0224967822714630E+017  ,    1.0090786564928977     
   4.0249645717084390E+017  ,    1.0090676588333269     
   4.0274323611454144E+017  ,    1.0090566810696306     
   4.0299001505823904E+017  ,    1.0090457231540215     
   4.0323679400193670E+017  ,    1.0090347850388577     
   4.0348357294563437E+017  ,    1.0090238666766362     
   4.0373035188933203E+017  ,    1.0090129680199982     
   4.0397713083302963E+017  ,    1.0090020890217255     
   4.0422390977672730E+017  ,    1.0089912296347407     
   4.0447068872042496E+017  ,    1.0089803898121070     
   4.0471746766412256E+017  ,    1.0089695695070275     
   4.0496424660782022E+017  ,    1.0089587686728443     
   4.0521102555151782E+017  ,    1.0089479872630382     
   4.0545780449521549E+017  ,    1.0089372252312292     
   4.0570458343891315E+017  ,    1.0089264825311743     
   4.0595136238261082E+017  ,    1.0089157591167683     
   4.0619814132630842E+017  ,    1.0089050549420429     
   4.0644492027000602E+017  ,    1.0088943699611657     
   4.0669169921370355E+017  ,    1.0088837041284404     
   4.0693847815740134E+017  ,    1.0088730573983073     
   4.0718525710109894E+017  ,    1.0088624297253399     
   4.0743203604479654E+017  ,    1.0088518210642476     
   4.0767881498849414E+017  ,    1.0088412313698720     
   4.0792559393219181E+017  ,    1.0088306605971904     
   4.0817237287588947E+017  ,    1.0088201087013120     
   4.0841915181958707E+017  ,    1.0088095756374786     
   4.0866593076328474E+017  ,    1.0087990613610645     
   4.0891270970698234E+017  ,    1.0087885658275750     
   4.0915948865068000E+017  ,    1.0087780889926468     
   4.0940626759437766E+017  ,    1.0087676308120479     
   4.0965304653807533E+017  ,    1.0087571912416766     
   4.0989982548177293E+017  ,    1.0087467702375601     
   4.1014660442547053E+017  ,    1.0087363677558543     
   4.1039338336916813E+017  ,    1.0087259837528468     
   4.1064016231286586E+017  ,    1.0087156181849521     
   4.1088694125656346E+017  ,    1.0087052710087112     
   4.1113372020026112E+017  ,    1.0086949421807945     
   4.1138049914395872E+017  ,    1.0086846316579996     
   4.1162727808765645E+017  ,    1.0086743393972488     
   4.1187405703135398E+017  ,    1.0086640653555934     
   4.1212083597505158E+017  ,    1.0086538094902073     
   4.1236761491874925E+017  ,    1.0086435717583939     
   4.1261439386244685E+017  ,    1.0086333521175770     
   4.1286117280614458E+017  ,    1.0086231505253067     
   4.1310795174984218E+017  ,    1.0086129669392589     
   4.1335473069353984E+017  ,    1.0086028013172306     
   4.1360150963723738E+017  ,    1.0085926536171419     
   4.1384828858093504E+017  ,    1.0085825237970381     
   4.1409506752463270E+017  ,    1.0085724118150832     
   4.1434184646833037E+017  ,    1.0085623176295668     
   4.1458862541202797E+017  ,    1.0085522411988979     
   4.1483540435572563E+017  ,    1.0085421824816059     
   4.1508218329942330E+017  ,    1.0085321414363431     
   4.1532896224312096E+017  ,    1.0085221180218791     
   4.1557574118681856E+017  ,    1.0085121121971055     
   4.1582252013051616E+017  ,    1.0085021239210330     
   4.1606929907421382E+017  ,    1.0084921531527895     
   4.1631607801791149E+017  ,    1.0084821998516236     
   4.1656285696160915E+017  ,    1.0084722639769002     
   4.1680963590530675E+017  ,    1.0084623454881034     
   4.1705641484900442E+017  ,    1.0084524443448342     
   4.1730319379270189E+017  ,    1.0084425605068092     
   4.1754997273639962E+017  ,    1.0084326939338633     
   4.1779675168009722E+017  ,    1.0084228445859462     
   4.1804353062379488E+017  ,    1.0084130124231245     
   4.1829030956749254E+017  ,    1.0084031974055783     
   4.1853708851119014E+017  ,    1.0083933994936036     
   4.1878386745488787E+017  ,    1.0083836186476118     
   4.1903064639858547E+017  ,    1.0083738548281267     
   4.1927742534228307E+017  ,    1.0083641079957868     
   4.1952420428598067E+017  ,    1.0083543781113444     
   4.1977098322967834E+017  ,    1.0083446651356622     
   4.2001776217337600E+017  ,    1.0083349690297183     
   4.2026454111707366E+017  ,    1.0083252897546022     
   4.2051132006077126E+017  ,    1.0083156272715141     
   4.2075809900446893E+017  ,    1.0083059815417663     
   4.2100487794816646E+017  ,    1.0082963525267827     
   4.2125165689186419E+017  ,    1.0082867401880966     
   4.2149843583556179E+017  ,    1.0082771444873513     
   4.2174521477925939E+017  ,    1.0082675653863020     
   4.2199199372295706E+017  ,    1.0082580028468122     
   4.2223877266665478E+017  ,    1.0082484568308534     
   4.2248555161035238E+017  ,    1.0082389273005072     
   4.2273233055404992E+017  ,    1.0082294142179635     
   4.2297910949774758E+017  ,    1.0082199175455189     
   4.2322588844144518E+017  ,    1.0082104372455796     
   4.2347266738514291E+017  ,    1.0082009732806576     
   4.2371944632884051E+017  ,    1.0081915256133727     
   4.2396622527253818E+017  ,    1.0081820942064497     
   4.2421300421623578E+017  ,    1.0081726790227215     
   4.2445978315993344E+017  ,    1.0081632800251252     
   4.2470656210363104E+017  ,    1.0081538971767039     
   4.2495334104732870E+017  ,    1.0081445304406069     
   4.2520011999102630E+017  ,    1.0081351797800866     
   4.2544689893472397E+017  ,    1.0081258451584998     
   4.2569367787842163E+017  ,    1.0081165265393088     
   4.2594045682211930E+017  ,    1.0081072238860780     
   4.2618723576581696E+017  ,    1.0080979371624759     
   4.2643401470951443E+017  ,    1.0080886663322735     
   4.2668079365321210E+017  ,    1.0080794113593454     
   4.2692757259690970E+017  ,    1.0080701722076673     
   4.2717435154060742E+017  ,    1.0080609488413170     
   4.2742113048430502E+017  ,    1.0080517412244743     
   4.2766790942800269E+017  ,    1.0080425493214193     
   4.2791468837170029E+017  ,    1.0080333730965352     
   4.2816146731539789E+017  ,    1.0080242125143042     
   4.2840824625909555E+017  ,    1.0080150675393067     
   4.2865502520279322E+017  ,    1.0080059381362272     
   4.2890180414649088E+017  ,    1.0079968242698465     
   4.2914858309018848E+017  ,    1.0079877259050456     
   4.2939536203388621E+017  ,    1.0079786430068052     
   4.2964214097758381E+017  ,    1.0079695755402025     
   4.2988891992128147E+017  ,    1.0079605234704148     
   4.3013569886497901E+017  ,    1.0079514867627162     
   4.3038247780867667E+017  ,    1.0079424653824796     
   4.3062925675237434E+017  ,    1.0079334592951728     
   4.3087603569607200E+017  ,    1.0079244684663629     
   4.3112281463976960E+017  ,    1.0079154928617129     
   4.3136959358346726E+017  ,    1.0079065324469800     
   4.3161637252716486E+017  ,    1.0078975871880211     
   4.3186315147086246E+017  ,    1.0078886570507846     
   4.3210993041456013E+017  ,    1.0078797420013172     
   4.3235670935825773E+017  ,    1.0078708420057598     
   4.3260348830195539E+017  ,    1.0078619570303469     
   4.3285026724565299E+017  ,    1.0078530870414077     
   4.3309704618935072E+017  ,    1.0078442320053667     
   4.3334382513304832E+017  ,    1.0078353918887408     
   4.3359060407674598E+017  ,    1.0078265666581403     
   4.3383738302044352E+017  ,    1.0078177562802686     
   4.3408416196414125E+017  ,    1.0078089607219229     
   4.3433094090783885E+017  ,    1.0078001799499914     
   4.3457771985153651E+017  ,    1.0077914139314552     
   4.3482449879523411E+017  ,    1.0077826626333874     
   4.3507127773893178E+017  ,    1.0077739260229528     
   4.3531805668262944E+017  ,    1.0077652040674052     
   4.3556483562632704E+017  ,    1.0077564967340922     
   4.3581161457002464E+017  ,    1.0077478039904513     
   4.3605839351372230E+017  ,    1.0077391258040094     
   4.3630517245741997E+017  ,    1.0077304621423835     
   4.3655195140111763E+017  ,    1.0077218129732814     
   4.3679873034481530E+017  ,    1.0077131782644997     
   4.3704550928851283E+017  ,    1.0077045579839230     
   4.3729228823221043E+017  ,    1.0076959520995272     
   4.3753906717590803E+017  ,    1.0076873605793748     
   4.3778584611960576E+017  ,    1.0076787833916165     
   4.3803262506330336E+017  ,    1.0076702205044921     
   4.3827940400700102E+017  ,    1.0076616718863283     
   4.3852618295069862E+017  ,    1.0076531375055393     
   4.3877296189439629E+017  ,    1.0076446173306266     
   4.3901974083809395E+017  ,    1.0076361113301777     
   4.3926651978179155E+017  ,    1.0076276194728682     
   4.3951329872548922E+017  ,    1.0076191417274583     
   4.3976007766918682E+017  ,    1.0076106780627958     
   4.4000685661288454E+017  ,    1.0076022284478114     
   4.4025363555658214E+017  ,    1.0075937928515240     
   4.4050041450027981E+017  ,    1.0075853712430367     
   4.4074719344397741E+017  ,    1.0075769635915370     
   4.4099397238767494E+017  ,    1.0075685698662971     
   4.4124075133137267E+017  ,    1.0075601900366726     
   4.4148753027507034E+017  ,    1.0075518240721066     
   4.4173430921876787E+017  ,    1.0075434719421208     
   4.4198108816246554E+017  ,    1.0075351336163234     
   4.4222786710616314E+017  ,    1.0075268090644061     
   4.4247464604986086E+017  ,    1.0075184982561420     
   4.4272142499355846E+017  ,    1.0075102011613868     
   4.4296820393725606E+017  ,    1.0075019177500810     
   4.4321498288095373E+017  ,    1.0074936479922438     
   4.4346176182465133E+017  ,    1.0074853918579780     
   4.4370854076834906E+017  ,    1.0074771493174681     
   4.4395531971204666E+017  ,    1.0074689203409790     
   4.4420209865574432E+017  ,    1.0074607048988580     
   4.4444887759944192E+017  ,    1.0074525029615311     
   4.4469565654313952E+017  ,    1.0074443144995064     
   4.4494243548683718E+017  ,    1.0074361394833724     
   4.4518921443053485E+017  ,    1.0074279778837965     
   4.4543599337423245E+017  ,    1.0074198296715253     
   4.4568277231793011E+017  ,    1.0074116948173875     
   4.4592955126162778E+017  ,    1.0074035732922870     
   4.4617633020532544E+017  ,    1.0073954650672110     
   4.4642310914902298E+017  ,    1.0073873701132223     
   4.4666988809272058E+017  ,    1.0073792884014634     
   4.4691666703641824E+017  ,    1.0073712199031548     
   4.4716344598011590E+017  ,    1.0073631645895933     
   4.4741022492381357E+017  ,    1.0073551224321569     
   4.4765700386751117E+017  ,    1.0073470934022977     
   4.4790378281120883E+017  ,    1.0073390774715463     
   4.4815056175490637E+017  ,    1.0073310746115101     
   4.4839734069860410E+017  ,    1.0073230847938730     
   4.4864411964230170E+017  ,    1.0073151079903957     
   4.4889089858599936E+017  ,    1.0073071441729153     
   4.4913767752969696E+017  ,    1.0072991933133435     
   4.4938445647339462E+017  ,    1.0072912553836686     
   4.4963123541709229E+017  ,    1.0072833303559545     
   4.4987801436078995E+017  ,    1.0072754182023405     
   4.5012479330448755E+017  ,    1.0072675188950393     
   4.5037157224818515E+017  ,    1.0072596324063405     
   4.5061835119188282E+017  ,    1.0072517587086056     
   4.5086513013558048E+017  ,    1.0072438977742728     
   4.5111190907927814E+017  ,    1.0072360495758528     
   4.5135868802297574E+017  ,    1.0072282140859312     
   4.5160546696667334E+017  ,    1.0072203912771662     
   4.5185224591037088E+017  ,    1.0072125811222887     
   4.5209902485406861E+017  ,    1.0072047835941038     
   4.5234580379776621E+017  ,    1.0071969986654898     
   4.5259258274146387E+017  ,    1.0071892263093951     
   4.5283936168516147E+017  ,    1.0071814664988443     
   4.5308614062885920E+017  ,    1.0071737192069303     
   4.5333291957255680E+017  ,    1.0071659844068213     
   4.5357969851625446E+017  ,    1.0071582620717532     
   4.5382647745995206E+017  ,    1.0071505521750366     
   4.5407325640364966E+017  ,    1.0071428546900523     
   4.5432003534734739E+017  ,    1.0071351695902522     
   4.5456681429104499E+017  ,    1.0071274968491573     
   4.5481359323474266E+017  ,    1.0071198364403624     
   4.5506037217844026E+017  ,    1.0071121883375302     
   4.5530715112213792E+017  ,    1.0071045525143931     
   4.5555393006583552E+017  ,    1.0070969289447549     
   4.5580070900953318E+017  ,    1.0070893176024884     
   4.5604748795323078E+017  ,    1.0070817184615353     
   4.5629426689692838E+017  ,    1.0070741314959075     
   4.5654104584062605E+017  ,    1.0070665566796855     
   4.5678782478432378E+017  ,    1.0070589939870174     
   4.5703460372802138E+017  ,    1.0070514433921214     
   4.5728138267171891E+017  ,    1.0070439048692834     
   4.5752816161541658E+017  ,    1.0070363783928571     
   4.5777494055911424E+017  ,    1.0070288639372642     
   4.5802171950281190E+017  ,    1.0070213614769947     
   4.5826849844650950E+017  ,    1.0070138709866048     
   4.5851527739020717E+017  ,    1.0070063924407189     
   4.5876205633390477E+017  ,    1.0069989258140288     
   4.5900883527760250E+017  ,    1.0069914710812917     
   4.5925561422130003E+017  ,    1.0069840282173326     
   4.5950239316499770E+017  ,    1.0069765971970426     
   4.5974917210869530E+017  ,    1.0069691779953787     
   4.5999595105239296E+017  ,    1.0069617705873635     
   4.6024272999609062E+017  ,    1.0069543749480867     
   4.6048950893978829E+017  ,    1.0069469910527029     
   4.6073628788348595E+017  ,    1.0069396188764306     
   4.6098306682718342E+017  ,    1.0069322583945555     
   4.6122984577088109E+017  ,    1.0069249095824275     
   4.6147662471457875E+017  ,    1.0069175724154615     
   4.6172340365827642E+017  ,    1.0069102468691356     
   4.6197018260197402E+017  ,    1.0069029329189947     
   4.6221696154567168E+017  ,    1.0068956305406449     
   4.6246374048936928E+017  ,    1.0068883397097590     
   4.6271051943306694E+017  ,    1.0068810604020715     
   4.6295729837676454E+017  ,    1.0068737925933804     
   4.6320407732046221E+017  ,    1.0068665362595499     
   4.6345085626415987E+017  ,    1.0068592913765029     
   4.6369763520785754E+017  ,    1.0068520579202282     
   4.6394441415155514E+017  ,    1.0068448358667776     
   4.6419119309525280E+017  ,    1.0068376251922639     
   4.6443797203895046E+017  ,    1.0068304258728626     
   4.6468475098264800E+017  ,    1.0068232378848119     
   4.6493152992634573E+017  ,    1.0068160612044110     
   4.6517830887004333E+017  ,    1.0068088958080228     
   4.6542508781374099E+017  ,    1.0068017416720692     
   4.6567186675743859E+017  ,    1.0067945987730349     
   4.6591864570113626E+017  ,    1.0067874670874668     
   4.6616542464483392E+017  ,    1.0067803465919702     
   4.6641220358853146E+017  ,    1.0067732372632128     
   4.6665898253222906E+017  ,    1.0067661390779237     
   4.6690576147592672E+017  ,    1.0067590520128906     
   4.6715254041962438E+017  ,    1.0067519760449621     
   4.6739931936332205E+017  ,    1.0067449111510482     
   4.6764609830701971E+017  ,    1.0067378573081165     
   4.6789287725071731E+017  ,    1.0067308144931959     
   4.6813965619441491E+017  ,    1.0067237826833737     
   4.6838643513811251E+017  ,    1.0067167618557982     
   4.6863321408181024E+017  ,    1.0067097519876747     
   4.6887999302550784E+017  ,    1.0067027530562687     
   4.6912677196920550E+017  ,    1.0066957650389046     
   4.6937355091290310E+017  ,    1.0066887879129645     
   4.6962032985660083E+017  ,    1.0066818216558902     
   4.6986710880029843E+017  ,    1.0066748662451794     
   4.7011388774399603E+017  ,    1.0066679216583918     
   4.7036066668769363E+017  ,    1.0066609878731401     
   4.7060744563139130E+017  ,    1.0066540648670985     
   4.7085422457508896E+017  ,    1.0066471526179970     
   4.7110100351878662E+017  ,    1.0066402511036234     
   4.7134778246248429E+017  ,    1.0066333603018214     
   4.7159456140618182E+017  ,    1.0066264801904943     
   4.7184134034987942E+017  ,    1.0066196107475998     
   4.7208811929357709E+017  ,    1.0066127519511530     
   4.7233489823727475E+017  ,    1.0066059037792263     
   4.7258167718097235E+017  ,    1.0065990662099464     
   4.7282845612467002E+017  ,    1.0065922392214983     
   4.7307523506836762E+017  ,    1.0065854227921218     
   4.7332201401206534E+017  ,    1.0065786169001121     
   4.7356879295576294E+017  ,    1.0065718215238215     
   4.7381557189946054E+017  ,    1.0065650366416550     
   4.7406235084315821E+017  ,    1.0065582622320763     
   4.7430912978685581E+017  ,    1.0065514982736012     
   4.7455590873055354E+017  ,    1.0065447447448028     
   4.7480268767425114E+017  ,    1.0065380016243066     
   4.7504946661794880E+017  ,    1.0065312688907952     
   4.7529624556164640E+017  ,    1.0065245465230030     
   4.7554302450534394E+017  ,    1.0065178344997203     
   4.7578980344904166E+017  ,    1.0065111327997915     
   4.7603658239273933E+017  ,    1.0065044414021145     
   4.7628336133643686E+017  ,    1.0064977602856402     
   4.7653014028013453E+017  ,    1.0064910894293753     
   4.7677691922383219E+017  ,    1.0064844288123767     
   4.7702369816752986E+017  ,    1.0064777784137571     
   4.7727047711122746E+017  ,    1.0064711382126821     
   4.7751725605492506E+017  ,    1.0064645081883687     
   4.7776403499862272E+017  ,    1.0064578883200890     
   4.7801081394232038E+017  ,    1.0064512785871644     
   4.7825759288601805E+017  ,    1.0064446789689718     
   4.7850437182971565E+017  ,    1.0064380894449396     
   4.7875115077341331E+017  ,    1.0064315099945476     
   4.7899792971711091E+017  ,    1.0064249405973282     
   4.7924470866080858E+017  ,    1.0064183812328658     
   4.7949148760450618E+017  ,    1.0064118318807946     
   4.7973826654820384E+017  ,    1.0064052925208038     
   4.7998504549190144E+017  ,    1.0063987631326303     
   4.8023182443559910E+017  ,    1.0063922436960648     
   4.8047860337929677E+017  ,    1.0063857341909479     
   4.8072538232299443E+017  ,    1.0063792345971709     
   4.8097216126669197E+017  ,    1.0063727448946767     
   4.8121894021038957E+017  ,    1.0063662650634586     
   4.8146571915408730E+017  ,    1.0063597950835592     
   4.8171249809778490E+017  ,    1.0063533349350726     
   4.8195927704148256E+017  ,    1.0063468845981429     
   4.8220605598518016E+017  ,    1.0063404440529631     
   4.8245283492887782E+017  ,    1.0063340132797780     
   4.8269961387257542E+017  ,    1.0063275922588795     
   4.8294639281627309E+017  ,    1.0063211809706112     
   4.8319317175997069E+017  ,    1.0063147793953657     
   4.8343995070366835E+017  ,    1.0063083875135839     
   4.8368672964736595E+017  ,    1.0063020053057563     
   4.8393350859106368E+017  ,    1.0062956327524222     
   4.8418028753476128E+017  ,    1.0062892698341710     
   4.8442706647845894E+017  ,    1.0062829165316372     
   4.8467384542215654E+017  ,    1.0062765728255081     
   4.8492062436585414E+017  ,    1.0062702386965170     
   4.8516740330955187E+017  ,    1.0062639141254452     
   4.8541418225324947E+017  ,    1.0062575990931237     
   4.8566096119694714E+017  ,    1.0062512935804289     
   4.8590774014064474E+017  ,    1.0062449975682883     
   4.8615451908434234E+017  ,    1.0062387110376734     
   4.8640129802803994E+017  ,    1.0062324339696058     
   4.8664807697173760E+017  ,    1.0062261663451533     
   4.8689485591543520E+017  ,    1.0062199081454315     
   4.8714163485913286E+017  ,    1.0062136593516031     
   4.8738841380283053E+017  ,    1.0062074199448772     
   4.8763519274652819E+017  ,    1.0062011899065089     
   4.8788197169022579E+017  ,    1.0061949692178016     
   4.8812875063392346E+017  ,    1.0061887578601045     
   4.8837552957762106E+017  ,    1.0061825558148136     
   4.8862230852131872E+017  ,    1.0061763630633704     
   4.8886908746501638E+017  ,    1.0061701795872622     
   4.8911586640871398E+017  ,    1.0061640053680234     
   4.8936264535241165E+017  ,    1.0061578403872335     
   4.8960942429610925E+017  ,    1.0061516846265186     
   4.8985620323980698E+017  ,    1.0061455380675486     
   4.9010298218350451E+017  ,    1.0061394006920401     
   4.9034976112720218E+017  ,    1.0061332724817547     
   4.9059654007089971E+017  ,    1.0061271534184990     
   4.9084331901459738E+017  ,    1.0061210434841255     
   4.9109009795829510E+017  ,    1.0061149426605294     
   4.9133687690199270E+017  ,    1.0061088509296530     
   4.9158365584569037E+017  ,    1.0061027682734813     
   4.9183043478938790E+017  ,    1.0060966946740466     
   4.9207721373308557E+017  ,    1.0060906301134216     
   4.9232399267678323E+017  ,    1.0060845745737270     
   4.9257077162048090E+017  ,    1.0060785280371247     
   4.9281755056417850E+017  ,    1.0060724904858216     
   4.9306432950787616E+017  ,    1.0060664619020698     
   4.9331110845157382E+017  ,    1.0060604422681627     
   4.9355788739527149E+017  ,    1.0060544315664386     
