   0.0000000000000000       ,    556.85509999999999     
   246778943697635.72       ,    314.47408287272515     
   493557887395271.44       ,    145.21171557105441     
   740336831092907.12       ,    78.510202394933401     
   987115774790542.88       ,    49.142042315644169     
   1233894718488178.5       ,    34.154621572407429     
   1480673662185814.2       ,    25.585481457488765     
   1727452605883449.8       ,    20.253731033925984     
   1974231549581085.8       ,    16.715907946818540     
   2221010493278721.5       ,    14.247080998126771     
   2467789436976357.0       ,    12.452840248327503     
   2714568380673993.0       ,    11.104410459744294     
   2961347324371628.5       ,    10.061993671468999     
   3208126268069264.5       ,    9.2364010970833785     
   3454905211766899.5       ,    8.5686359959432021     
   3701684155464535.5       ,    8.0184545560764349     
   3948463099162171.5       ,    7.5576696247137054     
   4195242042859807.5       ,    7.1660800855615721     
   4442020986557443.0       ,    6.8289138614626417     
   4688799930255079.0       ,    6.5351748767099327     
   4935578873952714.0       ,    6.2765469357428207     
   5182357817650351.0       ,    6.0466503076396370     
   5429136761347986.0       ,    5.8405272555452159     
   5675915705045621.0       ,    5.6542794989627039     
   5922694648743257.0       ,    5.4848085332780059     
   6169473592440893.0       ,    5.3296268523625647     
   6416252536138529.0       ,    5.1867188566595965     
   6663031479836163.0       ,    5.0544371040349683     
   6909810423533799.0       ,    4.9314240478719382     
   7156589367231436.0       ,    4.8165523876223766     
   7403368310929071.0       ,    4.7088791694133310     
   7650147254626707.0       ,    4.6076101534386114     
   7896926198324343.0       ,    4.5120719232148083     
   8143705142021978.0       ,    4.4216898863563534     
   8390484085719615.0       ,    4.3359707970617727     
   8637263029417251.0       ,    4.2544887766434494     
   8884041973114886.0       ,    4.1768740603592844     
   9130820916812522.0       ,    4.1028038839393437     
   9377599860510158.0       ,    4.0319950604845722     
   9624378804207792.0       ,    3.9641979010785708     
   9871157747905428.0       ,    3.8991912098375119     
   10117936691603062.       ,    3.8367781428880314     
   10364715635300702.       ,    3.7767827657015349     
   10611494578998336.       ,    3.7190471778071257     
   10858273522695972.       ,    3.6634291007025266     
   11105052466393608.       ,    3.6097998456638445     
   11351831410091242.       ,    3.5580425945187137     
   11598610353788878.       ,    3.5080509393399697     
   11845389297486514.       ,    3.4597276372270787     
   12092168241184150.       ,    3.4129835444681067     
   12338947184881786.       ,    3.3677367008721659     
   12585726128579420.       ,    3.3239115402808466     
   12832505072277058.       ,    3.2814382074770734     
   13079284015974692.       ,    3.2402519651201498     
   13326062959672326.       ,    3.2002926771095574     
   13572841903369964.       ,    3.1615043570448038     
   13819620847067598.       ,    3.1238347723046993     
   14066399790765236.       ,    3.0872350957959007     
   14313178734462872.       ,    3.0516595986804944     
   14559957678160508.       ,    3.0170653784355697     
   14806736621858142.       ,    2.9834121174643919     
   15053515565555778.       ,    2.9506618682009291     
   15300294509253414.       ,    2.9187788612529966     
   15547073452951048.       ,    2.8877293336352063     
   15793852396648686.       ,    2.8574813745680152     
   16040631340346322.       ,    2.8280047866775613     
   16287410284043956.       ,    2.7992709607336868     
   16534189227741592.       ,    2.7712527623200165     
   16780968171439230.       ,    2.7439244290477713     
   17027747115136864.       ,    2.7172614771102799     
   17274526058834502.       ,    2.6912406161333640     
   17521305002532136.       ,    2.6658396714119421     
   17768083946229772.       ,    2.6410375127390888     
   18014862889927408.       ,    2.6168139891332975     
   18261641833625044.       ,    2.5931498688553423     
   18508420777322676.       ,    2.5700267841799986     
   18755199721020316.       ,    2.5474271804517374     
   19001978664717952.       ,    2.5253342690087681     
   19248757608415584.       ,    2.5037319836077994     
   19495536552113224.       ,    2.4826049400236028     
   19742315495810856.       ,    2.4619383985338090     
   19989094439508492.       ,    2.4417182290310873     
   20235873383206124.       ,    2.4219308785326348     
   20482652326903768.       ,    2.4025633408812213     
   20729431270601404.       ,    2.3836031284534074     
   20976210214299032.       ,    2.3650382457093362     
   21222989157996672.       ,    2.3468571644351228     
   21469768101694304.       ,    2.3290488005434691     
   21716547045391944.       ,    2.3116024923111085     
   21963325989089580.       ,    2.2945079799432166     
   22210104932787216.       ,    2.2777553863650901     
   22456883876484848.       ,    2.2613351991505470     
   22703662820182484.       ,    2.2452382535046072     
   22950441763880124.       ,    2.2294557162252415     
   23197220707577756.       ,    2.2139790705755353     
   23443999651275396.       ,    2.1988001020033936     
   23690778594973028.       ,    2.1839108846511919     
   23937557538670660.       ,    2.1693037686024952     
   24184336482368300.       ,    2.1549713678172160     
   24431115426065936.       ,    2.1409065487104715     
   24677894369763572.       ,    2.1271024193338337     
   24924673313461208.       ,    2.1135523191209074     
   25171452257158840.       ,    2.1002498091619755     
   25418231200856472.       ,    2.0871886629751222     
   25665010144554116.       ,    2.0743628577436009     
   25911789088251748.       ,    2.0617665659914262     
   26158568031949384.       ,    2.0493941476711171     
   26405346975647024.       ,    2.0372401426394040     
   26652125919344652.       ,    2.0252992634983316     
   26898904863042292.       ,    2.0135663887807667     
   27145683806739928.       ,    2.0020365564607268     
   27392462750437564.       ,    1.9907049577702300     
   27639241694135196.       ,    1.9795669313055986     
   27886020637832840.       ,    1.9686179574072369     
   28132799581530472.       ,    1.9578536527979389     
   28379578525228104.       ,    1.9472697654657309     
   28626357468925744.       ,    1.9368621697781210     
   28873136412623376.       ,    1.9266268618154729     
   29119915356321016.       ,    1.9165599549119356     
   29366694300018652.       ,    1.9066576753931050     
   29613473243716284.       ,    1.8969163585002164     
   29860252187413920.       ,    1.8873324444912947     
   30107031131111556.       ,    1.8779024749102513     
   30353810074809196.       ,    1.8686230890154369     
   30600589018506828.       ,    1.8594910203596637     
   30847367962204468.       ,    1.8505030935141593     
   31094146905902096.       ,    1.8416562209293732     
   31340925849599732.       ,    1.8329473999259025     
   31587704793297372.       ,    1.8243737098092530     
   31834483736995008.       ,    1.8159323091024349     
   32081262680692644.       ,    1.8076204328907812     
   32328041624390276.       ,    1.7994353902736309     
   32574820568087912.       ,    1.7913745619178674     
   32821599511785544.       ,    1.7834353977085216     
   33068378455483184.       ,    1.7756154144919409     
   33315157399180820.       ,    1.7679121939072506     
   33561936342878460.       ,    1.7603233803020597     
   33808715286576096.       ,    1.7528466787285848     
   34055494230273728.       ,    1.7454798530165521     
   34302273173971364.       ,    1.7382207239194376     
   34549052117669004.       ,    1.7310671673307789     
   34795831061366640.       ,    1.7240171125674506     
   35042610005064272.       ,    1.7170685407169697     
   35289388948761908.       ,    1.7102194830460262     
   35536167892459544.       ,    1.7034680194675964     
   35782946836157176.       ,    1.6968122770640937     
   36029725779854816.       ,    1.6902504286641851     
   36276504723552456.       ,    1.6837806914709748     
   36523283667250088.       ,    1.6774013257393841     
   36770062610947720.       ,    1.6711106335006760     
   37016841554645352.       ,    1.6649069573321487     
   37263620498342992.       ,    1.6587886791701227     
   37510399442040632.       ,    1.6527542191644582     
   37757178385738264.       ,    1.6468020345728791     
   38003957329435904.       ,    1.6409306186935062     
   38250736273133536.       ,    1.6351384998340406     
   38497515216831168.       ,    1.6294242403161416     
   38744294160528800.       ,    1.6237864355135776     
   38991073104226448.       ,    1.6182237129228221     
   39237852047924080.       ,    1.6127347312648190     
   39484630991621712.       ,    1.6073181796166816     
   39731409935319344.       ,    1.6019727765721705     
   39978188879016984.       ,    1.5966972694298398     
   40224967822714624.       ,    1.5914904334077737     
   40471746766412248.       ,    1.5863510708839101     
   40718525710109896.       ,    1.5812780106609694     
   40965304653807536.       ,    1.5762701072550582     
   41212083597505160.       ,    1.5713262402070669     
   41458862541202808.       ,    1.5664453134159975     
   41705641484900432.       ,    1.5616262544934167     
   41952420428598064.       ,    1.5568680141382449     
   42199199372295704.       ,    1.5521695655311414     
   42445978315993344.       ,    1.5475299037477659     
   42692757259690976.       ,    1.5429480451902315     
   42939536203388608.       ,    1.5384230270360930     
   43186315147086256.       ,    1.5339539067042354     
   43433094090783888.       ,    1.5295397613370658     
   43679873034481520.       ,    1.5251796872984287     
   43926651978179160.       ,    1.5208727996866751     
   44173430921876792.       ,    1.5166182318623773     
   44420209865574432.       ,    1.5124151349901527     
   44666988809272064.       ,    1.5082626775941224     
   44913767752969696.       ,    1.5041600451265233     
   45160546696667336.       ,    1.5001064395490260     
   45407325640364968.       ,    1.4961010789263207     
   45654104584062600.       ,    1.4921431970315535     
   45900883527760248.       ,    1.4882320429632141     
   46147662471457880.       ,    1.4843668807730819     
   46394441415155512.       ,    1.4805469891048681     
   46641220358853152.       ,    1.4767716608431924     
   46887999302550792.       ,    1.4730402027725455     
   47134778246248424.       ,    1.4693519352459190     
   47381557189946056.       ,    1.4657061918627770     
   47628336133643696.       ,    1.4621023191560618     
   47875115077341320.       ,    1.4585396762879459     
   48121894021038960.       ,    1.4550176347540431     
   48368672964736600.       ,    1.4515355780958061     
   48615451908434232.       ,    1.4480929016208453     
   48862230852131872.       ,    1.4446890121309230     
   49109009795829504.       ,    1.4413233276573687     
   49355788739527144.       ,    1.4379952772036921     
   49602567683224784.       ,    1.4347043004951536     
   49849346626922416.       ,    1.4314498477350897     
   50096125570620048.       ,    1.4282313793677652     
   50342904514317680.       ,    1.4250483658475657     
   50589683458015320.       ,    1.4219002874143234     
   50836462401712944.       ,    1.4187866338745889     
   51083241345410592.       ,    1.4157069043886750     
   51330020289108232.       ,    1.4126606072632812     
   51576799232805856.       ,    1.4096472597495469     
   51823578176503496.       ,    1.4066663878463508     
   52070357120201144.       ,    1.4037175261087180     
   52317136063898768.       ,    1.4008002174611640     
   52563915007596408.       ,    1.3979140130158358     
   52810693951294048.       ,    1.3950584718953163     
   53057472894991680.       ,    1.3922331610599321     
   53304251838689304.       ,    1.3894376551394552     
   53551030782386944.       ,    1.3866715362690549     
   53797809726084584.       ,    1.3839343939293818     
   54044588669782216.       ,    1.3812258247906599     
   54291367613479856.       ,    1.3785454325606752     
   54538146557177496.       ,    1.3758928278365457     
   54784925500875128.       ,    1.3732676279601634     
   55031704444572768.       ,    1.3706694568772035     
   55278483388270392.       ,    1.3680979449996038     
   55525262331968040.       ,    1.3655527290714045     
   55772041275665680.       ,    1.3630334520378702     
   56018820219363296.       ,    1.3605397629177836     
   56265599163060944.       ,    1.3580713166788352     
   56512378106758576.       ,    1.3556277741160161     
   56759157050456208.       ,    1.3532088017329338     
   57005935994153848.       ,    1.3508140716259665     
   57252714937851488.       ,    1.3484432613711774     
   57499493881549120.       ,    1.3460960539139237     
   57746272825246752.       ,    1.3437721374610634     
   57993051768944392.       ,    1.3414712053757187     
   58239830712642032.       ,    1.3391929560745000     
   58486609656339664.       ,    1.3369370929271378     
   58733388600037304.       ,    1.3347033241584623     
   58980167543734928.       ,    1.3324913627526469     
   59226946487432568.       ,    1.3303009263596794     
   59473725431130208.       ,    1.3281317372039867     
   59720504374827840.       ,    1.3259835219951541     
   59967283318525480.       ,    1.3238560118407001     
   60214062262223112.       ,    1.3217489421608319     
   60460841205920744.       ,    1.3196620526051419     
   60707620149618392.       ,    1.3175950869711930     
   60954399093316024.       ,    1.3155477931249422     
   61201178037013656.       ,    1.3135199229229522     
   61447956980711296.       ,    1.3115112321363462     
   61694735924408936.       ,    1.3095214803764703     
   61941514868106552.       ,    1.3075504310221970     
   62188293811804192.       ,    1.3055978511488531     
   62435072755501840.       ,    1.3036635114587165     
   62681851699199464.       ,    1.3017471862130403     
   62928630642897104.       ,    1.2998486531655782     
   63175409586594744.       ,    1.2979676934975544     
   63422188530292376.       ,    1.2961040917540623     
   63668967473990016.       ,    1.2942576357818392     
   63915746417687648.       ,    1.2924281166683940     
   64162525361385288.       ,    1.2906153286824453     
   64409304305082928.       ,    1.2888190692156478     
   64656083248780552.       ,    1.2870391387255604     
   64902862192478192.       ,    1.2852753406798421     
   65149641136175824.       ,    1.2835274815016353     
   65396420079873464.       ,    1.2817953705161043     
   65643199023571088.       ,    1.2800788198981170     
   65889977967268736.       ,    1.2783776446210180     
   66136756910966368.       ,    1.2766916624064888     
   66383535854664000.       ,    1.2750206936754602     
   66630314798361640.       ,    1.2733645615000422     
   66877093742059288.       ,    1.2717230915564663     
   67123872685756920.       ,    1.2700961120789975     
   67370651629454552.       ,    1.2684834538148084     
   67617430573152192.       ,    1.2668849499797765     
   67864209516849808.       ,    1.2653004362151981     
   68110988460547456.       ,    1.2637297505453875     
   68357767404245088.       ,    1.2621727333361443     
   68604546347942728.       ,    1.2606292272540667     
   68851325291640360.       ,    1.2590990772266939     
   69098104235338008.       ,    1.2575821304034516     
   69344883179035632.       ,    1.2560782361173966     
   69591662122733280.       ,    1.2545872458477170     
   69838441066430912.       ,    1.2531090131830009     
   70085220010128544.       ,    1.2516433937852309     
   70331998953826184.       ,    1.2501902453545004     
   70578777897523816.       ,    1.2487494275944300     
   70825556841221448.       ,    1.2473208021782762     
   71072335784919088.       ,    1.2459042327157028     
   71319114728616720.       ,    1.2444995847202120     
   71565893672314352.       ,    1.2431067255772184     
   71812672616011984.       ,    1.2417255245127410     
   72059451559709632.       ,    1.2403558525627181     
   72306230503407264.       ,    1.2389975825429091     
   72553009447104912.       ,    1.2376505890193943     
   72799788390802544.       ,    1.2363147482796308     
   73046567334500176.       ,    1.2349899383040841     
   73293346278197808.       ,    1.2336760387383923     
   73540125221895440.       ,    1.2323729308660769     
   73786904165593072.       ,    1.2310804975817660     
   74033683109290704.       ,    1.2297986233649372     
   74280462052988352.       ,    1.2285271942541587     
   74527240996685984.       ,    1.2272660978218146     
   74774019940383616.       ,    1.2260152231493167     
   75020798884081264.       ,    1.2247744608027795     
   75267577827778880.       ,    1.2235437028091567     
   75514356771476528.       ,    1.2223228426328203     
   75761135715174160.       ,    1.2211117751525880     
   76007914658871808.       ,    1.2199103966391684     
   76254693602569440.       ,    1.2187186047330363     
   76501472546267072.       ,    1.2175362984227156     
   76748251489964704.       ,    1.2163633780234568     
   76995030433662336.       ,    1.2151997451563237     
   77241809377359968.       ,    1.2140453027276537     
   77488588321057600.       ,    1.2128999549088979     
   77735367264755264.       ,    1.2117636071168341     
   77982146208452896.       ,    1.2106361659941391     
   78228925152150528.       ,    1.2095175393903124     
   78475704095848160.       ,    1.2084076363429517     
   78722483039545792.       ,    1.2073063670593656     
   78969261983243424.       ,    1.2062136428985173     
   79216040926941056.       ,    1.2051293763532975     
   79462819870638688.       ,    1.2040534810331114     
   79709598814336336.       ,    1.2029858716467825     
   79956377758033968.       ,    1.2019264639857579     
   80203156701731600.       ,    1.2008751749076192     
   80449935645429248.       ,    1.1998319223198801     
   80696714589126880.       ,    1.1987966251640758     
   80943493532824496.       ,    1.1977692034001342     
   81190272476522144.       ,    1.1967495779910204     
   81437051420219792.       ,    1.1957376708876515     
   81683830363917424.       ,    1.1947334050140834     
   81930609307615072.       ,    1.1937367042529443     
   82177388251312688.       ,    1.1927474934311362     
   82424167195010320.       ,    1.1917656983057774     
   82670946138707952.       ,    1.1907912455503886     
   82917725082405616.       ,    1.1898240627413263     
   83164504026103248.       ,    1.1888640783444433     
   83411282969800864.       ,    1.1879112217019827     
   83658061913498512.       ,    1.1869654230196953     
   83904840857196128.       ,    1.1860266133541812     
   84151619800893776.       ,    1.1850947246004462     
   84398398744591408.       ,    1.1841696894796720     
   84645177688289056.       ,    1.1832514415271911     
   84891956631986688.       ,    1.1823399150806704     
   85138735575684336.       ,    1.1814350452684939     
   85385514519381952.       ,    1.1805367679983414     
   85632293463079600.       ,    1.1796450199459589     
   85879072406777216.       ,    1.1787597385441180     
   86125851350474864.       ,    1.1778808619717640     
   86372630294172512.       ,    1.1770083291433426     
   86619409237870144.       ,    1.1761420796983029     
   86866188181567776.       ,    1.1752820539907820     
   87112967125265392.       ,    1.1744281930794529     
   87359746068963040.       ,    1.1735804387175455     
   87606525012660672.       ,    1.1727387333430357     
   87853303956358320.       ,    1.1719030200689862     
   88100082900055952.       ,    1.1710732426740589     
   88346861843753584.       ,    1.1702493455931713     
   88593640787451216.       ,    1.1694312739083161     
   88840419731148864.       ,    1.1686189733395220     
   89087198674846496.       ,    1.1678123902359701     
   89333977618544128.       ,    1.1670114715672464     
   89580756562241760.       ,    1.1662161649147442     
   89827535505939392.       ,    1.1654264184632019     
   90074314449637040.       ,    1.1646421809923728     
   90321093393334672.       ,    1.1638634018688396     
   90567872337032320.       ,    1.1630900310379528     
   90814651280729936.       ,    1.1623220190158974     
   91061430224427584.       ,    1.1615593168818950     
   91308209168125200.       ,    1.1608018762705177     
   91554988111822848.       ,    1.1600496493641377     
   91801767055520496.       ,    1.1593025888854882     
   92048545999218112.       ,    1.1585606480903423     
   92295324942915760.       ,    1.1578237807603131     
   92542103886613392.       ,    1.1570919411957632     
   92788882830311024.       ,    1.1563650842088244     
   93035661774008640.       ,    1.1556431651165338     
   93282440717706304.       ,    1.1549261397340695     
   93529219661403936.       ,    1.1542139643680960     
   93775998605101584.       ,    1.1535065958102138     
   94022777548799216.       ,    1.1528039913305097     
   94269556492496848.       ,    1.1521061086712074     
   94516335436194464.       ,    1.1514129060404159     
   94763114379892112.       ,    1.1507243421059761     
   95009893323589744.       ,    1.1500403759894022     
   95256672267287392.       ,    1.1493609672599119     
   95503451210985040.       ,    1.1486860759285564     
   95750230154682640.       ,    1.1480156624424322     
   95997009098380288.       ,    1.1473496876789870     
   96243788042077920.       ,    1.1466881129404081     
   96490566985775568.       ,    1.1460308999480997     
   96737345929473200.       ,    1.1453780108372429     
   96984124873170864.       ,    1.1447294081514385     
   97230903816868464.       ,    1.1440850548374266     
   97477682760566112.       ,    1.1434449142398933     
   97724461704263744.       ,    1.1428089500963488     
   97971240647961376.       ,    1.1421771265320875     
   98218019591659008.       ,    1.1415494080552184     
   98464798535356640.       ,    1.1409257595517757     
   98711577479054288.       ,    1.1403061462808963     
   98958356422751920.       ,    1.1396905338700742     
   99205135366449568.       ,    1.1390788883104823     
   99451914310147184.       ,    1.1384711759523629     
   99698693253844832.       ,    1.1378673635004917     
   99945472197542464.       ,    1.1372674180097004     
   1.0019225114124010E+017  ,    1.1366713068804719     
   1.0043903008493774E+017  ,    1.1360789978545984     
   1.0068580902863536E+017  ,    1.1354904590109023     
   1.0093258797233301E+017  ,    1.1349056587610191     
   1.0117936691603064E+017  ,    1.1343245658452445     
   1.0142614585972829E+017  ,    1.1337471493284366     
   1.0167292480342589E+017  ,    1.1331733785959883     
   1.0191970374712354E+017  ,    1.1326032233498438     
   1.0216648269082118E+017  ,    1.1320366536045849     
   1.0241326163451883E+017  ,    1.1314736396835676     
   1.0266004057821646E+017  ,    1.1309141522151158     
   1.0290681952191411E+017  ,    1.1303581621287684     
   1.0315359846561171E+017  ,    1.1298056406515857     
   1.0340037740930934E+017  ,    1.1292565593045001     
   1.0364715635300699E+017  ,    1.1287108898987248     
   1.0389393529670464E+017  ,    1.1281686045322155     
   1.0414071424040229E+017  ,    1.1276296755861734     
   1.0438749318409990E+017  ,    1.1270940757216112     
   1.0463427212779754E+017  ,    1.1265617778759529     
   1.0488105107149517E+017  ,    1.1260327552596954     
   1.0512783001519282E+017  ,    1.1255069813531062     
   1.0537460895889045E+017  ,    1.1249844299029768     
   1.0562138790258810E+017  ,    1.1244650749194123     
   1.0586816684628573E+017  ,    1.1239488906726767     
   1.0611494578998336E+017  ,    1.1234358516900720     
   1.0636172473368099E+017  ,    1.1229259327528673     
   1.0660850367737861E+017  ,    1.1224191088932720     
   1.0685528262107626E+017  ,    1.1219153553914423     
   1.0710206156477389E+017  ,    1.1214146477725402     
   1.0734884050847155E+017  ,    1.1209169618038257     
   1.0759561945216917E+017  ,    1.1204222734917926     
   1.0784239839586682E+017  ,    1.1199305590793420     
   1.0808917733956443E+017  ,    1.1194417950429969     
   1.0833595628326208E+017  ,    1.1189559580901522     
   1.0858273522695971E+017  ,    1.1184730251563677     
   1.0882951417065736E+017  ,    1.1179929734026890     
   1.0907629311435499E+017  ,    1.1175157802130147     
   1.0932307205805261E+017  ,    1.1170414231914949     
   1.0956985100175026E+017  ,    1.1165698801599633     
   1.0981662994544789E+017  ,    1.1161011291554093     
   1.1006340888914554E+017  ,    1.1156351484274789     
   1.1031018783284317E+017  ,    1.1151719164360141     
   1.1055696677654078E+017  ,    1.1147114118486228     
   1.1080374572023843E+017  ,    1.1142536135382810     
   1.1105052466393608E+017  ,    1.1137985005809694     
   1.1129730360763371E+017  ,    1.1133460522533403     
   1.1154408255133136E+017  ,    1.1128962480304170     
   1.1179086149502898E+017  ,    1.1124490675833223     
   1.1203764043872659E+017  ,    1.1120044907770372     
   1.1228441938242424E+017  ,    1.1115624976681906     
   1.1253119832612189E+017  ,    1.1111230685028817     
   1.1277797726981954E+017  ,    1.1106861837145212     
   1.1302475621351715E+017  ,    1.1102518239217127     
   1.1327153515721480E+017  ,    1.1098199699261564     
   1.1351831410091242E+017  ,    1.1093906027105795     
   1.1376509304461006E+017  ,    1.1089637034366944     
   1.1401187198830770E+017  ,    1.1085392534431882     
   1.1425865093200534E+017  ,    1.1081172342437327     
   1.1450542987570298E+017  ,    1.1076976275250230     
   1.1475220881940062E+017  ,    1.1072804151448421     
   1.1499898776309824E+017  ,    1.1068655791301489     
   1.1524576670679586E+017  ,    1.1064531016751966     
   1.1549254565049350E+017  ,    1.1060429651396644     
   1.1573932459419114E+017  ,    1.1056351520468273     
   1.1598610353788878E+017  ,    1.1052296450817374     
   1.1623288248158643E+017  ,    1.1048264270894375     
   1.1647966142528406E+017  ,    1.1044254810731917     
   1.1672644036898168E+017  ,    1.1040267901927432     
   1.1697321931267933E+017  ,    1.1036303377625916     
   1.1721999825637696E+017  ,    1.1032361072502925     
   1.1746677720007461E+017  ,    1.1028440822747811     
   1.1771355614377224E+017  ,    1.1024542466047149     
   1.1796033508746986E+017  ,    1.1020665841568380     
   1.1820711403116750E+017  ,    1.1016810789943674     
   1.1845389297486514E+017  ,    1.1012977153253980     
   1.1870067191856278E+017  ,    1.1009164775013298     
   1.1894745086226042E+017  ,    1.1005373500153128     
   1.1919422980595805E+017  ,    1.1001603175007144     
   1.1944100874965568E+017  ,    1.0997853647296012     
   1.1968778769335333E+017  ,    1.0994124766112474     
   1.1993456663705096E+017  ,    1.0990416381906554     
   1.2018134558074861E+017  ,    1.0986728346470969     
   1.2042812452444622E+017  ,    1.0983060512926737     
   1.2067490346814386E+017  ,    1.0979412735708940     
   1.2092168241184149E+017  ,    1.0975784870552696     
   1.2116846135553914E+017  ,    1.0972176774479283     
   1.2141524029923678E+017  ,    1.0968588305782427     
   1.2166201924293440E+017  ,    1.0965019324014798     
   1.2190879818663205E+017  ,    1.0961469689974619     
   1.2215557713032968E+017  ,    1.0957939265692491     
   1.2240235607402731E+017  ,    1.0954427914418381     
   1.2264913501772493E+017  ,    1.0950935500608689     
   1.2289591396142259E+017  ,    1.0947461889913588     
   1.2314269290512022E+017  ,    1.0944006949164440     
   1.2338947184881787E+017  ,    1.0940570546361421     
   1.2363625079251550E+017  ,    1.0937152550661213     
   1.2388302973621310E+017  ,    1.0933752832364971     
   1.2412980867991075E+017  ,    1.0930371262906309     
   1.2437658762360838E+017  ,    1.0927007714839516     
   1.2462336656730603E+017  ,    1.0923662061827888     
   1.2487014551100368E+017  ,    1.0920334178632212     
   1.2511692445470133E+017  ,    1.0917023941099360     
   1.2536370339839893E+017  ,    1.0913731226151056     
   1.2561048234209658E+017  ,    1.0910455911772750     
   1.2585726128579421E+017  ,    1.0907197877002657     
   1.2610404022949186E+017  ,    1.0903957001920908     
   1.2635081917318949E+017  ,    1.0900733167638803     
   1.2659759811688712E+017  ,    1.0897526256288275     
   1.2684437706058475E+017  ,    1.0894336151011377     
   1.2709115600428238E+017  ,    1.0891162735949989     
   1.2733793494798003E+017  ,    1.0888005896235566     
   1.2758471389167766E+017  ,    1.0884865517979068     
   1.2783149283537530E+017  ,    1.0881741488260985     
   1.2807827177907293E+017  ,    1.0878633695121482     
   1.2832505072277058E+017  ,    1.0875542027550673     
   1.2857182966646821E+017  ,    1.0872466375478942     
   1.2881860861016586E+017  ,    1.0869406629767535     
   1.2906538755386347E+017  ,    1.0866362682199067     
   1.2931216649756110E+017  ,    1.0863334425468287     
   1.2955894544125875E+017  ,    1.0860321753172877     
   1.2980572438495638E+017  ,    1.0857324559804411     
   1.3005250332865403E+017  ,    1.0854342740739353     
   1.3029928227235165E+017  ,    1.0851376192230220     
   1.3054606121604930E+017  ,    1.0848424811396835     
   1.3079284015974693E+017  ,    1.0845488496217652     
   1.3103961910344458E+017  ,    1.0842567145521189     
   1.3128639804714218E+017  ,    1.0839660658977621     
   1.3153317699083982E+017  ,    1.0836768937090386     
   1.3177995593453747E+017  ,    1.0833891881187923     
   1.3202673487823514E+017  ,    1.0831029393415537     
   1.3227351382193274E+017  ,    1.0828181376727308     
   1.3252029276563037E+017  ,    1.0825347734878088     
   1.3276707170932800E+017  ,    1.0822528372415654     
   1.3301385065302563E+017  ,    1.0819723194672926     
   1.3326062959672328E+017  ,    1.0816932107760198     
   1.3350740854042091E+017  ,    1.0814155018557552     
   1.3375418748411858E+017  ,    1.0811391834707353     
   1.3400096642781621E+017  ,    1.0808642464606750     
   1.3424774537151384E+017  ,    1.0805906817400350     
   1.3449452431521144E+017  ,    1.0803184802972940     
   1.3474130325890910E+017  ,    1.0800476331942270     
   1.3498808220260674E+017  ,    1.0797781315651949     
   1.3523486114630438E+017  ,    1.0795099666164429     
   1.3548164009000202E+017  ,    1.0792431296254015     
   1.3572841903369962E+017  ,    1.0789776119400007     
   1.3597519797739728E+017  ,    1.0787134049779918     
   1.3622197692109491E+017  ,    1.0784505002262721     
   1.3646875586479254E+017  ,    1.0781888892402220     
   1.3671553480849018E+017  ,    1.0779285636430478     
   1.3696231375218784E+017  ,    1.0776695151251279     
   1.3720909269588546E+017  ,    1.0774117354433776     
   1.3745587163958309E+017  ,    1.0771552164206069     
   1.3770265058328072E+017  ,    1.0768999499448935     
   1.3794942952697835E+017  ,    1.0766459279689642     
   1.3819620847067602E+017  ,    1.0763931425095763     
   1.3844298741437362E+017  ,    1.0761415856469114     
   1.3868976635807126E+017  ,    1.0758912495239754     
   1.3893654530176890E+017  ,    1.0756421263460019     
   1.3918332424546656E+017  ,    1.0753942083798664     
   1.3943010318916416E+017  ,    1.0751474879535023     
   1.3967688213286182E+017  ,    1.0749019574553280     
   1.3992366107655946E+017  ,    1.0746576093336762     
   1.4017044002025709E+017  ,    1.0744144360962331     
   1.4041721896395474E+017  ,    1.0741724303094804     
   1.4066399790765237E+017  ,    1.0739315845981465     
   1.4091077685135000E+017  ,    1.0736918916446594     
   1.4115755579504763E+017  ,    1.0734533441886109     
   1.4140433473874526E+017  ,    1.0732159350262243     
   1.4165111368244290E+017  ,    1.0729796570098231     
   1.4189789262614053E+017  ,    1.0727445030473159     
   1.4214467156983818E+017  ,    1.0725104661016758     
   1.4239145051353581E+017  ,    1.0722775391904340     
   1.4263822945723344E+017  ,    1.0720457153851728     
   1.4288500840093110E+017  ,    1.0718149878110281     
   1.4313178734462870E+017  ,    1.0715853496461942     
   1.4337856628832634E+017  ,    1.0713567941214366     
   1.4362534523202397E+017  ,    1.0711293145196099     
   1.4387212417572162E+017  ,    1.0709029041751761     
   1.4411890311941926E+017  ,    1.0706775564737363     
   1.4436568206311686E+017  ,    1.0704532648515575     
   1.4461246100681453E+017  ,    1.0702300227951147     
   1.4485923995051216E+017  ,    1.0700078238406310     
   1.4510601889420982E+017  ,    1.0697866615736236     
   1.4535279783790746E+017  ,    1.0695665296284558     
   1.4559957678160509E+017  ,    1.0693474216878949     
   1.4584635572530272E+017  ,    1.0691293314826698     
   1.4609313466900035E+017  ,    1.0689122527910417     
   1.4633991361269798E+017  ,    1.0686961794383707     
   1.4658669255639562E+017  ,    1.0684811052966916     
   1.4683347150009325E+017  ,    1.0682670242842922     
   1.4708025044379088E+017  ,    1.0680539303653003     
   1.4732702938748851E+017  ,    1.0678418175492663     
   1.4757380833118614E+017  ,    1.0676306798907613     
   1.4782058727488378E+017  ,    1.0674205114889699     
   1.4806736621858141E+017  ,    1.0672113064872921     
   1.4831414516227907E+017  ,    1.0670030590729478     
   1.4856092410597670E+017  ,    1.0667957634765861     
   1.4880770304967437E+017  ,    1.0665894139719003     
   1.4905448199337197E+017  ,    1.0663840048752418     
   1.4930126093706963E+017  ,    1.0661795305452413     
   1.4954803988076723E+017  ,    1.0659759853824382     
   1.4979481882446486E+017  ,    1.0657733638289042     
   1.5004159776816253E+017  ,    1.0655716603678784     
   1.5028837671186016E+017  ,    1.0653708695234034     
   1.5053515565555776E+017  ,    1.0651709858599654     
   1.5078193459925539E+017  ,    1.0649720039821386     
   1.5102871354295306E+017  ,    1.0647739185342315     
   1.5127549248665069E+017  ,    1.0645767241999402     
   1.5152227143034832E+017  ,    1.0643804157019994     
   1.5176905037404598E+017  ,    1.0641849878018430     
   1.5201582931774362E+017  ,    1.0639904352992673     
   1.5226260826144125E+017  ,    1.0637967530320940     
   1.5250938720513888E+017  ,    1.0636039358758367     
   1.5275616614883651E+017  ,    1.0634119787433782     
   1.5300294509253414E+017  ,    1.0632208765846396     
   1.5324972403623178E+017  ,    1.0630306243862639     
   1.5349650297992941E+017  ,    1.0628412171712935     
   1.5374328192362704E+017  ,    1.0626526499988591     
   1.5399006086732467E+017  ,    1.0624649179638643     
   1.5423683981102234E+017  ,    1.0622780161966792     
   1.5448361875471994E+017  ,    1.0620919398628319     
   1.5473039769841757E+017  ,    1.0619066841627101     
   1.5497717664211520E+017  ,    1.0617222443312577     
   1.5522395558581286E+017  ,    1.0615386156376789     
   1.5547073452951053E+017  ,    1.0613557933851478     
   1.5571751347320813E+017  ,    1.0611737729105120     
   1.5596429241690579E+017  ,    1.0609925495840098     
   1.5621107136060342E+017  ,    1.0608121188089830     
   1.5645785030430106E+017  ,    1.0606324760215935     
   1.5670462924799866E+017  ,    1.0604536166905476     
   1.5695140819169632E+017  ,    1.0602755363168146     
   1.5719818713539392E+017  ,    1.0600982304333584     
   1.5744496607909158E+017  ,    1.0599216946048609     
   1.5769174502278922E+017  ,    1.0597459244274592     
   1.5793852396648685E+017  ,    1.0595709155284723     
   1.5818530291018448E+017  ,    1.0593966635661451     
   1.5843208185388211E+017  ,    1.0592231642293848     
   1.5867886079757978E+017  ,    1.0590504132375016     
   1.5892563974127738E+017  ,    1.0588784063399541     
   1.5917241868497507E+017  ,    1.0587071393160981     
   1.5941919762867267E+017  ,    1.0585366079749319     
   1.5966597657237030E+017  ,    1.0583668081548523     
   1.5991275551606794E+017  ,    1.0581977357234056     
   1.6015953445976557E+017  ,    1.0580293865770469     
   1.6040631340346320E+017  ,    1.0578617566408965     
   1.6065309234716086E+017  ,    1.0576948418685035     
   1.6089987129085850E+017  ,    1.0575286382416074     
   1.6114665023455613E+017  ,    1.0573631417699059     
   1.6139342917825376E+017  ,    1.0571983484908221     
   1.6164020812195136E+017  ,    1.0570342544692723     
   1.6188698706564899E+017  ,    1.0568708557974464     
   1.6213376600934666E+017  ,    1.0567081485945728     
   1.6238054495304429E+017  ,    1.0565461290067011     
   1.6262732389674195E+017  ,    1.0563847932064832     
   1.6287410284043958E+017  ,    1.0562241373929462     
   1.6312088178413722E+017  ,    1.0560641577912846     
   1.6336766072783485E+017  ,    1.0559048506526416     
   1.6361443967153248E+017  ,    1.0557462122538959     
   1.6386121861523014E+017  ,    1.0555882388974522     
   1.6410799755892771E+017  ,    1.0554309269110325     
   1.6435477650262538E+017  ,    1.0552742726474698     
   1.6460155544632301E+017  ,    1.0551182724845034     
   1.6484833439002064E+017  ,    1.0549629228245745     
   1.6509511333371827E+017  ,    1.0548082200946283     
   1.6534189227741590E+017  ,    1.0546541607459134     
   1.6558867122111357E+017  ,    1.0545007412537852     
   1.6583545016481123E+017  ,    1.0543479581175095     
   1.6608222910850883E+017  ,    1.0541958078600706     
   1.6632900805220650E+017  ,    1.0540442870279809     
   1.6657578699590410E+017  ,    1.0538933921910871     
   1.6682256593960173E+017  ,    1.0537431199423870     
   1.6706934488329936E+017  ,    1.0535934668978408     
   1.6731612382699702E+017  ,    1.0534444296961865     
   1.6756290277069466E+017  ,    1.0532960049987574     
   1.6780968171439226E+017  ,    1.0531481894893024     
   1.6805646065808992E+017  ,    1.0530009798738047     
   1.6830323960178755E+017  ,    1.0528543728803064     
   1.6855001854548522E+017  ,    1.0527083652587279     
   1.6879679748918282E+017  ,    1.0525629537807015     
   1.6904357643288045E+017  ,    1.0524181352393907     
   1.6929035537657811E+017  ,    1.0522739064493227     
   1.6953713432027571E+017  ,    1.0521302642462187     
   1.6978391326397338E+017  ,    1.0519872054868256     
   1.7003069220767101E+017  ,    1.0518447270487477     
   1.7027747115136867E+017  ,    1.0517028258302858     
   1.7052425009506627E+017  ,    1.0515614987502702     
   1.7077102903876390E+017  ,    1.0514207427479001     
   1.7101780798246157E+017  ,    1.0512805547825812     
   1.7126458692615920E+017  ,    1.0511409318337723     
   1.7151136586985680E+017  ,    1.0510018709008200     
   1.7175814481355443E+017  ,    1.0508633690028086     
   1.7200492375725206E+017  ,    1.0507254231784022     
   1.7225170270094973E+017  ,    1.0505880304856945     
   1.7249848164464736E+017  ,    1.0504511880020524     
   1.7274526058834502E+017  ,    1.0503148928239692     
   1.7299203953204266E+017  ,    1.0501791420669142     
   1.7323881847574029E+017  ,    1.0500439328651849     
   1.7348559741943792E+017  ,    1.0499092623717619     
   1.7373237636313555E+017  ,    1.0497751277581602     
   1.7397915530683322E+017  ,    1.0496415262142900     
   1.7422593425053078E+017  ,    1.0495084549483091     
   1.7447271319422845E+017  ,    1.0493759111864869     
   1.7471949213792608E+017  ,    1.0492438921730622     
   1.7496627108162371E+017  ,    1.0491123951701009     
   1.7521305002532134E+017  ,    1.0489814174573662     
   1.7545982896901898E+017  ,    1.0488509563321744     
   1.7570660791271664E+017  ,    1.0487210091092656     
   1.7595338685641424E+017  ,    1.0485915731206659     
   1.7620016580011190E+017  ,    1.0484626457155595     
   1.7644694474380954E+017  ,    1.0483342242601517     
   1.7669372368750717E+017  ,    1.0482063061375422     
   1.7694050263120480E+017  ,    1.0480788887475951     
   1.7718728157490243E+017  ,    1.0479519695068105     
   1.7743406051860010E+017  ,    1.0478255458481989     
   1.7768083946229773E+017  ,    1.0476996152211546     
   1.7792761840599533E+017  ,    1.0475741750913297     
   1.7817439734969299E+017  ,    1.0474492229405126     
   1.7842117629339062E+017  ,    1.0473247562665065     
   1.7866795523708826E+017  ,    1.0472007725830044     
   1.7891473418078586E+017  ,    1.0470772694194719     
   1.7916151312448352E+017  ,    1.0469542443210280     
   1.7940829206818115E+017  ,    1.0468316948483241     
   1.7965507101187878E+017  ,    1.0467096185774305     
   1.7990184995557645E+017  ,    1.0465880130997174     
   1.8014862889927408E+017  ,    1.0464668760217406     
   1.8039540784297174E+017  ,    1.0463462049651295     
   1.8064218678666934E+017  ,    1.0462259975664714     
   1.8088896573036698E+017  ,    1.0461062514771988     
   1.8113574467406464E+017  ,    1.0459869643634812     
   1.8138252361776221E+017  ,    1.0458681339061140     
   1.8162930256145987E+017  ,    1.0457497578004074     
   1.8187608150515750E+017  ,    1.0456318337560806     
   1.8212286044885517E+017  ,    1.0455143594971508     
   1.8236963939255277E+017  ,    1.0453973327618338     
   1.8261641833625040E+017  ,    1.0452807513024303     
   1.8286319727994806E+017  ,    1.0451646128852257     
   1.8310997622364570E+017  ,    1.0450489152903868     
   1.8335675516734336E+017  ,    1.0449336563118581     
   1.8360353411104099E+017  ,    1.0448188337572586     
   1.8385031305473859E+017  ,    1.0447044454477830     
   1.8409709199843622E+017  ,    1.0445904892181004     
   1.8434387094213386E+017  ,    1.0444769629162545     
   1.8459064988583152E+017  ,    1.0443638644035660     
   1.8483742882952915E+017  ,    1.0442511915545365     
   1.8508420777322678E+017  ,    1.0441389422567473     
   1.8533098671692442E+017  ,    1.0440271144107693     
   1.8557776566062205E+017  ,    1.0439157059300597     
   1.8582454460431971E+017  ,    1.0438047147408789     
   1.8607132354801728E+017  ,    1.0436941387821861     
   1.8631810249171498E+017  ,    1.0435839760055539     
   1.8656488143541261E+017  ,    1.0434742243750723     
   1.8681166037911021E+017  ,    1.0433648818672598     
   1.8705843932280787E+017  ,    1.0432559464709712     
   1.8730521826650550E+017  ,    1.0431474161873096     
   1.8755199721020317E+017  ,    1.0430392890295366     
   1.8779877615390077E+017  ,    1.0429315630229854     
   1.8804555509759843E+017  ,    1.0428242362049700     
   1.8829233404129606E+017  ,    1.0427173066247035     
   1.8853911298499370E+017  ,    1.0426107723432088     
   1.8878589192869130E+017  ,    1.0425046314332336     
   1.8903267087238893E+017  ,    1.0423988819791672     
   1.8927944981608659E+017  ,    1.0422935220769558     
   1.8952622875978422E+017  ,    1.0421885498340198     
   1.8977300770348182E+017  ,    1.0420839633691710     
   1.9001978664717949E+017  ,    1.0419797608125319     
   1.9026656559087715E+017  ,    1.0418759403054529     
   1.9051334453457478E+017  ,    1.0417725000004332     
   1.9076012347827242E+017  ,    1.0416694380610423     
   1.9100690242197008E+017  ,    1.0415667526618377     
   1.9125368136566771E+017  ,    1.0414644419882892     
   1.9150046030936528E+017  ,    1.0413625042367014     
   1.9174723925306294E+017  ,    1.0412609376141337     
   1.9199401819676058E+017  ,    1.0411597403383270     
   1.9224079714045824E+017  ,    1.0410589106376262     
   1.9248757608415584E+017  ,    1.0409584467509061     
   1.9273435502785347E+017  ,    1.0408583469274943     
   1.9298113397155114E+017  ,    1.0407586094271029     
   1.9322791291524874E+017  ,    1.0406592325197481     
   1.9347469185894640E+017  ,    1.0405602144856811     
   1.9372147080264403E+017  ,    1.0404615536153161     
   1.9396824974634173E+017  ,    1.0403632482091600     
   1.9421502869003930E+017  ,    1.0402652965777377     
   1.9446180763373693E+017  ,    1.0401676970415219     
   1.9470858657743459E+017  ,    1.0400704479308698     
   1.9495536552113222E+017  ,    1.0399735475859444     
   1.9520214446482986E+017  ,    1.0398769943566548     
   1.9544892340852749E+017  ,    1.0397807866025797     
   1.9569570235222512E+017  ,    1.0396849226929061     
   1.9594248129592275E+017  ,    1.0395894010063609     
   1.9618926023962035E+017  ,    1.0394942199311406     
   1.9643603918331802E+017  ,    1.0393993778648518     
   1.9668281812701565E+017  ,    1.0393048732144385     
   1.9692959707071328E+017  ,    1.0392107043961247     
   1.9717637601441094E+017  ,    1.0391168698353441     
   1.9742315495810858E+017  ,    1.0390233679666794     
   1.9766993390180624E+017  ,    1.0389301972337970     
   1.9791671284550384E+017  ,    1.0388373560893860     
   1.9816349178920150E+017  ,    1.0387448429950967     
   1.9841027073289914E+017  ,    1.0386526564214746     
   1.9865704967659670E+017  ,    1.0385607948479012     
   1.9890382862029437E+017  ,    1.0384692567625367     
   1.9915060756399200E+017  ,    1.0383780406622540     
   1.9939738650768966E+017  ,    1.0382871450525832     
   1.9964416545138726E+017  ,    1.0381965684476493     
   1.9989094439508493E+017  ,    1.0381063093701131     
   2.0013772333878256E+017  ,    1.0380163663511164     
   2.0038450228248019E+017  ,    1.0379267379302215     
   2.0063128122617786E+017  ,    1.0378374226553519     
   2.0087806016987549E+017  ,    1.0377484190827386     
   2.0112483911357315E+017  ,    1.0376597257768621     
   2.0137161805727072E+017  ,    1.0375713413103946     
   2.0161839700096835E+017  ,    1.0374832642641476     
   2.0186517594466602E+017  ,    1.0373954932270155     
   2.0211195488836365E+017  ,    1.0373080267959165     
   2.0235873383206128E+017  ,    1.0372208635757454     
   2.0260551277575891E+017  ,    1.0371340021793143     
   2.0285229171945658E+017  ,    1.0370474412273014     
   2.0309907066315421E+017  ,    1.0369611793481961     
   2.0334584960685178E+017  ,    1.0368752151782488     
   2.0359262855054947E+017  ,    1.0367895473614155     
   2.0383940749424707E+017  ,    1.0367041745493093     
   2.0408618643794474E+017  ,    1.0366190954011454     
   2.0433296538164237E+017  ,    1.0365343085836929     
   2.0457974432534000E+017  ,    1.0364498127712218     
   2.0482652326903766E+017  ,    1.0363656066454556     
   2.0507330221273526E+017  ,    1.0362816888955175     
   2.0532008115643293E+017  ,    1.0361980582178836     
   2.0556686010013056E+017  ,    1.0361147133163346     
   2.0581363904382822E+017  ,    1.0360316529019040     
   2.0606041798752579E+017  ,    1.0359488756928303     
   2.0630719693122342E+017  ,    1.0358663804145138     
   2.0655397587492109E+017  ,    1.0357841657994604     
   2.0680075481861869E+017  ,    1.0357022305872423     
   2.0704753376231635E+017  ,    1.0356205735244461     
   2.0729431270601398E+017  ,    1.0355391933646301     
   2.0754109164971165E+017  ,    1.0354580888682725     
   2.0778787059340928E+017  ,    1.0353772588027330     
   2.0803464953710691E+017  ,    1.0352967019422006     
   2.0828142848080458E+017  ,    1.0352164170676528     
   2.0852820742450221E+017  ,    1.0351364029668089     
   2.0877498636819981E+017  ,    1.0350566584340843     
   2.0902176531189744E+017  ,    1.0349771822705518     
   2.0926854425559507E+017  ,    1.0348979732838901     
   2.0951532319929274E+017  ,    1.0348190302883467     
   2.0976210214299034E+017  ,    1.0347403521046923     
   2.1000888108668800E+017  ,    1.0346619375601764     
   2.1025566003038563E+017  ,    1.0345837854884896     
   2.1050243897408323E+017  ,    1.0345058947297157     
   2.1074921791778090E+017  ,    1.0344282641302942     
   2.1099599686147853E+017  ,    1.0343508925429770     
   2.1124277580517619E+017  ,    1.0342737788267882     
   2.1148955474887379E+017  ,    1.0341969218469809     
   2.1173633369257146E+017  ,    1.0341203204750005     
   2.1198311263626909E+017  ,    1.0340439735884397     
   2.1222989157996672E+017  ,    1.0339678800710039     
   2.1247667052366435E+017  ,    1.0338920388124675     
   2.1272344946736198E+017  ,    1.0338164487086354     
   2.1297022841105965E+017  ,    1.0337411086613051     
   2.1321700735475722E+017  ,    1.0336660175782268     
   2.1346378629845485E+017  ,    1.0335911743730668     
   2.1371056524215251E+017  ,    1.0335165779653661     
   2.1395734418585014E+017  ,    1.0334422272805051     
   2.1420412312954778E+017  ,    1.0333681212496655     
   2.1445090207324544E+017  ,    1.0332942588097926     
   2.1469768101694310E+017  ,    1.0332206389035574     
   2.1494445996064074E+017  ,    1.0331472604793226     
   2.1519123890433834E+017  ,    1.0330741224911035     
   2.1543801784803600E+017  ,    1.0330012238985320     
   2.1568479679173363E+017  ,    1.0329285636668217     
   2.1593157573543123E+017  ,    1.0328561407667318     
   2.1617835467912886E+017  ,    1.0327839541745318     
   2.1642513362282650E+017  ,    1.0327120028719656     
   2.1667191256652416E+017  ,    1.0326402858462178     
   2.1691869151022176E+017  ,    1.0325688020898778     
   2.1716547045391942E+017  ,    1.0324975506009073     
   2.1741224939761706E+017  ,    1.0324265303826030     
   2.1765902834131472E+017  ,    1.0323557404435664     
   2.1790580728501232E+017  ,    1.0322851797976664     
   2.1815258622870998E+017  ,    1.0322148474640109     
   2.1839936517240765E+017  ,    1.0321447424669070     
   2.1864614411610522E+017  ,    1.0320748638358357     
   2.1889292305980288E+017  ,    1.0320052106054118     
   2.1913970200350051E+017  ,    1.0319357818153569     
   2.1938648094719814E+017  ,    1.0318665765104664     
   2.1963325989089578E+017  ,    1.0317975937405730     
   2.1988003883459341E+017  ,    1.0317288325605218     
   2.2012681777829107E+017  ,    1.0316602920301348     
   2.2037359672198870E+017  ,    1.0315919712141788     
   2.2062037566568634E+017  ,    1.0315238691823376     
   2.2086715460938394E+017  ,    1.0314559850091787     
   2.2111393355308157E+017  ,    1.0313883177741241     
   2.2136071249677923E+017  ,    1.0313208665614197     
   2.2160749144047686E+017  ,    1.0312536304601041     
   2.2185427038417453E+017  ,    1.0311866085639800     
   2.2210104932787216E+017  ,    1.0311197999715840     
   2.2234782827156976E+017  ,    1.0310532037861568     
   2.2259460721526742E+017  ,    1.0309868191156151     
   2.2284138615896506E+017  ,    1.0309206450725201     
   2.2308816510266272E+017  ,    1.0308546807740524     
   2.2333494404636029E+017  ,    1.0307889253419795     
   2.2358172299005795E+017  ,    1.0307233779026301     
   2.2382850193375558E+017  ,    1.0306580375868648     
   2.2407528087745318E+017  ,    1.0305929035300472     
   2.2432205982115085E+017  ,    1.0305279748720182     
   2.2456883876484848E+017  ,    1.0304632507570675     
   2.2481561770854614E+017  ,    1.0303987303339035     
   2.2506239665224378E+017  ,    1.0303344127556315     
   2.2530917559594141E+017  ,    1.0302702971797228     
   2.2555595453963907E+017  ,    1.0302063827679864     
   2.2580273348333667E+017  ,    1.0301426686865478     
   2.2604951242703430E+017  ,    1.0300791541058172     
   2.2629629137073194E+017  ,    1.0300158382004669     
   2.2654307031442960E+017  ,    1.0299527201494021     
   2.2678984925812723E+017  ,    1.0298897991357387     
   2.2703662820182483E+017  ,    1.0298270743467739     
   2.2728340714552250E+017  ,    1.0297645449739625     
   2.2753018608922013E+017  ,    1.0297022102128917     
   2.2777696503291776E+017  ,    1.0296400692632559     
   2.2802374397661539E+017  ,    1.0295781213288304     
   2.2827052292031302E+017  ,    1.0295163656174484     
   2.2851730186401069E+017  ,    1.0294548013409746     
   2.2876408080770829E+017  ,    1.0293934277152819     
   2.2901085975140595E+017  ,    1.0293322439602282     
   2.2925763869510358E+017  ,    1.0292712492996292     
   2.2950441763880125E+017  ,    1.0292104429612365     
   2.2975119658249885E+017  ,    1.0291498241767143     
   2.2999797552619648E+017  ,    1.0290893921816135     
   2.3024475446989414E+017  ,    1.0290291462153516     
   2.3049153341359171E+017  ,    1.0289690855211853     
   2.3073831235728938E+017  ,    1.0289092093461909     
   2.3098509130098701E+017  ,    1.0288495169412406     
   2.3123187024468464E+017  ,    1.0287900075609773     
   2.3147864918838227E+017  ,    1.0287306804637952     
   2.3172542813207994E+017  ,    1.0286715349118145     
   2.3197220707577757E+017  ,    1.0286125701708626     
   2.3221898601947523E+017  ,    1.0285537855104472     
   2.3246576496317286E+017  ,    1.0284951802037383     
   2.3271254390687050E+017  ,    1.0284367535275443     
   2.3295932285056813E+017  ,    1.0283785047622913     
   2.3320610179426573E+017  ,    1.0283204331920015     
   2.3345288073796336E+017  ,    1.0282625381042692     
   2.3369965968166102E+017  ,    1.0282048187902433     
   2.3394643862535866E+017  ,    1.0281472745446050     
   2.3419321756905626E+017  ,    1.0280899046655452     
   2.3443999651275392E+017  ,    1.0280327084547454     
   2.3468677545645155E+017  ,    1.0279756852173558     
   2.3493355440014922E+017  ,    1.0279188342619761     
   2.3518033334384682E+017  ,    1.0278621549006342     
   2.3542711228754448E+017  ,    1.0278056464487657     
   2.3567389123124214E+017  ,    1.0277493082251949     
   2.3592067017493971E+017  ,    1.0276931395521127     
   2.3616744911863738E+017  ,    1.0276371397550603     
   2.3641422806233501E+017  ,    1.0275813081629055     
   2.3666100700603267E+017  ,    1.0275256441078251     
   2.3690778594973027E+017  ,    1.0274701469252867     
   2.3715456489342790E+017  ,    1.0274148159540253     
   2.3740134383712557E+017  ,    1.0273596505360296     
   2.3764812278082320E+017  ,    1.0273046500165188     
   2.3789490172452083E+017  ,    1.0272498137439237     
   2.3814168066821843E+017  ,    1.0271951410698725     
   2.3838845961191610E+017  ,    1.0271406313491656     
   2.3863523855561373E+017  ,    1.0270862839397619     
   2.3888201749931136E+017  ,    1.0270320982027581     
   2.3912879644300902E+017  ,    1.0269780735023721     
   2.3937557538670666E+017  ,    1.0269242092059223     
   2.3962235433040429E+017  ,    1.0268705046838129     
   2.3986913327410192E+017  ,    1.0268169593095116     
   2.4011591221779955E+017  ,    1.0267635724595372     
   2.4036269116149722E+017  ,    1.0267103435134370     
   2.4060947010519478E+017  ,    1.0266572718537721     
   2.4085624904889245E+017  ,    1.0266043568660985     
   2.4110302799259008E+017  ,    1.0265515979389519     
   2.4134980693628771E+017  ,    1.0264989944638270     
   2.4159658587998534E+017  ,    1.0264465458351633     
   2.4184336482368298E+017  ,    1.0263942514503284     
   2.4209014376738064E+017  ,    1.0263421107095978     
   2.4233692271107827E+017  ,    1.0262901230161416     
   2.4258370165477594E+017  ,    1.0262382877760057     
   2.4283048059847357E+017  ,    1.0261866043980987     
   2.4307725954217117E+017  ,    1.0261350722941689     
   2.4332403848586880E+017  ,    1.0260836908787945     
   2.4357081742956643E+017  ,    1.0260324595693651     
   2.4381759637326410E+017  ,    1.0259813777860631     
   2.4406437531696173E+017  ,    1.0259304449518525     
   2.4431115426065936E+017  ,    1.0258796604924600     
   2.4455793320435699E+017  ,    1.0258290238363579     
   2.4480471214805462E+017  ,    1.0257785344147534     
   2.4505149109175226E+017  ,    1.0257281916615661     
   2.4529827003544986E+017  ,    1.0256779950134194     
   2.4554504897914755E+017  ,    1.0256279439096212     
   2.4579182792284518E+017  ,    1.0255780377921488     
   2.4603860686654278E+017  ,    1.0255282761056344     
   2.4628538581024045E+017  ,    1.0254786582973512     
   2.4653216475393808E+017  ,    1.0254291838171965     
   2.4677894369763574E+017  ,    1.0253798521176778     
   2.4702572264133334E+017  ,    1.0253306626538978     
   2.4727250158503101E+017  ,    1.0252816148835402     
   2.4751928052872864E+017  ,    1.0252327082668533     
   2.4776605947242621E+017  ,    1.0251839422666387     
   2.4801283841612387E+017  ,    1.0251353163482351     
   2.4825961735982150E+017  ,    1.0250868299795022     
   2.4850639630351917E+017  ,    1.0250384826308099     
   2.4875317524721677E+017  ,    1.0249902737750234     
   2.4899995419091440E+017  ,    1.0249422028874859     
   2.4924673313461206E+017  ,    1.0248942694460101     
   2.4949351207830973E+017  ,    1.0248464729308597     
   2.4974029102200736E+017  ,    1.0247988128247378     
   2.4998706996570499E+017  ,    1.0247512886127730     
   2.5023384890940266E+017  ,    1.0247038997825055     
   2.5048062785310022E+017  ,    1.0246566458238753     
   2.5072740679679786E+017  ,    1.0246095262292054     
   2.5097418574049552E+017  ,    1.0245625404931920     
   2.5122096468419315E+017  ,    1.0245156881128892     
   2.5146774362789078E+017  ,    1.0244689685876955     
   2.5171452257158842E+017  ,    1.0244223814193436     
   2.5196130151528605E+017  ,    1.0243759261118839     
   2.5220808045898371E+017  ,    1.0243296021716748     
   2.5245485940268131E+017  ,    1.0242834091073676     
   2.5270163834637898E+017  ,    1.0242373464298935     
   2.5294841729007661E+017  ,    1.0241914136524541     
   2.5319519623377424E+017  ,    1.0241456102905053     
   2.5344197517747187E+017  ,    1.0240999358617473     
   2.5368875412116950E+017  ,    1.0240543898861096     
   2.5393553306486717E+017  ,    1.0240089718857426     
   2.5418231200856477E+017  ,    1.0239636813850022     
   2.5442909095226243E+017  ,    1.0239185179104378     
   2.5467586989596006E+017  ,    1.0238734809907815     
   2.5492264883965770E+017  ,    1.0238285701569356     
   2.5516942778335533E+017  ,    1.0237837849419618     
   2.5541620672705293E+017  ,    1.0237391248810652     
   2.5566298567075059E+017  ,    1.0236945895115892     
   2.5590976461444819E+017  ,    1.0236501783729977     
   2.5615654355814586E+017  ,    1.0236058910068673     
   2.5640332250184352E+017  ,    1.0235617269568735     
   2.5665010144554115E+017  ,    1.0235176857687800     
   2.5689688038923878E+017  ,    1.0234737669904286     
   2.5714365933293642E+017  ,    1.0234299701717255     
   2.5739043827663408E+017  ,    1.0233862948646322     
   2.5763721722033171E+017  ,    1.0233427406231523     
   2.5788399616402928E+017  ,    1.0232993070033227     
   2.5813077510772694E+017  ,    1.0232559935632008     
   2.5837755405142458E+017  ,    1.0232127998628524     
   2.5862433299512221E+017  ,    1.0231697254643461     
   2.5887111193881984E+017  ,    1.0231267699317357     
   2.5911789088251750E+017  ,    1.0230839328310528     
   2.5936466982621514E+017  ,    1.0230412137302973     
   2.5961144876991277E+017  ,    1.0229986121994243     
   2.5985822771361040E+017  ,    1.0229561278103352     
   2.6010500665730806E+017  ,    1.0229137601368654     
   2.6035178560100573E+017  ,    1.0228715087547757     
   2.6059856454470330E+017  ,    1.0228293732417424     
   2.6084534348840093E+017  ,    1.0227873531773433     
   2.6109212243209859E+017  ,    1.0227454481430516     
   2.6133890137579619E+017  ,    1.0227036577222239     
   2.6158568031949386E+017  ,    1.0226619815000904     
   2.6183245926319149E+017  ,    1.0226204190637440     
   2.6207923820688915E+017  ,    1.0225789700021328     
   2.6232601715058675E+017  ,    1.0225376339060470     
   2.6257279609428435E+017  ,    1.0224964103681107     
   2.6281957503798205E+017  ,    1.0224552989827711     
   2.6306635398167965E+017  ,    1.0224142993462906     
   2.6331313292537731E+017  ,    1.0223734110567373     
   2.6355991186907494E+017  ,    1.0223326337139718     
   2.6380669081277258E+017  ,    1.0222919669196402     
   2.6405346975647027E+017  ,    1.0222514102771654     
   2.6430024870016784E+017  ,    1.0222109633917373     
   2.6454702764386547E+017  ,    1.0221706258703003     
   2.6479380658756310E+017  ,    1.0221303973215494     
   2.6504058553126074E+017  ,    1.0220902773559148     
   2.6528736447495837E+017  ,    1.0220502655855581     
   2.6553414341865600E+017  ,    1.0220103616243608     
   2.6578092236235370E+017  ,    1.0219705650879134     
   2.6602770130605126E+017  ,    1.0219308755935108     
   2.6627448024974896E+017  ,    1.0218912927601391     
   2.6652125919344656E+017  ,    1.0218518162084687     
   2.6676803813714422E+017  ,    1.0218124455608448     
   2.6701481708084182E+017  ,    1.0217731804412795     
   2.6726159602453946E+017  ,    1.0217340204754415     
   2.6750837496823715E+017  ,    1.0216949652906493     
   2.6775515391193472E+017  ,    1.0216560145158606     
   2.6800193285563242E+017  ,    1.0216171677816643     
   2.6824871179933005E+017  ,    1.0215784247202735     
   2.6849549074302768E+017  ,    1.0215397849655146     
   2.6874226968672531E+017  ,    1.0215012481528198     
   2.6898904863042288E+017  ,    1.0214628139192192     
   2.6923582757412058E+017  ,    1.0214244819033333     
   2.6948260651781821E+017  ,    1.0213862517453620     
   2.6972938546151578E+017  ,    1.0213481230870769     
   2.6997616440521347E+017  ,    1.0213100955718171     
   2.7022294334891110E+017  ,    1.0212721688444750     
   2.7046972229260877E+017  ,    1.0212343425514927     
   2.7071650123630640E+017  ,    1.0211966163408530     
   2.7096328018000403E+017  ,    1.0211589898620690     
   2.7121005912370166E+017  ,    1.0211214627661791     
   2.7145683806739923E+017  ,    1.0210840347057377     
   2.7170361701109693E+017  ,    1.0210467053348082     
   2.7195039595479456E+017  ,    1.0210094743089542     
   2.7219717489849219E+017  ,    1.0209723412852310     
   2.7244395384218982E+017  ,    1.0209353059221806     
   2.7269073278588746E+017  ,    1.0208983678798225     
   2.7293751172958509E+017  ,    1.0208615268196448     
   2.7318429067328272E+017  ,    1.0208247824045984     
   2.7343106961698035E+017  ,    1.0207881342990892     
   2.7367784856067802E+017  ,    1.0207515821689701     
   2.7392462750437568E+017  ,    1.0207151256815328     
   2.7417140644807328E+017  ,    1.0206787645055024     
   2.7441818539177091E+017  ,    1.0206424983110298     
   2.7466496433546854E+017  ,    1.0206063267696819     
   2.7491174327916618E+017  ,    1.0205702495544366     
   2.7515852222286381E+017  ,    1.0205342663396750     
   2.7540530116656144E+017  ,    1.0204983768011748     
   2.7565208011025907E+017  ,    1.0204625806161010     
   2.7589885905395670E+017  ,    1.0204268774630030     
   2.7614563799765434E+017  ,    1.0203912670218018     
   2.7639241694135203E+017  ,    1.0203557489737887     
   2.7663919588504960E+017  ,    1.0203203230016145     
   2.7688597482874723E+017  ,    1.0202849887892826     
   2.7713275377244490E+017  ,    1.0202497460221460     
   2.7737953271614253E+017  ,    1.0202145943868959     
   2.7762631165984022E+017  ,    1.0201795335715584     
   2.7787309060353779E+017  ,    1.0201445632654824     
   2.7811986954723549E+017  ,    1.0201096831593408     
   2.7836664849093312E+017  ,    1.0200748929451169     
   2.7861342743463069E+017  ,    1.0200401923161024     
   2.7886020637832832E+017  ,    1.0200055809668860     
   2.7910698532202595E+017  ,    1.0199710585933521     
   2.7935376426572365E+017  ,    1.0199366248926716     
   2.7960054320942122E+017  ,    1.0199022795632939     
   2.7984732215311891E+017  ,    1.0198680223049432     
   2.8009410109681654E+017  ,    1.0198338528186117     
   2.8034088004051418E+017  ,    1.0197997708065503     
   2.8058765898421181E+017  ,    1.0197657759722676     
   2.8083443792790947E+017  ,    1.0197318680205176     
   2.8108121687160710E+017  ,    1.0196980466572991     
   2.8132799581530474E+017  ,    1.0196643115898438     
   2.8157477475900230E+017  ,    1.0196306625266143     
   2.8182155370270000E+017  ,    1.0195970991772960     
   2.8206833264639763E+017  ,    1.0195636212527937     
   2.8231511159009526E+017  ,    1.0195302284652206     
   2.8256189053379290E+017  ,    1.0194969205278968     
   2.8280866947749053E+017  ,    1.0194636971553408     
   2.8305544842118816E+017  ,    1.0194305580632650     
   2.8330222736488579E+017  ,    1.0193975029685676     
   2.8354900630858342E+017  ,    1.0193645315893287     
   2.8379578525228106E+017  ,    1.0193316436448048     
   2.8404256419597869E+017  ,    1.0192988388554205     
   2.8428934313967635E+017  ,    1.0192661169427648     
   2.8453612208337398E+017  ,    1.0192334776295848     
   2.8478290102707162E+017  ,    1.0192009206397794     
   2.8502967997076925E+017  ,    1.0191684456983934     
   2.8527645891446688E+017  ,    1.0191360525316142     
   2.8552323785816451E+017  ,    1.0191037408667620     
   2.8577001680186221E+017  ,    1.0190715104322898     
   2.8601679574555978E+017  ,    1.0190393609577701     
   2.8626357468925741E+017  ,    1.0190072921738973     
   2.8651035363295504E+017  ,    1.0189753038124783     
   2.8675713257665267E+017  ,    1.0189433956064258     
   2.8700391152035030E+017  ,    1.0189115672897551     
   2.8725069046404794E+017  ,    1.0188798185975796     
   2.8749746940774560E+017  ,    1.0188481492661006     
   2.8774424835144323E+017  ,    1.0188165590326084     
   2.8799102729514086E+017  ,    1.0187850476354723     
   2.8823780623883853E+017  ,    1.0187536148141356     
   2.8848458518253619E+017  ,    1.0187222603091137     
   2.8873136412623373E+017  ,    1.0186909838619842     
   2.8897814306993139E+017  ,    1.0186597852153871     
   2.8922492201362906E+017  ,    1.0186286641130136     
   2.8947170095732672E+017  ,    1.0185976202996057     
   2.8971847990102432E+017  ,    1.0185666535209477     
   2.8996525884472198E+017  ,    1.0185357635238654     
   2.9021203778841965E+017  ,    1.0185049500562169     
   2.9045881673211718E+017  ,    1.0184742128668873     
   2.9070559567581491E+017  ,    1.0184435517057886     
   2.9095237461951251E+017  ,    1.0184129663238493     
   2.9119915356321018E+017  ,    1.0183824564730120     
   2.9144593250690771E+017  ,    1.0183520219062292     
   2.9169271145060544E+017  ,    1.0183216623774571     
   2.9193949039430304E+017  ,    1.0182913776416500     
   2.9218626933800070E+017  ,    1.0182611674547566     
   2.9243304828169830E+017  ,    1.0182310315737162     
   2.9267982722539597E+017  ,    1.0182009697564518     
   2.9292660616909357E+017  ,    1.0181709817618669     
   2.9317338511279123E+017  ,    1.0181410673498383     
   2.9342016405648883E+017  ,    1.0181112262812171     
   2.9366694300018650E+017  ,    1.0180814583178155     
   2.9391372194388416E+017  ,    1.0180517632224102     
   2.9416050088758176E+017  ,    1.0180221407587333     
   2.9440727983127942E+017  ,    1.0179925906914686     
   2.9465405877497702E+017  ,    1.0179631127862476     
   2.9490083771867469E+017  ,    1.0179337068096435     
   2.9514761666237229E+017  ,    1.0179043725291699     
   2.9539439560606995E+017  ,    1.0178751097132712     
   2.9564117454976755E+017  ,    1.0178459181313231     
   2.9588795349346522E+017  ,    1.0178167975536263     
   2.9613473243716282E+017  ,    1.0177877477513999     
   2.9638151138086048E+017  ,    1.0177587684967817     
   2.9662829032455814E+017  ,    1.0177298595628188     
   2.9687506926825574E+017  ,    1.0177010207234665     
   2.9712184821195341E+017  ,    1.0176722517535819     
   2.9736862715565101E+017  ,    1.0176435524289227     
   2.9761540609934874E+017  ,    1.0176149225261399     
   2.9786218504304627E+017  ,    1.0175863618227743     
   2.9810896398674394E+017  ,    1.0175578700972536     
   2.9835574293044160E+017  ,    1.0175294471288847     
   2.9860252187413926E+017  ,    1.0175010926978540     
   2.9884930081783680E+017  ,    1.0174728065852217     
   2.9909607976153446E+017  ,    1.0174445885729151     
   2.9934285870523213E+017  ,    1.0174164384437281     
   2.9958963764892973E+017  ,    1.0173883559813144     
   2.9983641659262739E+017  ,    1.0173603409701852     
   3.0008319553632506E+017  ,    1.0173323931957048     
   3.0032997448002272E+017  ,    1.0173045124440863     
   3.0057675342372032E+017  ,    1.0172766985023860     
   3.0082353236741798E+017  ,    1.0172489511585021     
   3.0107031131111552E+017  ,    1.0172212702011705     
   3.0131709025481325E+017  ,    1.0171936554199588     
   3.0156386919851078E+017  ,    1.0171661066052626     
   3.0181064814220851E+017  ,    1.0171386235483049     
   3.0205742708590611E+017  ,    1.0171112060411291     
   3.0230420602960371E+017  ,    1.0170838538765941     
   3.0255098497330138E+017  ,    1.0170565668483753     
   3.0279776391699904E+017  ,    1.0170293447509553     
   3.0304454286069664E+017  ,    1.0170021873796236     
   3.0329132180439424E+017  ,    1.0169750945304716     
   3.0353810074809197E+017  ,    1.0169480660003893     
   3.0378487969178957E+017  ,    1.0169211015870612     
   3.0403165863548723E+017  ,    1.0168942010889617     
   3.0427843757918483E+017  ,    1.0168673643053545     
   3.0452521652288250E+017  ,    1.0168405910362852     
   3.0477199546658010E+017  ,    1.0168138810825798     
   3.0501877441027776E+017  ,    1.0167872342458415     
   3.0526555335397536E+017  ,    1.0167606503284441     
   3.0551233229767302E+017  ,    1.0167341291335326     
   3.0575911124137062E+017  ,    1.0167076704650144     
   3.0600589018506829E+017  ,    1.0166812741275637     
   3.0625266912876589E+017  ,    1.0166549399266085     
   3.0649944807246355E+017  ,    1.0166286676683343     
   3.0674622701616115E+017  ,    1.0166024571596766     
   3.0699300595985882E+017  ,    1.0165763082083199     
   3.0723978490355648E+017  ,    1.0165502206226924     
   3.0748656384725408E+017  ,    1.0165241942119636     
   3.0773334279095174E+017  ,    1.0164982287860407     
   3.0798012173464934E+017  ,    1.0164723241555660     
   3.0822690067834701E+017  ,    1.0164464801319093     
   3.0847367962204467E+017  ,    1.0164206965271707     
   3.0872045856574227E+017  ,    1.0163949731541750     
   3.0896723750943987E+017  ,    1.0163693098264663     
   3.0921401645313754E+017  ,    1.0163437063583050     
   3.0946079539683514E+017  ,    1.0163181625646680     
   3.0970757434053280E+017  ,    1.0162926782612423     
   3.0995435328423040E+017  ,    1.0162672532644219     
   3.1020113222792806E+017  ,    1.0162418873913059     
   3.1044791117162573E+017  ,    1.0162165804596934     
   3.1069469011532333E+017  ,    1.0161913322880833     
   3.1094146905902106E+017  ,    1.0161661426956667     
   3.1118824800271866E+017  ,    1.0161410115023293     
   3.1143502694641626E+017  ,    1.0161159385286427     
   3.1168180589011392E+017  ,    1.0160909235958646     
   3.1192858483381158E+017  ,    1.0160659665259353     
   3.1217536377750918E+017  ,    1.0160410671414741     
   3.1242214272120685E+017  ,    1.0160162252657747     
   3.1266892166490445E+017  ,    1.0159914407228059     
   3.1291570060860211E+017  ,    1.0159667133372046     
   3.1316247955229965E+017  ,    1.0159420429342756     
   3.1340925849599731E+017  ,    1.0159174293399860     
   3.1365603743969498E+017  ,    1.0158928723809668     
   3.1390281638339264E+017  ,    1.0158683718845016     
   3.1414959532709024E+017  ,    1.0158439276785332     
   3.1439637427078784E+017  ,    1.0158195395916545     
   3.1464315321448557E+017  ,    1.0157952074531076     
   3.1488993215818317E+017  ,    1.0157709310927792     
   3.1513671110188083E+017  ,    1.0157467103412017     
   3.1538349004557843E+017  ,    1.0157225450295446     
   3.1563026898927610E+017  ,    1.0156984349896159     
   3.1587704793297370E+017  ,    1.0156743800538583     
   3.1612382687667136E+017  ,    1.0156503800553465     
   3.1637060582036896E+017  ,    1.0156264348277815     
   3.1661738476406662E+017  ,    1.0156025442054923     
   3.1686416370776422E+017  ,    1.0155787080234300     
   3.1711094265146189E+017  ,    1.0155549261171659     
   3.1735772159515955E+017  ,    1.0155311983228887     
   3.1760450053885722E+017  ,    1.0155075244774032     
   3.1785127948255475E+017  ,    1.0154839044181234     
   3.1809805842625248E+017  ,    1.0154603379830740     
   3.1834483736995014E+017  ,    1.0154368250108863     
   3.1859161631364768E+017  ,    1.0154133653407942     
   3.1883839525734534E+017  ,    1.0153899588126347     
   3.1908517420104294E+017  ,    1.0153666052668415     
   3.1933195314474061E+017  ,    1.0153433045444431     
   3.1957873208843821E+017  ,    1.0153200564870641     
   3.1982551103213587E+017  ,    1.0152968609369153     
   3.2007228997583347E+017  ,    1.0152737177367988     
   3.2031906891953114E+017  ,    1.0152506267301005     
   3.2056584786322880E+017  ,    1.0152275877607884     
   3.2081262680692640E+017  ,    1.0152046006734119     
   3.2105940575062406E+017  ,    1.0151816653130956     
   3.2130618469432173E+017  ,    1.0151587815255401     
   3.2155296363801933E+017  ,    1.0151359491570193     
   3.2179974258171699E+017  ,    1.0151131680543746     
   3.2204652152541466E+017  ,    1.0150904380650159     
   3.2229330046911226E+017  ,    1.0150677590369184     
   3.2254007941280992E+017  ,    1.0150451308186170     
   3.2278685835650752E+017  ,    1.0150225532592094     
   3.2303363730020518E+017  ,    1.0150000262083496     
   3.2328041624390272E+017  ,    1.0149775495162452     
   3.2352719518760038E+017  ,    1.0149551230336569     
   3.2377397413129798E+017  ,    1.0149327466118949     
   3.2402075307499571E+017  ,    1.0149104201028178     
   3.2426753201869331E+017  ,    1.0148881433588290     
   3.2451431096239091E+017  ,    1.0148659162328741     
   3.2476108990608858E+017  ,    1.0148437385784388     
   3.2500786884978618E+017  ,    1.0148216102495480     
   3.2525464779348390E+017  ,    1.0147995311007609     
   3.2550142673718150E+017  ,    1.0147775009871705     
   3.2574820568087917E+017  ,    1.0147555197644000     
   3.2599498462457677E+017  ,    1.0147335872886034     
   3.2624176356827443E+017  ,    1.0147117034164574     
   3.2648854251197203E+017  ,    1.0146898680051659     
   3.2673532145566970E+017  ,    1.0146680809124526     
   3.2698210039936730E+017  ,    1.0146463419965617     
   3.2722887934306496E+017  ,    1.0146246511162529     
   3.2747565828676262E+017  ,    1.0146030081308024     
   3.2772243723046029E+017  ,    1.0145814128999995     
   3.2796921617415789E+017  ,    1.0145598652841414     
   3.2821599511785542E+017  ,    1.0145383651440356     
   3.2846277406155309E+017  ,    1.0145169123409947     
   3.2870955300525075E+017  ,    1.0144955067368360     
   3.2895633194894842E+017  ,    1.0144741481938777     
   3.2920311089264602E+017  ,    1.0144528365749372     
   3.2944988983634368E+017  ,    1.0144315717433290     
   3.2969666878004128E+017  ,    1.0144103535628639     
   3.2994344772373901E+017  ,    1.0143891818978437     
   3.3019022666743654E+017  ,    1.0143680566130648     
   3.3043700561113421E+017  ,    1.0143469775738079     
   3.3068378455483181E+017  ,    1.0143259446458419     
   3.3093056349852947E+017  ,    1.0143049576954211     
   3.3117734244222714E+017  ,    1.0142840165892819     
   3.3142412138592480E+017  ,    1.0142631211946405     
   3.3167090032962246E+017  ,    1.0142422713791908     
   3.3191767927332000E+017  ,    1.0142214670111054     
   3.3216445821701766E+017  ,    1.0142007079590276     
   3.3241123716071533E+017  ,    1.0141799940920757     
   3.3265801610441299E+017  ,    1.0141593252798369     
   3.3290479504811059E+017  ,    1.0141387013923668     
   3.3315157399180819E+017  ,    1.0141181223001863     
   3.3339835293550592E+017  ,    1.0140975878742808     
   3.3364513187920346E+017  ,    1.0140770979860991     
   3.3389191082290106E+017  ,    1.0140566525075476     
   3.3413868976659872E+017  ,    1.0140362513109937     
   3.3438546871029638E+017  ,    1.0140158942692585     
   3.3463224765399405E+017  ,    1.0139955812556187     
   3.3487902659769165E+017  ,    1.0139753121438029     
   3.3512580554138931E+017  ,    1.0139550868079905     
   3.3537258448508698E+017  ,    1.0139349051228079     
   3.3561936342878451E+017  ,    1.0139147669633317     
   3.3586614237248224E+017  ,    1.0138946722050781     
   3.3611292131617984E+017  ,    1.0138746207240092     
   3.3635970025987750E+017  ,    1.0138546123965284     
   3.3660647920357510E+017  ,    1.0138346470994761     
   3.3685325814727277E+017  ,    1.0138147247101312     
   3.3710003709097043E+017  ,    1.0137948451062082     
   3.3734681603466803E+017  ,    1.0137750081658536     
   3.3759359497836563E+017  ,    1.0137552137676455     
   3.3784037392206323E+017  ,    1.0137354617905947     
   3.3808715286576090E+017  ,    1.0137157521141360     
   3.3833393180945862E+017  ,    1.0136960846181340     
   3.3858071075315622E+017  ,    1.0136764591828740     
   3.3882748969685382E+017  ,    1.0136568756890667     
   3.3907426864055142E+017  ,    1.0136373340178435     
   3.3932104758424902E+017  ,    1.0136178340507520     
   3.3956782652794675E+017  ,    1.0135983756697613     
   3.3981460547164435E+017  ,    1.0135789587572515     
   3.4006138441534202E+017  ,    1.0135595831960209     
   3.4030816335903962E+017  ,    1.0135402488692760     
   3.4055494230273734E+017  ,    1.0135209556606357     
   3.4080172124643494E+017  ,    1.0135017034541274     
   3.4104850019013254E+017  ,    1.0134824921341847     
   3.4129527913383014E+017  ,    1.0134633215856459     
   3.4154205807752781E+017  ,    1.0134441916937544     
   3.4178883702122547E+017  ,    1.0134251023441536     
   3.4203561596492314E+017  ,    1.0134060534228875     
   3.4228239490862080E+017  ,    1.0133870448164002     
   3.4252917385231840E+017  ,    1.0133680764115292     
   3.4277595279601594E+017  ,    1.0133491480955101     
   3.4302273173971360E+017  ,    1.0133302597559712     
   3.4326951068341126E+017  ,    1.0133114112809309     
   3.4351628962710886E+017  ,    1.0132926025588009     
   3.4376306857080653E+017  ,    1.0132738334783777     
   3.4400984751450413E+017  ,    1.0132551039288475     
   3.4425662645820186E+017  ,    1.0132364137997814     
   3.4450340540189946E+017  ,    1.0132177629811332     
   3.4475018434559706E+017  ,    1.0131991513632395     
   3.4499696328929472E+017  ,    1.0131805788368171     
   3.4524374223299232E+017  ,    1.0131620452929635     
   3.4549052117669005E+017  ,    1.0131435506231496     
   3.4573730012038765E+017  ,    1.0131250947192265     
   3.4598407906408531E+017  ,    1.0131066774734174     
   3.4623085800778291E+017  ,    1.0130882987783190     
   3.4647763695148058E+017  ,    1.0130699585268976     
   3.4672441589517818E+017  ,    1.0130516566124907     
   3.4697119483887584E+017  ,    1.0130333929288042     
   3.4721797378257344E+017  ,    1.0130151673699099     
   3.4746475272627110E+017  ,    1.0129969798302432     
   3.4771153166996877E+017  ,    1.0129788302046066     
   3.4795831061366643E+017  ,    1.0129607183881615     
   3.4820508955736397E+017  ,    1.0129426442764318     
   3.4845186850106157E+017  ,    1.0129246077652996     
   3.4869864744475923E+017  ,    1.0129066087510052     
   3.4894542638845690E+017  ,    1.0128886471301444     
   3.4919220533215456E+017  ,    1.0128707227996689     
   3.4943898427585216E+017  ,    1.0128528356568833     
   3.4968576321954982E+017  ,    1.0128349855994414     
   3.4993254216324742E+017  ,    1.0128171725253523     
   3.5017932110694509E+017  ,    1.0127993963329704     
   3.5042610005064269E+017  ,    1.0127816569209984     
   3.5067287899434035E+017  ,    1.0127639541884854     
   3.5091965793803795E+017  ,    1.0127462880348252     
   3.5116643688173568E+017  ,    1.0127286583597555     
   3.5141321582543328E+017  ,    1.0127110650633551     
   3.5165999476913094E+017  ,    1.0126935080460426     
   3.5190677371282848E+017  ,    1.0126759872085778     
   3.5215355265652614E+017  ,    1.0126585024520556     
   3.5240033160022381E+017  ,    1.0126410536779094     
   3.5264711054392147E+017  ,    1.0126236407879075     
   3.5289388948761907E+017  ,    1.0126062636841500     
   3.5314066843131667E+017  ,    1.0125889222690709     
   3.5338744737501434E+017  ,    1.0125716164454357     
   3.5363422631871194E+017  ,    1.0125543461163364     
   3.5388100526240960E+017  ,    1.0125371111851971     
   3.5412778420610720E+017  ,    1.0125199115557670     
   3.5437456314980486E+017  ,    1.0125027471321195     
   3.5462134209350246E+017  ,    1.0124856178186552     
   3.5486812103720019E+017  ,    1.0124685235200959     
   3.5511489998089779E+017  ,    1.0124514641414848     
   3.5536167892459546E+017  ,    1.0124344395881868     
   3.5560845786829306E+017  ,    1.0124174497658851     
   3.5585523681199066E+017  ,    1.0124004945805807     
   3.5610201575568838E+017  ,    1.0123835739385911     
   3.5634879469938598E+017  ,    1.0123666877465489     
   3.5659557364308365E+017  ,    1.0123498359114014     
   3.5684235258678125E+017  ,    1.0123330183404082     
   3.5708913153047898E+017  ,    1.0123162349411405     
   3.5733591047417651E+017  ,    1.0122994856214789     
   3.5758268941787411E+017  ,    1.0122827702896131     
   3.5782946836157171E+017  ,    1.0122660888540429     
   3.5807624730526938E+017  ,    1.0122494412235710     
   3.5832302624896704E+017  ,    1.0122328273073076     
   3.5856980519266470E+017  ,    1.0122162470146667     
   3.5881658413636230E+017  ,    1.0121997002553651     
   3.5906336308005990E+017  ,    1.0121831869394204     
   3.5931014202375757E+017  ,    1.0121667069771514     
   3.5955692096745523E+017  ,    1.0121502602791763     
   3.5980369991115290E+017  ,    1.0121338467564109     
   3.6005047885485050E+017  ,    1.0121174663200672     
   3.6029725779854816E+017  ,    1.0121011188816553     
   3.6054403674224576E+017  ,    1.0120848043529760     
   3.6079081568594349E+017  ,    1.0120685226461275     
   3.6103759462964102E+017  ,    1.0120522736734967     
   3.6128437357333869E+017  ,    1.0120360573477627     
   3.6153115251703629E+017  ,    1.0120198735818962     
   3.6177793146073395E+017  ,    1.0120037222891543     
   3.6202471040443162E+017  ,    1.0119876033830819     
   3.6227148934812928E+017  ,    1.0119715167775114     
   3.6251826829182688E+017  ,    1.0119554623865601     
   3.6276504723552442E+017  ,    1.0119394401246284     
   3.6301182617922208E+017  ,    1.0119234499064007     
   3.6325860512291974E+017  ,    1.0119074916468438     
   3.6350538406661741E+017  ,    1.0118915652612046     
   3.6375216301031501E+017  ,    1.0118756706650083     
   3.6399894195401267E+017  ,    1.0118598077740617     
   3.6424572089771034E+017  ,    1.0118439765044465     
   3.6449249984140800E+017  ,    1.0118281767725219     
   3.6473927878510554E+017  ,    1.0118124084949216     
   3.6498605772880320E+017  ,    1.0117966715885560     
   3.6523283667250080E+017  ,    1.0117809659706047     
   3.6547961561619853E+017  ,    1.0117652915585227     
   3.6572639455989613E+017  ,    1.0117496482700341     
   3.6597317350359379E+017  ,    1.0117340360231335     
   3.6621995244729139E+017  ,    1.0117184547360847     
   3.6646673139098899E+017  ,    1.0117029043274191     
   3.6671351033468672E+017  ,    1.0116873847159351     
   3.6696028927838432E+017  ,    1.0116718958206956     
   3.6720706822208198E+017  ,    1.0116564375610300     
   3.6745384716577958E+017  ,    1.0116410098565292     
   3.6770062610947718E+017  ,    1.0116256126270500     
   3.6794740505317491E+017  ,    1.0116102457927070     
   3.6819418399687245E+017  ,    1.0115949092738787     
   3.6844096294057005E+017  ,    1.0115796029912005     
   3.6868774188426771E+017  ,    1.0115643268655676     
   3.6893452082796538E+017  ,    1.0115490808181333     
   3.6918129977166304E+017  ,    1.0115338647703056     
   3.6942807871536064E+017  ,    1.0115186786437507     
   3.6967485765905830E+017  ,    1.0115035223603870     
   3.6992163660275597E+017  ,    1.0114883958423877     
   3.7016841554645357E+017  ,    1.0114732990121773     
   3.7041519449015123E+017  ,    1.0114582317924339     
   3.7066197343384883E+017  ,    1.0114431941060853     
   3.7090875237754650E+017  ,    1.0114281858763083     
   3.7115553132124410E+017  ,    1.0114132070265285     
   3.7140231026494182E+017  ,    1.0113982574804199     
   3.7164908920863942E+017  ,    1.0113833371619034     
   3.7189586815233702E+017  ,    1.0113684459951449     
   3.7214264709603456E+017  ,    1.0113535839045555     
   3.7238942603973222E+017  ,    1.0113387508147909     
   3.7263620498342995E+017  ,    1.0113239466507480     
   3.7288298392712755E+017  ,    1.0113091713375681     
   3.7312976287082522E+017  ,    1.0112944248006317     
   3.7337654181452282E+017  ,    1.0112797069655610     
   3.7362332075822042E+017  ,    1.0112650177582156     
   3.7387009970191808E+017  ,    1.0112503571046951     
   3.7411687864561574E+017  ,    1.0112357249313355     
   3.7436365758931334E+017  ,    1.0112211211647111     
   3.7461043653301101E+017  ,    1.0112065457316288     
   3.7485721547670867E+017  ,    1.0111919985591316     
   3.7510399442040634E+017  ,    1.0111774795744990     
   3.7535077336410394E+017  ,    1.0111629887052385     
   3.7559755230780154E+017  ,    1.0111485258790929     
   3.7584433125149914E+017  ,    1.0111340910240354     
   3.7609111019519686E+017  ,    1.0111196840682692     
   3.7633788913889446E+017  ,    1.0111053049402270     
   3.7658466808259213E+017  ,    1.0110909535685697     
   3.7683144702628979E+017  ,    1.0110766298821872     
   3.7707822596998739E+017  ,    1.0110623338101941     
   3.7732500491368506E+017  ,    1.0110480652819316     
   3.7757178385738259E+017  ,    1.0110338242269667     
   3.7781856280108026E+017  ,    1.0110196105750904     
   3.7806534174477786E+017  ,    1.0110054242563158     
   3.7831212068847552E+017  ,    1.0109912652008792     
   3.7855889963217318E+017  ,    1.0109771333392401     
   3.7880567857587085E+017  ,    1.0109630286020759     
   3.7905245751956845E+017  ,    1.0109489509202851     
   3.7929923646326605E+017  ,    1.0109349002249870     
   3.7954601540696365E+017  ,    1.0109208764475170     
   3.7979279435066138E+017  ,    1.0109068795194285     
   3.8003957329435898E+017  ,    1.0108929093724912     
   3.8028635223805664E+017  ,    1.0108789659386925     
   3.8053313118175430E+017  ,    1.0108650491502327     
   3.8077991012545197E+017  ,    1.0108511589395268     
   3.8102668906914957E+017  ,    1.0108372952392035     
   3.8127346801284717E+017  ,    1.0108234579821038     
   3.8152024695654483E+017  ,    1.0108096471012815     
   3.8176702590024243E+017  ,    1.0107958625299991     
   3.8201380484394016E+017  ,    1.0107821042017309     
   3.8226058378763776E+017  ,    1.0107683720501615     
   3.8250736273133542E+017  ,    1.0107546660091820     
   3.8275414167503290E+017  ,    1.0107409860128922     
   3.8300092061873056E+017  ,    1.0107273319955992     
   3.8324769956242822E+017  ,    1.0107137038918157     
   3.8349447850612589E+017  ,    1.0107001016362607     
   3.8374125744982355E+017  ,    1.0106865251638570     
   3.8398803639352115E+017  ,    1.0106729744097325     
   3.8423481533721882E+017  ,    1.0106594493092174     
   3.8448159428091648E+017  ,    1.0106459497978439     
   3.8472837322461408E+017  ,    1.0106324758113472     
   3.8497515216831168E+017  ,    1.0106190272856621     
   3.8522193111200934E+017  ,    1.0106056041569245     
   3.8546871005570694E+017  ,    1.0105922063614690     
   3.8571548899940467E+017  ,    1.0105788338358290     
   3.8596226794310227E+017  ,    1.0105654865167375     
   3.8620904688679994E+017  ,    1.0105521643411222     
   3.8645582583049747E+017  ,    1.0105388672461069     
   3.8670260477419507E+017  ,    1.0105255951690144     
   3.8694938371789280E+017  ,    1.0105123480473595     
   3.8719616266159046E+017  ,    1.0104991258188527     
   3.8744294160528806E+017  ,    1.0104859284213976     
   3.8768972054898566E+017  ,    1.0104727557930910     
   3.8793649949268346E+017  ,    1.0104596078722201     
   3.8818327843638093E+017  ,    1.0104464845972660     
   3.8843005738007859E+017  ,    1.0104333859069001     
   3.8867683632377619E+017  ,    1.0104203117399817     
   3.8892361526747386E+017  ,    1.0104072620355604     
   3.8917039421117152E+017  ,    1.0103942367328762     
   3.8941717315486918E+017  ,    1.0103812357713542     
   3.8966395209856678E+017  ,    1.0103682590906087     
   3.8991073104226445E+017  ,    1.0103553066304396     
   3.9015750998596205E+017  ,    1.0103423783308316     
   3.9040428892965971E+017  ,    1.0103294741319571     
   3.9065106787335738E+017  ,    1.0103165939741712     
   3.9089784681705498E+017  ,    1.0103037377980120     
   3.9114462576075264E+017  ,    1.0102909055442031     
   3.9139140470445024E+017  ,    1.0102780971536485     
   3.9163818364814797E+017  ,    1.0102653125674341     
   3.9188496259184550E+017  ,    1.0102525517268284     
   3.9213174153554310E+017  ,    1.0102398145732776     
   3.9237852047924070E+017  ,    1.0102271010484110     
   3.9262529942293843E+017  ,    1.0102144110940341     
   3.9287207836663603E+017  ,    1.0102017446521323     
   3.9311885731033370E+017  ,    1.0101891016648679     
   3.9336563625403130E+017  ,    1.0101764820745818     
   3.9361241519772890E+017  ,    1.0101638858237900     
   3.9385919414142656E+017  ,    1.0101513128551842     
   3.9410597308512422E+017  ,    1.0101387631116323     
   3.9435275202882189E+017  ,    1.0101262365361765     
   3.9459953097251949E+017  ,    1.0101137330720320     
   3.9484630991621715E+017  ,    1.0101012526625890     
   3.9509308885991482E+017  ,    1.0100887952514075     
   3.9533986780361248E+017  ,    1.0100763607822225     
   3.9558664674731002E+017  ,    1.0100639491989385     
   3.9583342569100768E+017  ,    1.0100515604456322     
   3.9608020463470528E+017  ,    1.0100391944665486     
   3.9632698357840301E+017  ,    1.0100268512061039     
   3.9657376252210061E+017  ,    1.0100145306088824     
   3.9682054146579827E+017  ,    1.0100022326196367     
   3.9706732040949587E+017  ,    1.0099899571832871     
   3.9731409935319341E+017  ,    1.0099777042449216     
   3.9756087829689114E+017  ,    1.0099654737497932     
   3.9780765724058874E+017  ,    1.0099532656433228     
   3.9805443618428640E+017  ,    1.0099410798710939     
   3.9830121512798400E+017  ,    1.0099289163788574     
   3.9854799407168173E+017  ,    1.0099167751125271     
   3.9879477301537933E+017  ,    1.0099046560181792     
   3.9904155195907699E+017  ,    1.0098925590420553     
   3.9928833090277453E+017  ,    1.0098804841305564     
   3.9953510984647219E+017  ,    1.0098684312302473     
   3.9978188879016986E+017  ,    1.0098564002878525     
   4.0002866773386752E+017  ,    1.0098443912502588     
   4.0027544667756512E+017  ,    1.0098324040645110     
   4.0052222562126278E+017  ,    1.0098204386778147     
   4.0076900456496038E+017  ,    1.0098084950375332     
   4.0101578350865805E+017  ,    1.0097965730911893     
   4.0126256245235571E+017  ,    1.0097846727864628     
   4.0150934139605331E+017  ,    1.0097727940711905     
   4.0175612033975098E+017  ,    1.0097609368933649     
   4.0200289928344851E+017  ,    1.0097491012011375     
   4.0224967822714630E+017  ,    1.0097372869428118     
   4.0249645717084390E+017  ,    1.0097254940668472     
   4.0274323611454144E+017  ,    1.0097137225218586     
   4.0299001505823904E+017  ,    1.0097019722566136     
   4.0323679400193670E+017  ,    1.0096902432200332     
   4.0348357294563437E+017  ,    1.0096785353611910     
   4.0373035188933203E+017  ,    1.0096668486293134     
   4.0397713083302963E+017  ,    1.0096551829737759     
   4.0422390977672730E+017  ,    1.0096435383441085     
   4.0447068872042496E+017  ,    1.0096319146899897     
   4.0471746766412256E+017  ,    1.0096203119612488     
   4.0496424660782022E+017  ,    1.0096087301078629     
   4.0521102555151782E+017  ,    1.0095971690799603     
   4.0545780449521549E+017  ,    1.0095856288278162     
   4.0570458343891315E+017  ,    1.0095741093018531     
   4.0595136238261082E+017  ,    1.0095626104526425     
   4.0619814132630842E+017  ,    1.0095511322309016     
   4.0644492027000602E+017  ,    1.0095396745874943     
   4.0669169921370355E+017  ,    1.0095282374734291     
   4.0693847815740134E+017  ,    1.0095168208398622     
   4.0718525710109894E+017  ,    1.0095054246380917     
   4.0743203604479654E+017  ,    1.0094940488195614     
   4.0767881498849414E+017  ,    1.0094826933358592     
   4.0792559393219181E+017  ,    1.0094713581387147     
   4.0817237287588947E+017  ,    1.0094600431800012     
   4.0841915181958707E+017  ,    1.0094487484117340     
   4.0866593076328474E+017  ,    1.0094374737860703     
   4.0891270970698234E+017  ,    1.0094262192553083     
   4.0915948865068000E+017  ,    1.0094149847718863     
   4.0940626759437766E+017  ,    1.0094037702883829     
   4.0965304653807533E+017  ,    1.0093925757575171     
   4.0989982548177293E+017  ,    1.0093814011321474     
   4.1014660442547053E+017  ,    1.0093702463652696     
   4.1039338336916813E+017  ,    1.0093591114100182     
   4.1064016231286586E+017  ,    1.0093479962196661     
   4.1088694125656346E+017  ,    1.0093369007476227     
   4.1113372020026112E+017  ,    1.0093258249474344     
   4.1138049914395872E+017  ,    1.0093147687727846     
   4.1162727808765645E+017  ,    1.0093037321774911     
   4.1187405703135398E+017  ,    1.0092927151155067     
   4.1212083597505158E+017  ,    1.0092817175409228     
   4.1236761491874925E+017  ,    1.0092707394079594     
   4.1261439386244685E+017  ,    1.0092597806709762     
   4.1286117280614458E+017  ,    1.0092488412844614     
   4.1310795174984218E+017  ,    1.0092379212030398     
   4.1335473069353984E+017  ,    1.0092270203814666     
   4.1360150963723738E+017  ,    1.0092161387746299     
   4.1384828858093504E+017  ,    1.0092052763375488     
   4.1409506752463270E+017  ,    1.0091944330253746     
   4.1434184646833037E+017  ,    1.0091836087933885     
   4.1458862541202797E+017  ,    1.0091728035970011     
   4.1483540435572563E+017  ,    1.0091620173917546     
   4.1508218329942330E+017  ,    1.0091512501333191     
   4.1532896224312096E+017  ,    1.0091405017774946     
   4.1557574118681856E+017  ,    1.0091297722802086     
   4.1582252013051616E+017  ,    1.0091190615975167     
   4.1606929907421382E+017  ,    1.0091083696856020     
   4.1631607801791149E+017  ,    1.0090976965007761     
   4.1656285696160915E+017  ,    1.0090870419994742     
   4.1680963590530675E+017  ,    1.0090764061382611     
   4.1705641484900442E+017  ,    1.0090657888738250     
   4.1730319379270189E+017  ,    1.0090551901629810     
   4.1754997273639962E+017  ,    1.0090446099626666     
   4.1779675168009722E+017  ,    1.0090340482299476     
   4.1804353062379488E+017  ,    1.0090235049220104     
   4.1829030956749254E+017  ,    1.0090129799961667     
   4.1853708851119014E+017  ,    1.0090024734098511     
   4.1878386745488787E+017  ,    1.0089919851206193     
   4.1903064639858547E+017  ,    1.0089815150861536     
   4.1927742534228307E+017  ,    1.0089710632642535     
   4.1952420428598067E+017  ,    1.0089606296128417     
   4.1977098322967834E+017  ,    1.0089502140899642     
   4.2001776217337600E+017  ,    1.0089398166537835     
   4.2026454111707366E+017  ,    1.0089294372625845     
   4.2051132006077126E+017  ,    1.0089190758747744     
   4.2075809900446893E+017  ,    1.0089087324488750     
   4.2100487794816646E+017  ,    1.0088984069435303     
   4.2125165689186419E+017  ,    1.0088880993175011     
   4.2149843583556179E+017  ,    1.0088778095296682     
   4.2174521477925939E+017  ,    1.0088675375390290     
   4.2199199372295706E+017  ,    1.0088572833046987     
   4.2223877266665478E+017  ,    1.0088470467859090     
   4.2248555161035238E+017  ,    1.0088368279420088     
   4.2273233055404992E+017  ,    1.0088266267324628     
   4.2297910949774758E+017  ,    1.0088164431168516     
   4.2322588844144518E+017  ,    1.0088062770548707     
   4.2347266738514291E+017  ,    1.0087961285063316     
   4.2371944632884051E+017  ,    1.0087859974311597     
   4.2396622527253818E+017  ,    1.0087758837893943     
   4.2421300421623578E+017  ,    1.0087657875411897     
   4.2445978315993344E+017  ,    1.0087557086468122     
   4.2470656210363104E+017  ,    1.0087456470666418     
   4.2495334104732870E+017  ,    1.0087356027611716     
   4.2520011999102630E+017  ,    1.0087255756910061     
   4.2544689893472397E+017  ,    1.0087155658168623     
   4.2569367787842163E+017  ,    1.0087055730995691     
   4.2594045682211930E+017  ,    1.0086955975000655     
   4.2618723576581696E+017  ,    1.0086856389794017     
   4.2643401470951443E+017  ,    1.0086756974987385     
   4.2668079365321210E+017  ,    1.0086657730193465     
   4.2692757259690970E+017  ,    1.0086558655026059     
   4.2717435154060742E+017  ,    1.0086459749100058     
   4.2742113048430502E+017  ,    1.0086361012031462     
   4.2766790942800269E+017  ,    1.0086262443437324     
   4.2791468837170029E+017  ,    1.0086164042935803     
   4.2816146731539789E+017  ,    1.0086065810146128     
   4.2840824625909555E+017  ,    1.0085967744688598     
   4.2865502520279322E+017  ,    1.0085869846184592     
   4.2890180414649088E+017  ,    1.0085772114256550     
   4.2914858309018848E+017  ,    1.0085674548527976     
   4.2939536203388621E+017  ,    1.0085577148623439     
   4.2964214097758381E+017  ,    1.0085479914168549     
   4.2988891992128147E+017  ,    1.0085382844789996     
   4.3013569886497901E+017  ,    1.0085285940115487     
   4.3038247780867667E+017  ,    1.0085189199773801     
   4.3062925675237434E+017  ,    1.0085092623394738     
   4.3087603569607200E+017  ,    1.0084996210609161     
   4.3112281463976960E+017  ,    1.0084899961048950     
   4.3136959358346726E+017  ,    1.0084803874347019     
   4.3161637252716486E+017  ,    1.0084707950137322     
   4.3186315147086246E+017  ,    1.0084612188054807     
   4.3210993041456013E+017  ,    1.0084516587735488     
   4.3235670935825773E+017  ,    1.0084421148816363     
   4.3260348830195539E+017  ,    1.0084325870935453     
   4.3285026724565299E+017  ,    1.0084230753731804     
   4.3309704618935072E+017  ,    1.0084135796845448     
   4.3334382513304832E+017  ,    1.0084040999917432     
   4.3359060407674598E+017  ,    1.0083946362589813     
   4.3383738302044352E+017  ,    1.0083851884505635     
   4.3408416196414125E+017  ,    1.0083757565308931     
   4.3433094090783885E+017  ,    1.0083663404644736     
   4.3457771985153651E+017  ,    1.0083569402159074     
   4.3482449879523411E+017  ,    1.0083475557498944     
   4.3507127773893178E+017  ,    1.0083381870312325     
   4.3531805668262944E+017  ,    1.0083288340248189     
   4.3556483562632704E+017  ,    1.0083194966956477     
   4.3581161457002464E+017  ,    1.0083101750088086     
   4.3605839351372230E+017  ,    1.0083008689294899     
   4.3630517245741997E+017  ,    1.0082915784229765     
   4.3655195140111763E+017  ,    1.0082823034546478     
   4.3679873034481530E+017  ,    1.0082730439899810     
   4.3704550928851283E+017  ,    1.0082637999945470     
   4.3729228823221043E+017  ,    1.0082545714340139     
   4.3753906717590803E+017  ,    1.0082453582741437     
   4.3778584611960576E+017  ,    1.0082361604807915     
   4.3803262506330336E+017  ,    1.0082269780199100     
   4.3827940400700102E+017  ,    1.0082178108575430     
   4.3852618295069862E+017  ,    1.0082086589598294     
   4.3877296189439629E+017  ,    1.0081995222930014     
   4.3901974083809395E+017  ,    1.0081904008233835     
   4.3926651978179155E+017  ,    1.0081812945173945     
   4.3951329872548922E+017  ,    1.0081722033415426     
   4.3976007766918682E+017  ,    1.0081631272624316     
   4.4000685661288454E+017  ,    1.0081540662467554     
   4.4025363555658214E+017  ,    1.0081450202612994     
   4.4050041450027981E+017  ,    1.0081359892729400     
   4.4074719344397741E+017  ,    1.0081269732486464     
   4.4099397238767494E+017  ,    1.0081179721554763     
   4.4124075133137267E+017  ,    1.0081089859605785     
   4.4148753027507034E+017  ,    1.0081000146311914     
   4.4173430921876787E+017  ,    1.0080910581346443     
   4.4198108816246554E+017  ,    1.0080821164383540     
   4.4222786710616314E+017  ,    1.0080731895098300     
   4.4247464604986086E+017  ,    1.0080642773166664     
   4.4272142499355846E+017  ,    1.0080553798265479     
   4.4296820393725606E+017  ,    1.0080464970072480     
   4.4321498288095373E+017  ,    1.0080376288266282     
   4.4346176182465133E+017  ,    1.0080287752526358     
   4.4370854076834906E+017  ,    1.0080199362533073     
   4.4395531971204666E+017  ,    1.0080111117967661     
   4.4420209865574432E+017  ,    1.0080023018512223     
   4.4444887759944192E+017  ,    1.0079935063849721     
   4.4469565654313952E+017  ,    1.0079847253663992     
   4.4494243548683718E+017  ,    1.0079759587639709     
   4.4518921443053485E+017  ,    1.0079672065462439     
   4.4543599337423245E+017  ,    1.0079584686818568     
   4.4568277231793011E+017  ,    1.0079497451395352     
   4.4592955126162778E+017  ,    1.0079410358880885     
   4.4617633020532544E+017  ,    1.0079323408964134     
   4.4642310914902298E+017  ,    1.0079236601334869     
   4.4666988809272058E+017  ,    1.0079149935683731     
   4.4691666703641824E+017  ,    1.0079063411702192     
   4.4716344598011590E+017  ,    1.0078977029082556     
   4.4741022492381357E+017  ,    1.0078890787517951     
   4.4765700386751117E+017  ,    1.0078804686702356     
   4.4790378281120883E+017  ,    1.0078718726330558     
   4.4815056175490637E+017  ,    1.0078632906098182     
   4.4839734069860410E+017  ,    1.0078547225701666     
   4.4864411964230170E+017  ,    1.0078461684838267     
   4.4889089858599936E+017  ,    1.0078376283206067     
   4.4913767752969696E+017  ,    1.0078291020503951     
   4.4938445647339462E+017  ,    1.0078205896431631     
   4.4963123541709229E+017  ,    1.0078120910689603     
   4.4987801436078995E+017  ,    1.0078036062979185     
   4.5012479330448755E+017  ,    1.0077951353002517     
   4.5037157224818515E+017  ,    1.0077866780462501     
   4.5061835119188282E+017  ,    1.0077782345062853     
   4.5086513013558048E+017  ,    1.0077698046508097     
   4.5111190907927814E+017  ,    1.0077613884503540     
   4.5135868802297574E+017  ,    1.0077529858755281     
   4.5160546696667334E+017  ,    1.0077445968970207     
   4.5185224591037088E+017  ,    1.0077362214855985     
   4.5209902485406861E+017  ,    1.0077278596121075     
   4.5234580379776621E+017  ,    1.0077195112474717     
   4.5259258274146387E+017  ,    1.0077111763626909     
   4.5283936168516147E+017  ,    1.0077028549288458     
   4.5308614062885920E+017  ,    1.0076945469170924     
   4.5333291957255680E+017  ,    1.0076862522986636     
   4.5357969851625446E+017  ,    1.0076779710448691     
   4.5382647745995206E+017  ,    1.0076697031270960     
   4.5407325640364966E+017  ,    1.0076614485168076     
   4.5432003534734739E+017  ,    1.0076532071855433     
   4.5456681429104499E+017  ,    1.0076449791049171     
   4.5481359323474266E+017  ,    1.0076367642466202     
   4.5506037217844026E+017  ,    1.0076285625824177     
   4.5530715112213792E+017  ,    1.0076203740841521     
   4.5555393006583552E+017  ,    1.0076121987237381     
   4.5580070900953318E+017  ,    1.0076040364731662     
   4.5604748795323078E+017  ,    1.0075958873045021     
   4.5629426689692838E+017  ,    1.0075877511898841     
   4.5654104584062605E+017  ,    1.0075796281015257     
   4.5678782478432378E+017  ,    1.0075715180117135     
   4.5703460372802138E+017  ,    1.0075634208928073     
   4.5728138267171891E+017  ,    1.0075553367172410     
   4.5752816161541658E+017  ,    1.0075472654575213     
   4.5777494055911424E+017  ,    1.0075392070862266     
   4.5802171950281190E+017  ,    1.0075311615760090     
   4.5826849844650950E+017  ,    1.0075231288995918     
   4.5851527739020717E+017  ,    1.0075151090297723     
   4.5876205633390477E+017  ,    1.0075071019394175     
   4.5900883527760250E+017  ,    1.0074991076014677     
   4.5925561422130003E+017  ,    1.0074911259889328     
   4.5950239316499770E+017  ,    1.0074831570748959     
   4.5974917210869530E+017  ,    1.0074752008325096     
   4.5999595105239296E+017  ,    1.0074672572349972     
   4.6024272999609062E+017  ,    1.0074593262556535     
   4.6048950893978829E+017  ,    1.0074514078678434     
   4.6073628788348595E+017  ,    1.0074435020450012     
   4.6098306682718342E+017  ,    1.0074356087606311     
   4.6122984577088109E+017  ,    1.0074277279883070     
   4.6147662471457875E+017  ,    1.0074198597016730     
   4.6172340365827642E+017  ,    1.0074120038744412     
   4.6197018260197402E+017  ,    1.0074041604803932     
   4.6221696154567168E+017  ,    1.0073963294933794     
   4.6246374048936928E+017  ,    1.0073885108873188     
   4.6271051943306694E+017  ,    1.0073807046361987     
   4.6295729837676454E+017  ,    1.0073729107140739     
   4.6320407732046221E+017  ,    1.0073651290950678     
   4.6345085626415987E+017  ,    1.0073573597533716     
   4.6369763520785754E+017  ,    1.0073496026632431     
   4.6394441415155514E+017  ,    1.0073418577990081     
   4.6419119309525280E+017  ,    1.0073341251350587     
   4.6443797203895046E+017  ,    1.0073264046458550     
   4.6468475098264800E+017  ,    1.0073186963059224     
   4.6493152992634573E+017  ,    1.0073110000898542     
   4.6517830887004333E+017  ,    1.0073033159723082     
   4.6542508781374099E+017  ,    1.0072956439280090     
   4.6567186675743859E+017  ,    1.0072879839317479     
   4.6591864570113626E+017  ,    1.0072803359583808     
   4.6616542464483392E+017  ,    1.0072726999828281     
   4.6641220358853146E+017  ,    1.0072650759800776     
   4.6665898253222906E+017  ,    1.0072574639251803     
   4.6690576147592672E+017  ,    1.0072498637932523     
   4.6715254041962438E+017  ,    1.0072422755594759     
   4.6739931936332205E+017  ,    1.0072346991990948     
   4.6764609830701971E+017  ,    1.0072271346874195     
   4.6789287725071731E+017  ,    1.0072195819998231     
   4.6813965619441491E+017  ,    1.0072120411117431     
   4.6838643513811251E+017  ,    1.0072045119986806     
   4.6863321408181024E+017  ,    1.0071969946361992     
   4.6887999302550784E+017  ,    1.0071894889999264     
   4.6912677196920550E+017  ,    1.0071819950655527     
   4.6937355091290310E+017  ,    1.0071745128088316     
   4.6962032985660083E+017  ,    1.0071670422055785     
   4.6986710880029843E+017  ,    1.0071595832316722     
   4.7011388774399603E+017  ,    1.0071521358630537     
   4.7036066668769363E+017  ,    1.0071447000757232     
   4.7060744563139130E+017  ,    1.0071372758457466     
   4.7085422457508896E+017  ,    1.0071298631492496     
   4.7110100351878662E+017  ,    1.0071224619624202     
   4.7134778246248429E+017  ,    1.0071150722615061     
   4.7159456140618182E+017  ,    1.0071076940228179     
   4.7184134034987942E+017  ,    1.0071003272227257     
   4.7208811929357709E+017  ,    1.0070929718376611     
   4.7233489823727475E+017  ,    1.0070856278441154     
   4.7258167718097235E+017  ,    1.0070782952186415     
   4.7282845612467002E+017  ,    1.0070709739378514     
   4.7307523506836762E+017  ,    1.0070636639784178     
   4.7332201401206534E+017  ,    1.0070563653170723     
   4.7356879295576294E+017  ,    1.0070490779306061     
   4.7381557189946054E+017  ,    1.0070418017958715     
   4.7406235084315821E+017  ,    1.0070345368897784     
   4.7430912978685581E+017  ,    1.0070272831892955     
   4.7455590873055354E+017  ,    1.0070200406714509     
   4.7480268767425114E+017  ,    1.0070128093133326     
   4.7504946661794880E+017  ,    1.0070055890920846     
   4.7529624556164640E+017  ,    1.0069983799849120     
   4.7554302450534394E+017  ,    1.0069911819690764     
   4.7578980344904166E+017  ,    1.0069839950218968     
   4.7603658239273933E+017  ,    1.0069768191207515     
   4.7628336133643686E+017  ,    1.0069696542430759     
   4.7653014028013453E+017  ,    1.0069625003663623     
   4.7677691922383219E+017  ,    1.0069553574681602     
   4.7702369816752986E+017  ,    1.0069482255260778     
   4.7727047711122746E+017  ,    1.0069411045177790     
   4.7751725605492506E+017  ,    1.0069339944209836     
   4.7776403499862272E+017  ,    1.0069268952134693     
   4.7801081394232038E+017  ,    1.0069198068730698     
   4.7825759288601805E+017  ,    1.0069127293776754     
   4.7850437182971565E+017  ,    1.0069056627052317     
   4.7875115077341331E+017  ,    1.0068986068337409     
   4.7899792971711091E+017  ,    1.0068915617412602     
   4.7924470866080858E+017  ,    1.0068845274059033     
   4.7949148760450618E+017  ,    1.0068775038058384     
   4.7973826654820384E+017  ,    1.0068704909192892     
   4.7998504549190144E+017  ,    1.0068634887245347     
   4.8023182443559910E+017  ,    1.0068564971999086     
   4.8047860337929677E+017  ,    1.0068495163237998     
   4.8072538232299443E+017  ,    1.0068425460746497     
   4.8097216126669197E+017  ,    1.0068355864309573     
   4.8121894021038957E+017  ,    1.0068286373712738     
   4.8146571915408730E+017  ,    1.0068216988742038     
   4.8171249809778490E+017  ,    1.0068147709184085     
   4.8195927704148256E+017  ,    1.0068078534825999     
   4.8220605598518016E+017  ,    1.0068009465455454     
   4.8245283492887782E+017  ,    1.0067940500860648     
   4.8269961387257542E+017  ,    1.0067871640830317     
   4.8294639281627309E+017  ,    1.0067802885153732     
   4.8319317175997069E+017  ,    1.0067734233620684     
   4.8343995070366835E+017  ,    1.0067665686021503     
   4.8368672964736595E+017  ,    1.0067597242147019     
   4.8393350859106368E+017  ,    1.0067528901788627     
   4.8418028753476128E+017  ,    1.0067460664738208     
   4.8442706647845894E+017  ,    1.0067392530788193     
   4.8467384542215654E+017  ,    1.0067324499731511     
   4.8492062436585414E+017  ,    1.0067256571361614     
   4.8516740330955187E+017  ,    1.0067188745472491     
   4.8541418225324947E+017  ,    1.0067121021858612     
   4.8566096119694714E+017  ,    1.0067053400314989     
   4.8590774014064474E+017  ,    1.0066985880637136     
   4.8615451908434234E+017  ,    1.0066918462621066     
   4.8640129802803994E+017  ,    1.0066851146063325     
   4.8664807697173760E+017  ,    1.0066783930760947     
   4.8689485591543520E+017  ,    1.0066716816511481     
   4.8714163485913286E+017  ,    1.0066649803112977     
   4.8738841380283053E+017  ,    1.0066582890363993     
   4.8763519274652819E+017  ,    1.0066516078063585     
   4.8788197169022579E+017  ,    1.0066449366011301     
   4.8812875063392346E+017  ,    1.0066382754007199     
   4.8837552957762106E+017  ,    1.0066316241851834     
   4.8862230852131872E+017  ,    1.0066249829346250     
   4.8886908746501638E+017  ,    1.0066183516291984     
   4.8911586640871398E+017  ,    1.0066117302491076     
   4.8936264535241165E+017  ,    1.0066051187746050     
   4.8960942429610925E+017  ,    1.0065985171859915     
   4.8985620323980698E+017  ,    1.0065919254636180     
   4.9010298218350451E+017  ,    1.0065853435878831     
   4.9034976112720218E+017  ,    1.0065787715392340     
   4.9059654007089971E+017  ,    1.0065722092981675     
   4.9084331901459738E+017  ,    1.0065656568452273     
   4.9109009795829510E+017  ,    1.0065591141610046     
   4.9133687690199270E+017  ,    1.0065525812261404     
   4.9158365584569037E+017  ,    1.0065460580213235     
   4.9183043478938790E+017  ,    1.0065395445272880     
   4.9207721373308557E+017  ,    1.0065330407248185     
   4.9232399267678323E+017  ,    1.0065265465947442     
   4.9257077162048090E+017  ,    1.0065200621179444     
   4.9281755056417850E+017  ,    1.0065135872753432     
   4.9306432950787616E+017  ,    1.0065071220479134     
   4.9331110845157382E+017  ,    1.0065006664166727     
   4.9355788739527149E+017  ,    1.0064942203626872     
